age,annual_income,employment_length_years,home_ownership,credit_history_years,open_credit_lines,past_delinquencies_2yr,credit_utilization,loan_amount,loan_term_months,interest_rate,purpose,debt_to_income,payment_to_income,default
46,38590.0,0.3,MORTGAGE,27.3,6,0,0.193,10863.0,48,9.98,small_business,0.07,0.086,0
38,46502.0,25.5,OWN,12.2,2,0,0.255,6707.0,48,10.84,major_purchase,0.036,0.045,0
48,40187.0,9.7,MORTGAGE,27.8,5,0,0.044,14409.0,36,6.29,debt_consolidation,0.12,0.131,0
58,57251.0,12.2,RENT,38.0,4,0,0.236,9370.0,60,8.77,medical,0.033,0.041,0
37,98577.0,7.1,RENT,2.4,5,0,0.387,29300.0,36,10.61,debt_consolidation,0.099,0.116,0
37,36845.0,1.2,RENT,17.5,5,1,0.069,10250.0,60,9.83,credit_card,0.056,0.071,0
59,89358.0,0.2,RENT,35.2,1,1,0.443,7553.0,12,9.23,medical,0.085,0.089,0
49,36650.0,12.0,RENT,25.1,7,1,0.147,1921.0,24,7.18,debt_consolidation,0.026,0.028,0
34,35461.0,3.0,OWN,15.2,3,0,0.189,13676.0,24,10.75,debt_consolidation,0.193,0.215,0
47,81577.0,1.8,OWN,28.7,4,4,0.29,4427.0,36,10.07,debt_consolidation,0.018,0.021,0
34,85902.0,4.9,OWN,4.9,2,0,0.321,18481.0,36,9.35,debt_consolidation,0.072,0.083,0
34,82926.0,3.3,RENT,14.3,5,1,0.502,12202.0,36,11.65,debt_consolidation,0.049,0.058,0
43,28060.0,6.3,RENT,25.0,4,2,0.298,5976.0,12,7.87,debt_consolidation,0.213,0.222,0
18,42917.0,4.0,MORTGAGE,0.0,6,1,0.268,10751.0,12,12.17,credit_card,0.251,0.267,0
19,81756.0,7.2,MORTGAGE,0.0,2,0,0.305,5222.0,36,7.96,other,0.021,0.024,0
33,55313.0,11.5,RENT,10.5,2,1,0.173,6714.0,24,8.42,debt_consolidation,0.061,0.066,0
28,31671.0,1.3,RENT,1.4,7,0,0.419,13117.0,36,9.42,debt_consolidation,0.138,0.159,0
44,68129.0,2.4,RENT,18.6,2,1,0.437,6645.0,36,6.87,medical,0.033,0.036,0
29,37896.0,3.4,MORTGAGE,2.6,7,0,0.145,7972.0,48,5.81,debt_consolidation,0.053,0.059,0
23,132888.0,19.6,RENT,4.9,2,2,0.183,8057.0,24,6.21,medical,0.03,0.032,0
58,117292.0,2.7,OWN,36.3,7,0,0.317,5822.0,36,7.98,credit_card,0.017,0.019,0
37,73280.0,2.9,RENT,18.2,7,0,0.143,6769.0,36,7.56,credit_card,0.031,0.035,0
41,106991.0,6.4,RENT,22.4,6,1,0.337,9015.0,60,10.4,credit_card,0.017,0.022,1
23,55960.0,3.3,RENT,0.2,7,2,0.265,11162.0,24,8.19,medical,0.1,0.108,0
33,79437.0,18.1,MORTGAGE,13.4,7,0,0.375,35368.0,36,6.95,credit_card,0.148,0.165,0
41,113421.0,13.5,OWN,15.5,4,1,0.283,7115.0,24,11.56,other,0.031,0.035,0
26,61252.0,4.3,OWN,7.9,4,0,0.332,8723.0,36,6.14,credit_card,0.047,0.052,0
45,47687.0,6.2,MORTGAGE,22.1,2,1,0.398,8939.0,48,9.4,home_improvement,0.047,0.056,1
33,23102.0,0.4,RENT,14.6,3,1,0.071,16637.0,36,10.99,debt_consolidation,0.24,0.283,0
36,51971.0,7.1,RENT,17.4,4,0,0.268,8054.0,36,11.75,credit_card,0.052,0.062,0
33,81774.0,7.4,RENT,13.1,5,0,0.09,11985.0,24,6.7,major_purchase,0.073,0.079,0
62,86926.0,2.7,MORTGAGE,42.5,3,1,0.309,29290.0,12,12.55,other,0.337,0.36,0
40,69716.0,1.5,RENT,20.0,4,0,0.121,19235.0,36,7.63,debt_consolidation,0.092,0.103,1
27,41330.0,14.8,MORTGAGE,0.6,2,0,0.428,20031.0,36,8.91,debt_consolidation,0.162,0.185,0
50,20163.0,3.3,OWN,28.8,6,0,0.258,8892.0,36,11.14,home_improvement,0.147,0.174,0
25,42294.0,6.4,RENT,6.0,4,1,0.073,10764.0,24,6.88,debt_consolidation,0.127,0.137,0
43,46529.0,0.2,RENT,24.4,3,0,0.083,19369.0,60,8.41,other,0.083,0.102,0
18,46330.0,3.2,MORTGAGE,0.0,7,0,0.134,30728.0,12,10.05,debt_consolidation,0.663,0.7,1
24,73812.0,10.2,RENT,4.2,5,1,0.253,35295.0,60,10.23,credit_card,0.096,0.123,0
42,146216.0,2.9,MORTGAGE,21.2,9,0,0.377,10137.0,36,11.84,debt_consolidation,0.023,0.028,0
49,57628.0,5.5,RENT,30.1,7,0,0.557,3402.0,12,7.56,debt_consolidation,0.059,0.061,0
42,48612.0,1.4,RENT,19.6,3,0,0.254,18224.0,36,10.09,small_business,0.125,0.145,1
39,47591.0,3.2,MORTGAGE,20.7,4,1,0.078,16279.0,24,9.44,debt_consolidation,0.171,0.188,0
36,57653.0,15.8,RENT,15.5,8,0,0.381,17794.0,48,9.79,credit_card,0.077,0.094,0
22,35805.0,5.0,OWN,1.1,7,1,0.157,14730.0,36,7.34,debt_consolidation,0.137,0.153,0
31,57532.0,13.9,MORTGAGE,12.3,5,2,0.331,52529.0,48,7.65,other,0.228,0.266,0
34,67874.0,13.9,RENT,10.8,3,0,0.459,22757.0,36,6.96,debt_consolidation,0.112,0.124,0
53,60165.0,17.3,RENT,32.1,6,1,0.485,28358.0,60,12.16,home_improvement,0.094,0.126,0
44,68103.0,13.5,MORTGAGE,22.9,2,0,0.058,8077.0,36,7.81,small_business,0.04,0.044,0
19,67297.0,0.0,MORTGAGE,0.0,11,1,0.132,8408.0,24,10.48,debt_consolidation,0.062,0.07,0
44,22338.0,16.3,RENT,18.8,4,0,0.42,6983.0,48,11.68,medical,0.078,0.098,0
35,74491.0,0.9,RENT,13.4,7,0,0.322,4977.0,60,9.09,debt_consolidation,0.013,0.017,0
32,38735.0,0.2,RENT,12.6,7,0,0.434,6950.0,36,6.33,home_improvement,0.06,0.066,0
47,31322.0,0.3,MORTGAGE,28.2,6,0,0.22,13358.0,60,11.8,small_business,0.085,0.113,0
52,31188.0,2.6,RENT,33.8,7,0,0.125,4908.0,12,10.63,debt_consolidation,0.157,0.167,0
51,67290.0,5.8,RENT,32.5,4,0,0.147,4076.0,48,7.08,debt_consolidation,0.015,0.017,0
30,48471.0,3.1,RENT,0.0,2,0,0.553,15540.0,60,8.24,debt_consolidation,0.064,0.078,0
36,23365.0,0.2,OWN,16.4,8,0,0.302,13286.0,36,6.17,debt_consolidation,0.19,0.208,0
44,68804.0,3.9,RENT,19.1,5,1,0.435,17149.0,36,5.46,debt_consolidation,0.083,0.09,0
52,26376.0,3.5,MORTGAGE,33.4,5,0,0.3,12771.0,24,11.86,home_improvement,0.242,0.273,0
34,58099.0,8.5,MORTGAGE,14.3,3,1,0.504,24732.0,24,6.06,other,0.213,0.227,0
38,61038.0,2.0,RENT,10.3,4,0,0.45,7412.0,60,14.08,other,0.024,0.034,0
27,84355.0,1.5,RENT,8.7,2,0,0.334,26910.0,24,8.89,credit_card,0.16,0.175,0
26,132038.0,1.8,MORTGAGE,5.3,7,0,0.083,14099.0,48,9.36,credit_card,0.027,0.032,0
50,27383.0,2.2,MORTGAGE,24.5,6,0,0.276,5608.0,12,10.1,major_purchase,0.205,0.216,0
56,52773.0,5.5,RENT,29.0,1,0,0.193,24456.0,24,6.13,debt_consolidation,0.232,0.247,0
39,47185.0,3.8,MORTGAGE,15.4,4,0,0.362,13912.0,60,6.38,credit_card,0.059,0.069,0
52,67297.0,2.5,MORTGAGE,28.2,6,2,0.262,11201.0,36,7.54,credit_card,0.055,0.062,0
44,60345.0,2.8,OWN,22.8,7,1,0.368,24268.0,36,7.48,credit_card,0.134,0.15,0
32,45421.0,2.8,MORTGAGE,13.3,6,0,0.125,20685.0,36,5.0,debt_consolidation,0.152,0.164,0
44,43458.0,21.5,RENT,22.1,4,0,0.319,13177.0,12,9.75,debt_consolidation,0.303,0.319,0
58,31001.0,1.6,MORTGAGE,28.5,4,1,0.275,4478.0,48,9.15,debt_consolidation,0.036,0.043,0
40,88781.0,10.2,RENT,19.8,10,0,0.498,18466.0,48,9.99,debt_consolidation,0.052,0.063,0
59,68159.0,7.4,RENT,40.1,5,2,0.223,6681.0,60,9.53,home_improvement,0.02,0.025,0
18,85724.0,0.0,MORTGAGE,0.0,8,0,0.3,18144.0,48,6.16,home_improvement,0.053,0.06,0
50,46388.0,29.9,MORTGAGE,28.5,8,0,0.433,16559.0,36,9.52,major_purchase,0.119,0.137,0
41,39010.0,8.5,RENT,22.3,3,0,0.052,12494.0,36,8.25,other,0.107,0.121,0
36,31598.0,6.9,RENT,14.2,6,0,0.184,12214.0,24,7.87,debt_consolidation,0.193,0.21,0
41,64826.0,3.1,MORTGAGE,20.3,7,0,0.322,15837.0,36,12.73,debt_consolidation,0.081,0.098,0
18,32212.0,4.9,RENT,0.0,6,0,0.253,28719.0,36,9.25,small_business,0.297,0.341,0
37,136534.0,1.8,MORTGAGE,17.9,5,0,0.339,29025.0,24,6.52,medical,0.106,0.114,0
44,28175.0,0.2,OWN,25.5,6,0,0.126,7646.0,60,6.64,debt_consolidation,0.054,0.064,0
58,62120.0,10.8,MORTGAGE,37.1,2,1,0.031,14105.0,24,4.6,major_purchase,0.114,0.119,0
34,118590.0,13.6,RENT,13.4,4,0,0.41,15171.0,60,7.07,debt_consolidation,0.026,0.03,0
30,73097.0,1.1,MORTGAGE,10.8,4,0,0.106,5526.0,48,7.05,home_improvement,0.019,0.022,0
34,59150.0,9.3,RENT,14.9,2,1,0.118,13429.0,24,7.67,debt_consolidation,0.114,0.123,0
51,33382.0,8.1,MORTGAGE,31.7,3,0,0.447,9251.0,24,9.66,major_purchase,0.139,0.153,0
44,27150.0,1.2,OWN,24.0,5,0,0.393,7215.0,24,6.01,major_purchase,0.133,0.141,1
34,79620.0,3.3,OWN,5.0,5,0,0.066,7917.0,12,9.78,credit_card,0.099,0.105,1
46,115044.0,3.3,MORTGAGE,23.7,5,0,0.225,3152.0,36,11.64,home_improvement,0.009,0.011,0
41,43503.0,8.6,OWN,17.3,8,1,0.202,8154.0,36,8.4,debt_consolidation,0.062,0.071,0
52,30652.0,10.9,RENT,31.9,3,1,0.181,3555.0,48,9.59,debt_consolidation,0.029,0.035,0
32,15850.0,0.6,RENT,11.8,3,1,0.404,8423.0,36,8.71,other,0.177,0.202,1
36,33177.0,5.0,RENT,17.3,5,0,0.248,3055.0,36,9.42,medical,0.031,0.035,1
35,51183.0,8.6,RENT,13.2,1,1,0.207,16543.0,48,8.26,credit_card,0.081,0.095,0
22,120519.0,9.3,MORTGAGE,2.4,5,0,0.333,13903.0,48,10.52,debt_consolidation,0.029,0.035,0
44,75854.0,1.0,MORTGAGE,21.9,5,0,0.073,24030.0,24,7.18,small_business,0.158,0.171,0
43,63104.0,4.5,MORTGAGE,23.4,3,1,0.534,7315.0,12,10.15,debt_consolidation,0.116,0.122,0
40,44353.0,11.7,RENT,21.7,4,2,0.308,11658.0,36,12.34,medical,0.088,0.105,0
37,40474.0,2.3,MORTGAGE,18.4,5,1,0.463,7966.0,36,8.43,debt_consolidation,0.066,0.074,0
23,109406.0,3.3,RENT,0.0,4,0,0.425,8958.0,60,5.58,credit_card,0.016,0.019,0
35,59896.0,9.8,RENT,16.1,8,1,0.357,13582.0,36,12.16,debt_consolidation,0.076,0.091,0
36,18934.0,0.6,OWN,17.1,3,0,0.185,14482.0,36,4.28,debt_consolidation,0.255,0.272,0
30,38686.0,11.8,RENT,4.0,5,0,0.328,11637.0,36,14.16,major_purchase,0.1,0.124,0
38,35274.0,2.2,RENT,16.8,7,0,0.402,6420.0,36,10.33,debt_consolidation,0.061,0.071,0
45,41228.0,0.0,OWN,26.6,8,0,0.095,21875.0,36,13.28,home_improvement,0.177,0.215,0
63,71787.0,1.6,MORTGAGE,44.5,5,0,0.257,15410.0,48,11.51,medical,0.054,0.067,1
42,51343.0,0.6,MORTGAGE,23.0,1,0,0.151,18569.0,36,7.65,major_purchase,0.121,0.135,0
43,52134.0,0.6,OWN,22.3,4,2,0.211,16803.0,36,8.36,medical,0.107,0.122,0
39,104478.0,7.1,RENT,16.8,3,0,0.487,14321.0,60,9.26,medical,0.027,0.034,0
18,38245.0,1.4,MORTGAGE,0.0,4,0,0.241,15829.0,36,10.33,debt_consolidation,0.138,0.161,0
40,137599.0,16.4,RENT,15.9,4,0,0.318,9288.0,24,8.02,credit_card,0.034,0.037,0
41,38729.0,4.4,MORTGAGE,22.7,1,0,0.575,7257.0,12,9.31,other,0.187,0.197,0
70,56647.0,3.7,OWN,51.3,3,0,0.582,6317.0,24,9.44,major_purchase,0.056,0.061,0
38,47070.0,3.4,OWN,9.4,10,1,0.315,26667.0,12,11.93,medical,0.567,0.604,0
44,57625.0,7.1,MORTGAGE,25.6,2,0,0.519,6225.0,36,7.44,small_business,0.036,0.04,1
40,67663.0,3.6,MORTGAGE,15.4,4,1,0.448,10149.0,24,4.23,medical,0.075,0.078,0
26,67300.0,0.8,OWN,4.3,5,0,0.619,9620.0,36,6.32,debt_consolidation,0.048,0.052,0
54,37177.0,12.7,MORTGAGE,35.8,8,0,0.331,3524.0,24,9.34,home_improvement,0.047,0.052,1
49,30901.0,3.4,OWN,29.0,4,0,0.161,6197.0,24,10.57,other,0.1,0.112,0
49,189394.0,0.5,MORTGAGE,28.8,2,0,0.073,10302.0,48,9.31,credit_card,0.014,0.016,0
29,42532.0,4.5,RENT,2.9,2,1,0.201,7375.0,60,6.56,credit_card,0.035,0.041,0
57,76850.0,6.3,OWN,37.4,5,0,0.137,11160.0,60,7.91,debt_consolidation,0.029,0.035,0
23,24250.0,1.9,MORTGAGE,3.2,4,1,0.593,5590.0,48,9.32,medical,0.058,0.069,1
47,47108.0,9.7,RENT,28.6,4,0,0.174,5878.0,48,4.68,credit_card,0.031,0.034,0
66,50838.0,6.6,RENT,44.9,7,0,0.244,5332.0,36,9.34,debt_consolidation,0.035,0.04,0
28,68625.0,6.3,MORTGAGE,9.3,5,0,0.321,4007.0,24,7.39,debt_consolidation,0.029,0.031,0
33,15000.0,3.3,RENT,14.8,3,0,0.204,10071.0,24,10.19,other,0.336,0.372,0
41,58869.0,19.6,MORTGAGE,5.7,2,1,0.758,15935.0,36,8.3,debt_consolidation,0.09,0.102,0
34,30489.0,1.9,OWN,15.1,4,0,0.264,8546.0,48,9.23,major_purchase,0.07,0.084,0
21,63715.0,5.2,RENT,2.5,5,1,0.174,11641.0,60,11.06,major_purchase,0.037,0.048,0
41,32268.0,2.2,RENT,19.4,4,0,0.117,4551.0,36,9.1,debt_consolidation,0.047,0.054,0
27,35322.0,8.2,RENT,3.8,3,0,0.214,9072.0,36,9.08,debt_consolidation,0.086,0.098,1
46,47249.0,0.3,MORTGAGE,27.8,5,0,0.309,29419.0,36,8.76,medical,0.208,0.237,0
29,32011.0,0.3,RENT,10.7,4,0,0.369,12036.0,36,8.81,major_purchase,0.125,0.143,0
59,42712.0,10.0,RENT,40.7,7,0,0.064,19894.0,36,10.3,debt_consolidation,0.155,0.181,0
31,29831.0,3.4,RENT,12.9,8,0,0.286,8729.0,36,10.26,credit_card,0.098,0.114,0
36,21664.0,2.5,MORTGAGE,14.8,5,1,0.055,6847.0,48,10.06,credit_card,0.079,0.096,0
50,90127.0,5.6,MORTGAGE,29.3,3,0,0.203,8505.0,36,6.88,debt_consolidation,0.031,0.035,0
25,28338.0,7.3,RENT,3.7,7,0,0.275,17781.0,36,10.38,small_business,0.209,0.244,0
43,49546.0,1.3,RENT,22.9,8,0,0.24,7650.0,60,6.4,credit_card,0.031,0.036,0
56,78940.0,1.2,RENT,32.9,7,0,0.273,19455.0,48,8.7,debt_consolidation,0.062,0.073,0
21,39836.0,19.0,MORTGAGE,0.6,6,0,0.122,6806.0,12,9.39,debt_consolidation,0.171,0.18,0
42,35861.0,5.3,RENT,16.5,6,0,0.128,30121.0,48,11.69,home_improvement,0.21,0.264,0
43,60665.0,3.0,RENT,23.0,1,0,0.142,19681.0,60,9.05,credit_card,0.065,0.081,0
49,94747.0,9.7,MORTGAGE,26.3,3,0,0.068,20243.0,48,9.64,debt_consolidation,0.053,0.065,0
25,30192.0,4.5,MORTGAGE,5.4,3,0,0.24,7772.0,48,7.27,credit_card,0.064,0.074,0
24,50258.0,1.7,RENT,4.3,4,0,0.147,17471.0,36,6.87,debt_consolidation,0.116,0.129,0
46,22783.0,1.4,RENT,22.3,2,0,0.282,9215.0,36,8.48,credit_card,0.135,0.153,0
44,44507.0,3.0,MORTGAGE,25.7,10,0,0.03,12542.0,36,9.47,major_purchase,0.094,0.108,0
43,55111.0,11.8,RENT,22.5,4,1,0.169,13661.0,36,9.07,debt_consolidation,0.083,0.095,0
44,35337.0,0.4,MORTGAGE,22.1,4,0,0.307,9658.0,12,7.92,home_improvement,0.273,0.285,0
32,43110.0,1.5,MORTGAGE,9.8,7,0,0.357,15375.0,24,11.55,credit_card,0.178,0.201,0
43,26793.0,13.4,MORTGAGE,22.3,3,1,0.652,9363.0,12,7.1,major_purchase,0.349,0.363,1
44,56305.0,0.8,MORTGAGE,24.2,4,0,0.295,3051.0,36,13.74,other,0.018,0.022,0
31,91844.0,6.0,RENT,12.1,5,0,0.486,13657.0,24,7.69,medical,0.074,0.08,0
62,31302.0,1.4,OWN,36.8,7,0,0.337,8141.0,24,7.86,credit_card,0.13,0.141,0
46,39682.0,5.6,MORTGAGE,26.6,6,0,0.397,10522.0,36,8.84,debt_consolidation,0.088,0.101,0
26,69652.0,2.9,MORTGAGE,3.2,4,0,0.595,6975.0,24,9.0,debt_consolidation,0.05,0.055,0
48,99314.0,0.6,RENT,29.9,4,0,0.135,8974.0,60,7.44,other,0.018,0.022,0
28,25678.0,5.2,MORTGAGE,9.2,6,1,0.372,9810.0,36,8.7,major_purchase,0.127,0.145,0
49,49792.0,6.9,MORTGAGE,29.7,2,0,0.522,6752.0,24,9.45,home_improvement,0.068,0.075,0
54,62415.0,6.8,RENT,32.7,3,1,0.475,14587.0,36,10.58,home_improvement,0.078,0.091,0
30,51481.0,6.1,MORTGAGE,10.8,6,1,0.351,10480.0,60,7.0,medical,0.041,0.048,0
52,15703.0,4.2,MORTGAGE,33.9,2,0,0.444,13099.0,36,4.0,debt_consolidation,0.278,0.296,0
45,69602.0,4.4,MORTGAGE,26.4,4,0,0.188,31085.0,48,5.76,small_business,0.112,0.125,0
50,115806.0,6.1,OWN,31.1,4,0,0.123,32586.0,36,8.07,medical,0.094,0.106,0
63,57431.0,7.0,MORTGAGE,44.4,6,1,0.312,16020.0,12,7.19,debt_consolidation,0.279,0.29,0
37,32353.0,6.4,RENT,18.3,5,0,0.297,14395.0,48,8.77,home_improvement,0.111,0.132,0
31,41917.0,5.3,RENT,8.6,4,2,0.407,31058.0,48,6.85,debt_consolidation,0.185,0.212,0
29,131263.0,1.0,RENT,9.4,5,0,0.144,15703.0,60,8.86,debt_consolidation,0.024,0.03,0
30,85390.0,1.4,MORTGAGE,10.4,9,1,0.398,16467.0,48,10.52,debt_consolidation,0.048,0.059,0
39,74609.0,1.8,RENT,10.8,9,0,0.197,5991.0,36,8.9,medical,0.027,0.031,0
44,64745.0,15.1,RENT,24.2,8,0,0.321,12148.0,60,9.92,home_improvement,0.038,0.048,0
43,38927.0,8.5,MORTGAGE,17.1,7,0,0.393,11558.0,48,12.3,home_improvement,0.074,0.094,0
50,49007.0,4.8,MORTGAGE,30.9,6,0,0.282,5955.0,24,8.58,debt_consolidation,0.061,0.066,0
40,52106.0,1.7,MORTGAGE,20.5,5,1,0.179,33646.0,48,6.25,debt_consolidation,0.161,0.183,0
57,71310.0,0.7,RENT,37.5,3,0,0.016,8797.0,36,6.02,home_improvement,0.041,0.045,0
37,115204.0,13.7,RENT,16.6,4,0,0.12,5295.0,60,10.21,credit_card,0.009,0.012,0
73,94766.0,13.4,MORTGAGE,52.4,6,0,0.403,41652.0,36,10.24,debt_consolidation,0.147,0.171,0
48,26644.0,0.7,MORTGAGE,29.1,2,0,0.342,7625.0,12,9.9,home_improvement,0.286,0.302,1
30,60597.0,9.6,RENT,7.3,5,1,0.291,6287.0,48,12.17,debt_consolidation,0.026,0.033,0
27,78306.0,3.6,RENT,6.9,2,0,0.231,11694.0,12,9.28,debt_consolidation,0.149,0.157,0
46,73823.0,2.3,MORTGAGE,28.0,0,1,0.092,12373.0,12,9.29,home_improvement,0.168,0.176,0
37,39552.0,8.1,MORTGAGE,16.3,9,0,0.233,9338.0,36,9.98,major_purchase,0.079,0.091,0
49,232595.0,5.7,OWN,26.2,2,0,0.273,16270.0,24,11.49,credit_card,0.035,0.039,0
46,28608.0,9.1,OWN,27.1,6,0,0.261,6128.0,24,11.72,debt_consolidation,0.107,0.121,0
39,31521.0,0.5,MORTGAGE,20.9,5,1,0.437,6438.0,36,4.0,debt_consolidation,0.068,0.072,0
30,60888.0,2.3,RENT,7.1,6,0,0.326,39864.0,12,7.83,credit_card,0.655,0.683,1
22,156123.0,2.3,MORTGAGE,0.0,7,0,0.381,13350.0,36,10.73,home_improvement,0.029,0.033,0
35,35664.0,2.4,RENT,16.8,6,1,0.487,7522.0,24,7.93,credit_card,0.105,0.114,0
50,47434.0,4.2,RENT,23.7,4,2,0.173,14042.0,24,11.62,debt_consolidation,0.148,0.167,0
43,92841.0,2.0,RENT,23.7,5,0,0.298,7020.0,36,9.73,medical,0.025,0.029,0
25,53695.0,3.5,RENT,0.0,7,0,0.339,5033.0,48,9.94,medical,0.023,0.028,0
42,45830.0,2.8,RENT,20.9,4,0,0.531,9022.0,36,9.59,credit_card,0.066,0.076,0
45,71885.0,8.0,MORTGAGE,20.4,2,0,0.146,5738.0,36,6.52,major_purchase,0.027,0.029,0
29,62085.0,5.6,MORTGAGE,6.4,5,0,0.441,11425.0,36,11.49,debt_consolidation,0.061,0.073,1
42,90692.0,6.4,MORTGAGE,23.9,6,0,0.544,12232.0,24,12.39,credit_card,0.067,0.076,0
41,103335.0,1.4,MORTGAGE,22.8,6,0,0.308,7346.0,36,12.09,small_business,0.024,0.028,0
26,63165.0,2.4,MORTGAGE,5.8,4,0,0.364,12063.0,36,8.86,medical,0.064,0.073,0
44,62684.0,0.1,RENT,25.6,2,0,0.142,12329.0,24,8.42,debt_consolidation,0.098,0.107,0
47,60298.0,0.7,MORTGAGE,27.1,5,0,0.114,7612.0,48,9.3,home_improvement,0.032,0.038,0
53,69187.0,1.8,MORTGAGE,25.7,5,0,0.317,5494.0,48,11.25,credit_card,0.02,0.025,0
53,55692.0,0.4,RENT,34.0,5,0,0.579,5845.0,36,8.38,credit_card,0.035,0.04,0
23,54160.0,5.5,MORTGAGE,3.0,2,0,0.39,22544.0,24,9.47,credit_card,0.208,0.229,0
29,98549.0,37.7,RENT,9.5,6,1,0.48,4819.0,60,5.93,credit_card,0.01,0.011,0
46,115619.0,0.6,MORTGAGE,25.0,4,0,0.176,11206.0,48,9.64,major_purchase,0.024,0.029,1
46,25495.0,10.3,RENT,27.4,1,0,0.103,11561.0,24,9.56,major_purchase,0.227,0.25,0
46,54448.0,0.8,MORTGAGE,27.1,5,1,0.431,10182.0,36,6.4,debt_consolidation,0.062,0.069,0
75,38394.0,6.7,RENT,51.1,8,1,0.571,13907.0,24,9.94,debt_consolidation,0.181,0.2,1
47,46375.0,6.2,OWN,24.0,8,2,0.117,8223.0,36,8.92,small_business,0.059,0.068,0
54,66254.0,14.0,RENT,31.3,5,1,0.682,8244.0,60,10.57,debt_consolidation,0.025,0.032,0
51,75714.0,0.7,RENT,28.6,7,0,0.452,4861.0,36,5.24,home_improvement,0.021,0.023,0
48,51223.0,2.3,RENT,28.2,8,1,0.353,12002.0,12,8.62,major_purchase,0.234,0.245,0
36,20813.0,0.6,MORTGAGE,14.1,1,0,0.307,12858.0,48,12.58,small_business,0.154,0.197,1
49,33439.0,3.1,MORTGAGE,29.5,4,0,0.356,9519.0,48,4.0,major_purchase,0.071,0.077,0
31,84817.0,14.6,RENT,12.7,5,0,0.448,24608.0,60,8.17,credit_card,0.058,0.071,0
37,15000.0,9.1,MORTGAGE,17.5,1,1,0.191,6243.0,36,7.69,other,0.139,0.156,0
34,98097.0,7.7,MORTGAGE,15.5,7,0,0.149,9711.0,60,9.21,home_improvement,0.02,0.025,0
41,70306.0,4.6,MORTGAGE,21.5,3,0,0.216,13771.0,48,7.9,credit_card,0.049,0.057,0
68,104620.0,12.9,RENT,48.9,3,0,0.391,37112.0,48,9.45,credit_card,0.089,0.107,0
18,49056.0,3.6,RENT,0.0,3,0,0.165,8680.0,36,11.49,debt_consolidation,0.059,0.07,0
48,19328.0,1.0,RENT,28.7,9,0,0.23,13986.0,36,10.64,debt_consolidation,0.241,0.283,0
21,67183.0,10.9,OWN,0.0,4,0,0.2,5134.0,48,8.53,debt_consolidation,0.019,0.023,0
34,102470.0,2.0,RENT,13.8,3,0,0.377,5751.0,24,14.52,debt_consolidation,0.028,0.033,0
53,86022.0,0.3,OWN,27.4,1,0,0.031,30240.0,36,11.34,small_business,0.117,0.139,0
41,38896.0,0.8,MORTGAGE,22.7,5,0,0.526,14995.0,60,6.63,debt_consolidation,0.077,0.091,0
27,56578.0,5.6,MORTGAGE,5.5,4,0,0.17,8502.0,48,8.36,medical,0.038,0.044,0
31,41506.0,5.6,OWN,9.7,5,1,0.573,20624.0,48,11.92,debt_consolidation,0.124,0.157,0
48,35967.0,1.8,RENT,21.0,8,0,0.449,15451.0,24,8.75,debt_consolidation,0.215,0.235,0
31,87351.0,7.8,MORTGAGE,11.6,2,1,0.601,9748.0,36,8.71,credit_card,0.037,0.042,0
43,29769.0,8.9,RENT,23.9,2,1,0.127,6160.0,36,7.02,credit_card,0.069,0.077,0
41,34651.0,15.2,OWN,22.4,2,0,0.399,6349.0,48,11.44,small_business,0.046,0.057,0
32,31194.0,5.3,RENT,13.1,1,0,0.417,12686.0,36,8.48,major_purchase,0.136,0.154,0
66,25716.0,9.1,MORTGAGE,45.9,8,1,0.572,22529.0,36,6.38,debt_consolidation,0.292,0.322,0
48,58291.0,8.4,RENT,24.5,11,0,0.336,27252.0,12,6.72,credit_card,0.468,0.485,0
18,96834.0,1.8,MORTGAGE,0.0,2,0,0.555,4764.0,12,6.56,home_improvement,0.049,0.051,0
42,49393.0,2.2,OWN,23.5,3,1,0.465,9255.0,24,8.74,other,0.094,0.102,0
32,25518.0,3.9,MORTGAGE,13.0,2,0,0.334,20261.0,48,8.65,debt_consolidation,0.198,0.236,1
50,82452.0,0.1,OWN,31.7,7,1,0.351,4814.0,36,7.55,home_improvement,0.019,0.022,0
30,125851.0,2.1,OWN,4.2,9,0,0.155,14225.0,12,7.08,debt_consolidation,0.113,0.117,0
39,39218.0,3.9,MORTGAGE,14.8,4,1,0.167,10581.0,36,13.5,medical,0.09,0.11,0
46,42647.0,0.7,RENT,26.9,4,0,0.063,11319.0,36,5.87,credit_card,0.088,0.097,0
50,70111.0,0.8,MORTGAGE,31.1,5,0,0.259,39394.0,60,8.62,debt_consolidation,0.112,0.139,0
26,121898.0,3.7,RENT,0.9,2,0,0.32,11387.0,48,10.57,home_improvement,0.023,0.029,0
36,41776.0,7.9,RENT,18.0,7,1,0.175,9884.0,24,9.73,debt_consolidation,0.118,0.131,0
34,27827.0,10.8,MORTGAGE,13.2,4,5,0.222,35169.0,48,11.39,debt_consolidation,0.316,0.395,1
32,74288.0,4.7,RENT,6.6,6,3,0.347,20099.0,36,10.18,debt_consolidation,0.09,0.105,0
61,80784.0,3.9,RENT,40.9,5,0,0.44,15226.0,36,12.36,major_purchase,0.063,0.076,0
45,54343.0,2.9,OWN,27.0,5,1,0.243,2621.0,48,6.93,credit_card,0.012,0.014,0
25,40984.0,1.3,RENT,6.3,2,0,0.428,19023.0,60,11.04,medical,0.093,0.121,1
51,89071.0,1.0,RENT,25.3,6,2,0.393,8217.0,36,12.49,other,0.031,0.037,0
65,70546.0,9.4,MORTGAGE,46.9,8,1,0.301,16442.0,48,5.82,credit_card,0.058,0.065,0
52,36893.0,3.8,OWN,32.5,5,0,0.135,8185.0,36,11.92,credit_card,0.074,0.088,1
22,55523.0,9.4,RENT,0.0,3,0,0.11,5032.0,12,10.55,major_purchase,0.091,0.096,0
34,27561.0,7.3,MORTGAGE,10.5,5,0,0.29,12779.0,48,9.21,credit_card,0.116,0.139,0
55,76339.0,1.3,MORTGAGE,35.1,9,2,0.333,13809.0,48,7.23,debt_consolidation,0.045,0.052,0
32,47519.0,4.3,MORTGAGE,13.2,2,0,0.309,6859.0,48,8.51,debt_consolidation,0.036,0.043,0
45,43571.0,3.5,RENT,24.3,7,0,0.181,14563.0,48,5.61,debt_consolidation,0.084,0.093,0
49,53293.0,3.3,OWN,30.1,4,0,0.518,14477.0,36,8.41,medical,0.091,0.103,0
29,55279.0,4.7,OWN,10.1,7,0,0.111,4415.0,36,9.12,credit_card,0.027,0.031,0
39,84750.0,24.1,MORTGAGE,16.1,8,0,0.364,8264.0,48,9.43,other,0.024,0.029,0
18,72805.0,10.1,RENT,0.0,3,0,0.151,6491.0,24,7.66,debt_consolidation,0.045,0.048,0
28,50101.0,14.0,MORTGAGE,10.0,3,0,0.325,8477.0,12,9.13,other,0.169,0.178,0
37,79367.0,0.2,RENT,17.8,7,0,0.103,9063.0,24,9.3,credit_card,0.057,0.063,0
25,66196.0,0.9,MORTGAGE,5.0,6,1,0.256,6417.0,12,13.47,home_improvement,0.097,0.104,0
60,43770.0,0.5,MORTGAGE,38.3,8,1,0.325,33916.0,36,8.19,credit_card,0.258,0.292,0
23,50901.0,1.8,RENT,0.4,8,0,0.23,13558.0,36,10.88,debt_consolidation,0.089,0.104,0
35,50306.0,3.5,RENT,13.7,4,0,0.084,6496.0,36,5.47,small_business,0.043,0.047,0
42,69747.0,6.2,RENT,21.0,5,2,0.505,8469.0,48,10.31,credit_card,0.03,0.037,1
57,45093.0,4.2,MORTGAGE,35.7,6,1,0.188,10427.0,60,8.88,debt_consolidation,0.046,0.057,0
23,44569.0,14.0,MORTGAGE,4.0,3,0,0.37,7212.0,60,8.51,other,0.032,0.04,0
54,144984.0,16.9,RENT,34.6,4,0,0.069,2289.0,12,10.63,debt_consolidation,0.016,0.017,0
40,86670.0,1.1,RENT,19.1,6,0,0.219,6374.0,36,8.16,debt_consolidation,0.025,0.028,0
28,37038.0,11.5,RENT,9.8,5,2,0.179,24752.0,36,11.61,medical,0.223,0.265,0
46,72076.0,3.9,OWN,26.9,5,0,0.483,57088.0,12,12.09,major_purchase,0.792,0.845,0
42,57479.0,3.6,RENT,22.4,6,0,0.039,17603.0,24,8.73,medical,0.153,0.167,0
33,65892.0,9.2,MORTGAGE,12.7,6,0,0.156,14303.0,24,12.37,major_purchase,0.109,0.123,0
41,58027.0,0.6,RENT,21.0,4,0,0.087,8648.0,48,7.32,debt_consolidation,0.037,0.043,0
35,98206.0,12.8,OWN,13.2,9,0,0.428,16980.0,60,7.03,other,0.035,0.041,0
41,64396.0,6.7,OWN,21.1,6,1,0.308,13615.0,60,9.29,debt_consolidation,0.042,0.053,0
48,52520.0,12.5,RENT,23.0,0,1,0.295,11621.0,12,5.7,credit_card,0.221,0.228,0
59,91226.0,31.2,MORTGAGE,39.6,2,0,0.348,36957.0,48,7.74,major_purchase,0.101,0.118,0
25,60879.0,4.4,RENT,4.8,5,0,0.666,18109.0,60,10.9,debt_consolidation,0.059,0.077,1
66,57569.0,0.6,RENT,48.0,1,0,0.322,9720.0,48,9.91,debt_consolidation,0.042,0.051,0
18,63387.0,1.1,MORTGAGE,0.0,5,1,0.141,12123.0,36,10.3,debt_consolidation,0.064,0.074,0
38,51699.0,2.3,RENT,14.0,3,0,0.207,16723.0,60,9.09,debt_consolidation,0.065,0.081,0
47,54427.0,0.7,RENT,27.8,5,0,0.146,5495.0,48,5.69,small_business,0.025,0.028,0
43,40403.0,10.1,RENT,24.1,7,0,0.604,8922.0,60,11.3,debt_consolidation,0.044,0.058,0
33,37213.0,2.1,RENT,12.6,7,0,0.183,5962.0,36,11.13,other,0.053,0.063,0
38,32883.0,22.3,MORTGAGE,19.8,6,1,0.188,2858.0,48,10.9,other,0.022,0.027,0
34,27011.0,7.3,RENT,13.7,6,1,0.162,9709.0,36,7.58,debt_consolidation,0.12,0.134,0
33,34896.0,1.1,MORTGAGE,13.9,1,0,0.241,19993.0,48,12.7,credit_card,0.143,0.183,0
50,49656.0,3.9,RENT,30.6,7,1,0.233,13421.0,48,9.56,major_purchase,0.068,0.082,1
44,57043.0,3.8,RENT,21.3,6,0,0.541,29895.0,12,9.95,debt_consolidation,0.524,0.553,0
32,47304.0,4.1,MORTGAGE,10.7,5,0,0.166,38753.0,24,12.16,credit_card,0.41,0.463,0
51,16683.0,4.6,MORTGAGE,31.2,3,0,0.064,15461.0,36,9.86,debt_consolidation,0.309,0.358,1
44,119049.0,0.2,RENT,23.4,6,0,0.062,10908.0,36,9.35,credit_card,0.031,0.035,0
50,93269.0,7.0,MORTGAGE,27.6,3,1,0.141,21978.0,48,10.93,home_improvement,0.059,0.073,0
48,67703.0,4.0,MORTGAGE,25.9,3,0,0.493,9273.0,12,12.22,other,0.137,0.146,0
30,140610.0,9.4,RENT,11.4,7,0,0.472,8353.0,24,10.24,debt_consolidation,0.03,0.033,0
33,33234.0,10.1,RENT,13.9,4,0,0.044,4502.0,36,5.95,debt_consolidation,0.045,0.049,0
49,139220.0,1.6,RENT,29.7,3,1,0.419,18957.0,36,6.31,credit_card,0.045,0.05,0
47,33436.0,0.3,OWN,28.4,5,0,0.357,14275.0,24,9.88,debt_consolidation,0.213,0.236,0
40,61045.0,7.3,RENT,22.0,5,0,0.378,16444.0,48,6.3,credit_card,0.067,0.076,0
41,28655.0,22.8,RENT,22.4,4,1,0.263,13021.0,24,7.3,medical,0.227,0.245,0
55,54576.0,3.6,MORTGAGE,32.0,6,0,0.34,12754.0,36,9.77,other,0.078,0.09,0
33,65715.0,1.8,MORTGAGE,12.6,3,0,0.588,4591.0,48,4.0,debt_consolidation,0.017,0.019,0
47,50144.0,1.0,MORTGAGE,27.7,3,0,0.291,21934.0,36,8.01,small_business,0.146,0.165,0
38,77415.0,2.0,RENT,17.2,8,1,0.384,10874.0,12,7.43,other,0.14,0.146,0
37,56926.0,2.4,MORTGAGE,15.0,3,0,0.136,12681.0,48,9.43,debt_consolidation,0.056,0.067,0
53,41722.0,3.3,OWN,33.7,8,0,0.172,6112.0,60,10.3,small_business,0.029,0.038,0
50,40806.0,6.4,MORTGAGE,30.1,4,0,0.338,6347.0,12,10.52,debt_consolidation,0.156,0.165,0
50,81264.0,1.9,MORTGAGE,31.8,7,1,0.376,14448.0,48,8.49,debt_consolidation,0.044,0.053,0
56,39071.0,0.3,MORTGAGE,35.3,3,0,0.273,15581.0,36,9.7,major_purchase,0.133,0.154,0
40,85622.0,2.8,RENT,20.7,3,0,0.148,25025.0,24,6.19,home_improvement,0.146,0.156,0
48,99843.0,11.6,RENT,28.3,3,0,0.567,8050.0,48,8.68,home_improvement,0.02,0.024,1
36,23521.0,4.1,MORTGAGE,16.4,7,0,0.166,5148.0,36,7.37,credit_card,0.073,0.082,0
44,95460.0,20.1,MORTGAGE,23.0,7,1,0.3,46769.0,36,8.34,home_improvement,0.163,0.185,0
38,151784.0,4.2,MORTGAGE,17.5,3,1,0.172,26718.0,60,9.39,home_improvement,0.035,0.044,0
41,61451.0,1.9,MORTGAGE,21.4,0,0,0.597,11678.0,36,8.01,debt_consolidation,0.063,0.071,0
47,73097.0,1.3,MORTGAGE,28.9,3,0,0.013,12321.0,36,9.9,major_purchase,0.056,0.065,0
30,90990.0,7.1,MORTGAGE,9.1,5,1,0.066,7258.0,12,8.14,credit_card,0.08,0.083,0
65,47205.0,4.6,RENT,40.6,2,1,0.188,4657.0,48,11.24,home_improvement,0.025,0.031,1
28,59346.0,5.6,MORTGAGE,5.6,7,1,0.594,24776.0,60,9.69,debt_consolidation,0.083,0.106,0
25,28082.0,8.4,MORTGAGE,0.0,6,0,0.199,23982.0,48,7.36,major_purchase,0.213,0.247,0
54,58065.0,7.8,RENT,35.6,5,1,0.314,5613.0,36,12.09,small_business,0.032,0.039,0
49,69498.0,0.3,OWN,30.2,4,0,0.54,11128.0,12,11.97,medical,0.16,0.171,0
47,70128.0,9.7,OWN,26.7,9,2,0.268,9766.0,36,7.9,credit_card,0.046,0.052,0
48,92292.0,4.6,RENT,29.2,6,0,0.25,3418.0,36,9.79,other,0.012,0.014,0
40,36776.0,3.0,RENT,21.9,4,0,0.137,9466.0,36,8.58,major_purchase,0.086,0.098,0
29,41510.0,4.6,RENT,9.5,5,1,0.146,16392.0,60,8.76,credit_card,0.079,0.098,0
41,139770.0,5.7,RENT,22.0,10,0,0.443,5609.0,12,11.25,small_business,0.04,0.043,0
32,50254.0,1.0,OWN,13.1,4,0,0.396,6667.0,36,12.31,debt_consolidation,0.044,0.053,0
52,59875.0,3.2,RENT,24.8,3,0,0.035,8954.0,36,13.15,debt_consolidation,0.05,0.061,0
38,52391.0,2.5,RENT,19.2,7,0,0.716,13938.0,36,7.41,debt_consolidation,0.089,0.099,0
30,35924.0,2.6,MORTGAGE,11.6,10,0,0.238,11356.0,12,7.08,debt_consolidation,0.316,0.328,0
36,121999.0,0.6,MORTGAGE,17.6,5,0,0.093,19416.0,60,10.93,credit_card,0.032,0.041,0
45,41612.0,1.0,MORTGAGE,22.1,3,1,0.262,8129.0,36,8.51,home_improvement,0.065,0.074,0
33,30834.0,1.1,MORTGAGE,11.2,3,1,0.3,20568.0,12,12.47,debt_consolidation,0.667,0.713,0
30,43245.0,2.8,OWN,11.6,5,0,0.299,7139.0,60,7.91,major_purchase,0.033,0.04,0
43,19913.0,13.5,MORTGAGE,24.3,8,1,0.517,8874.0,60,11.31,home_improvement,0.089,0.117,0
43,39119.0,1.4,RENT,20.9,5,0,0.128,5872.0,36,11.33,major_purchase,0.05,0.059,0
34,33387.0,3.2,MORTGAGE,15.0,3,2,0.417,13880.0,48,9.56,credit_card,0.104,0.125,0
34,73771.0,2.2,MORTGAGE,4.0,4,0,0.07,7855.0,12,8.85,other,0.106,0.112,0
43,38688.0,9.3,MORTGAGE,22.7,4,0,0.153,12278.0,24,8.48,credit_card,0.159,0.173,0
23,84449.0,0.3,RENT,4.4,6,0,0.392,7957.0,24,6.57,home_improvement,0.047,0.05,0
23,109015.0,1.3,MORTGAGE,0.0,4,1,0.662,13290.0,36,12.91,credit_card,0.041,0.049,0
31,80064.0,1.4,MORTGAGE,11.8,5,0,0.097,5994.0,60,6.83,other,0.015,0.018,0
37,48645.0,29.7,RENT,18.0,6,0,0.268,9101.0,24,10.16,credit_card,0.094,0.104,0
44,58137.0,5.1,RENT,24.8,5,0,0.041,16962.0,48,12.53,other,0.073,0.093,0
58,25273.0,0.9,RENT,35.6,7,1,0.064,10750.0,12,7.88,debt_consolidation,0.425,0.444,0
50,50671.0,1.9,MORTGAGE,31.4,6,1,0.081,21686.0,36,7.6,small_business,0.143,0.16,0
38,35234.0,1.1,MORTGAGE,18.6,6,3,0.473,7065.0,24,8.15,other,0.1,0.109,0
40,76662.0,0.8,RENT,21.9,5,0,0.284,8948.0,36,9.99,debt_consolidation,0.039,0.045,0
28,196099.0,9.6,MORTGAGE,4.7,3,1,0.174,6714.0,48,8.95,credit_card,0.009,0.01,0
40,69558.0,4.1,RENT,20.8,5,1,0.119,6442.0,24,10.81,major_purchase,0.046,0.052,0
37,20019.0,6.0,RENT,18.1,4,0,0.362,7667.0,36,9.37,medical,0.128,0.147,0
44,45224.0,2.4,RENT,23.4,3,0,0.292,19004.0,24,7.99,major_purchase,0.21,0.228,0
30,57598.0,4.8,MORTGAGE,8.3,3,0,0.393,7259.0,36,9.95,debt_consolidation,0.042,0.049,0
46,56595.0,1.8,MORTGAGE,23.0,4,0,0.354,28439.0,48,9.08,home_improvement,0.126,0.15,0
58,37594.0,2.2,MORTGAGE,38.7,5,1,0.167,13500.0,48,5.58,credit_card,0.09,0.1,0
39,61246.0,6.3,OWN,16.0,3,0,0.446,3300.0,60,4.0,debt_consolidation,0.011,0.012,0
45,29107.0,1.0,RENT,25.1,4,2,0.071,7556.0,24,8.45,home_improvement,0.13,0.142,0
48,33777.0,5.8,MORTGAGE,29.7,2,0,0.345,15646.0,48,8.43,credit_card,0.116,0.137,0
35,74824.0,11.5,MORTGAGE,11.4,2,0,0.417,19486.0,60,11.99,debt_consolidation,0.052,0.069,0
43,32603.0,0.8,RENT,22.6,2,1,0.19,24537.0,36,7.69,debt_consolidation,0.251,0.282,0
40,70906.0,13.7,RENT,19.2,4,0,0.468,10644.0,36,6.16,medical,0.05,0.055,1
41,27317.0,0.5,MORTGAGE,14.7,1,0,0.203,8715.0,36,11.59,small_business,0.106,0.126,1
31,130929.0,2.6,OWN,10.5,6,0,0.262,32506.0,36,9.45,other,0.083,0.095,0
40,36786.0,5.7,MORTGAGE,22.0,9,1,0.216,12760.0,36,8.25,credit_card,0.116,0.131,0
46,48444.0,4.9,MORTGAGE,21.9,7,0,0.409,14654.0,36,8.68,major_purchase,0.101,0.115,0
57,63915.0,0.6,OWN,38.0,7,0,0.107,37176.0,48,9.32,home_improvement,0.145,0.175,0
52,40836.0,9.6,MORTGAGE,31.9,3,0,0.32,16218.0,36,6.27,credit_card,0.132,0.146,0
66,58204.0,21.7,RENT,47.3,6,0,0.2,4287.0,24,11.06,debt_consolidation,0.037,0.041,0
31,72235.0,1.2,OWN,11.9,4,0,0.435,5618.0,36,10.14,medical,0.026,0.03,0
50,87580.0,13.5,MORTGAGE,28.5,9,0,0.292,13680.0,24,10.46,debt_consolidation,0.078,0.087,0
42,80479.0,4.9,RENT,22.3,7,1,0.393,3856.0,12,8.18,home_improvement,0.048,0.05,1
66,49717.0,16.5,RENT,45.0,5,1,0.361,28412.0,36,10.71,other,0.19,0.224,0
30,50346.0,1.2,MORTGAGE,6.8,2,0,0.35,11698.0,12,7.08,major_purchase,0.232,0.241,0
30,175353.0,9.4,MORTGAGE,10.7,4,1,0.429,27638.0,36,8.64,home_improvement,0.053,0.06,0
33,87112.0,0.4,MORTGAGE,12.5,4,0,0.143,14722.0,24,12.11,debt_consolidation,0.085,0.096,0
18,34169.0,12.9,MORTGAGE,0.0,1,1,0.322,10866.0,24,11.52,credit_card,0.159,0.179,0
34,56954.0,6.7,RENT,12.2,10,0,0.165,5560.0,36,8.31,debt_consolidation,0.033,0.037,0
31,45818.0,2.8,MORTGAGE,10.7,5,0,0.316,4307.0,36,11.7,debt_consolidation,0.031,0.037,0
42,50632.0,1.3,MORTGAGE,22.5,7,0,0.345,7281.0,60,10.03,debt_consolidation,0.029,0.037,0
44,29297.0,10.2,MORTGAGE,24.4,4,0,0.08,14355.0,60,5.67,credit_card,0.098,0.113,0
63,44092.0,5.5,RENT,43.3,6,0,0.122,13626.0,48,9.71,debt_consolidation,0.077,0.094,0
51,134024.0,2.7,MORTGAGE,31.7,2,0,0.249,30328.0,36,9.57,major_purchase,0.075,0.087,0
33,72369.0,3.5,MORTGAGE,11.4,8,0,0.22,6256.0,60,11.18,major_purchase,0.017,0.023,0
29,15591.0,10.5,MORTGAGE,10.6,4,0,0.057,12898.0,36,8.98,credit_card,0.276,0.316,0
46,99545.0,2.5,OWN,17.7,3,0,0.155,5008.0,24,8.63,credit_card,0.025,0.027,0
24,93416.0,0.6,MORTGAGE,1.5,4,2,0.135,26136.0,36,4.0,debt_consolidation,0.093,0.099,1
62,45268.0,14.5,OWN,42.9,5,1,0.082,4071.0,24,8.61,medical,0.045,0.049,0
54,77546.0,2.9,MORTGAGE,35.9,3,0,0.028,10603.0,48,11.51,major_purchase,0.034,0.043,0
34,35253.0,2.6,RENT,12.3,4,1,0.271,9497.0,36,10.83,debt_consolidation,0.09,0.106,0
19,42825.0,1.4,MORTGAGE,0.0,3,1,0.301,14420.0,48,9.07,credit_card,0.084,0.101,0
56,114608.0,13.7,MORTGAGE,28.1,3,0,0.068,11091.0,48,8.8,other,0.024,0.029,0
39,47294.0,1.5,MORTGAGE,20.1,7,1,0.364,10963.0,36,7.63,major_purchase,0.077,0.087,0
55,21272.0,6.1,RENT,36.7,5,0,0.329,13856.0,36,11.75,debt_consolidation,0.217,0.259,0
21,52488.0,12.8,RENT,0.0,6,0,0.082,7832.0,60,9.55,debt_consolidation,0.03,0.038,0
33,52089.0,0.2,RENT,14.1,9,0,0.456,6339.0,60,7.87,other,0.024,0.03,0
40,98635.0,10.6,MORTGAGE,18.2,7,0,0.239,5252.0,60,10.01,credit_card,0.011,0.014,0
41,54566.0,3.2,RENT,22.8,6,0,0.305,7441.0,60,9.5,debt_consolidation,0.027,0.034,0
35,43880.0,6.4,MORTGAGE,12.7,8,0,0.064,17015.0,36,10.93,credit_card,0.129,0.152,0
47,91357.0,2.8,OWN,28.6,3,0,0.358,10419.0,24,10.16,major_purchase,0.057,0.063,0
27,57549.0,7.1,MORTGAGE,5.4,7,0,0.136,7063.0,36,10.72,credit_card,0.041,0.048,0
38,37234.0,1.8,MORTGAGE,17.7,5,0,0.311,17068.0,36,9.6,debt_consolidation,0.153,0.176,0
41,96519.0,0.1,MORTGAGE,13.7,10,1,0.576,11730.0,24,11.34,home_improvement,0.061,0.068,0
46,59685.0,17.7,RENT,27.9,5,0,0.29,8339.0,60,8.7,major_purchase,0.028,0.035,0
49,54256.0,0.1,MORTGAGE,30.0,8,0,0.072,9205.0,36,10.57,home_improvement,0.057,0.066,0
27,59216.0,10.4,RENT,8.8,11,1,0.187,8804.0,36,10.91,debt_consolidation,0.05,0.058,0
22,31719.0,1.1,RENT,0.0,4,1,0.037,11278.0,48,6.54,debt_consolidation,0.089,0.101,0
55,41613.0,3.0,MORTGAGE,34.3,4,0,0.059,7795.0,48,9.94,debt_consolidation,0.047,0.057,0
44,54273.0,10.4,MORTGAGE,23.7,5,0,0.171,10150.0,36,9.68,credit_card,0.062,0.072,0
31,49152.0,1.4,RENT,12.6,4,0,0.261,9739.0,36,9.52,major_purchase,0.066,0.076,0
59,102356.0,12.0,OWN,39.0,5,1,0.521,8652.0,36,8.09,other,0.028,0.032,0
41,60397.0,4.1,RENT,21.5,5,0,0.206,10829.0,36,10.85,major_purchase,0.06,0.07,0
54,83071.0,2.7,RENT,34.9,12,0,0.687,5137.0,36,7.16,debt_consolidation,0.021,0.023,0
41,54431.0,6.5,MORTGAGE,18.6,4,0,0.267,11299.0,60,9.21,home_improvement,0.042,0.052,0
65,91871.0,2.5,MORTGAGE,46.8,1,0,0.173,4542.0,24,10.31,debt_consolidation,0.025,0.027,0
61,66089.0,2.6,RENT,39.9,7,2,0.247,16034.0,60,9.75,small_business,0.049,0.062,0
37,54541.0,7.9,MORTGAGE,13.8,5,0,0.357,15329.0,48,7.03,debt_consolidation,0.07,0.081,1
52,53818.0,2.2,RENT,26.9,3,0,0.261,19551.0,36,10.54,debt_consolidation,0.121,0.142,1
48,33617.0,1.3,RENT,25.9,3,1,0.219,36351.0,60,9.64,credit_card,0.216,0.273,0
56,69805.0,9.9,OWN,37.0,3,0,0.035,18657.0,60,7.08,credit_card,0.053,0.064,0
28,53098.0,9.8,MORTGAGE,7.2,6,0,0.082,17411.0,36,9.83,debt_consolidation,0.109,0.127,0
48,42151.0,4.1,MORTGAGE,29.5,7,1,0.379,3383.0,24,10.7,medical,0.04,0.045,0
53,94205.0,4.5,RENT,34.6,6,0,0.219,26664.0,36,6.15,other,0.094,0.104,0
19,28995.0,7.1,RENT,0.0,8,2,0.272,16834.0,60,7.33,debt_consolidation,0.116,0.139,0
26,43860.0,4.3,OWN,2.3,7,0,0.359,17845.0,36,6.58,debt_consolidation,0.136,0.15,0
18,90568.0,3.2,MORTGAGE,0.0,4,2,0.158,21916.0,36,7.71,debt_consolidation,0.081,0.091,0
37,63434.0,31.7,MORTGAGE,18.7,4,1,0.325,7042.0,48,11.24,credit_card,0.028,0.035,0
49,52895.0,1.0,RENT,28.5,5,1,0.317,23923.0,36,7.7,debt_consolidation,0.151,0.169,0
58,61421.0,5.4,RENT,39.3,3,0,0.314,7107.0,36,12.7,debt_consolidation,0.039,0.047,0
41,59261.0,13.0,MORTGAGE,20.2,4,0,0.286,16660.0,36,8.48,medical,0.094,0.106,0
60,25379.0,7.0,OWN,41.3,2,1,0.214,10390.0,60,11.24,debt_consolidation,0.082,0.107,0
23,45496.0,12.8,MORTGAGE,4.6,4,0,0.358,10718.0,36,8.33,credit_card,0.079,0.089,0
20,121572.0,2.5,RENT,0.0,4,0,0.494,13442.0,36,8.61,credit_card,0.037,0.042,0
39,38962.0,1.9,MORTGAGE,15.1,6,0,0.144,16639.0,60,9.23,debt_consolidation,0.085,0.107,0
45,46205.0,11.4,OWN,23.5,12,0,0.084,9575.0,12,9.78,home_improvement,0.207,0.218,0
40,41324.0,3.0,RENT,16.9,4,0,0.067,15071.0,48,9.1,other,0.091,0.109,0
18,51870.0,7.4,RENT,0.0,1,0,0.426,12026.0,36,9.03,debt_consolidation,0.077,0.089,0
39,40475.0,1.0,MORTGAGE,14.5,2,0,0.252,20205.0,48,10.77,debt_consolidation,0.125,0.154,0
24,69104.0,8.5,MORTGAGE,4.6,7,0,0.152,11608.0,36,7.66,other,0.056,0.063,0
48,59794.0,4.8,RENT,24.3,3,1,0.246,25682.0,12,6.52,small_business,0.43,0.445,0
44,79760.0,1.9,RENT,24.1,6,1,0.236,10913.0,24,9.99,credit_card,0.068,0.076,1
29,32033.0,4.1,RENT,10.1,4,1,0.206,8557.0,36,9.24,credit_card,0.089,0.102,1
34,45699.0,7.2,RENT,15.1,2,0,0.388,27161.0,24,7.88,small_business,0.297,0.322,1
27,48394.0,0.1,RENT,6.5,6,2,0.536,18090.0,60,7.23,debt_consolidation,0.075,0.089,0
39,68038.0,6.1,RENT,20.8,7,1,0.095,12077.0,24,11.99,debt_consolidation,0.089,0.1,0
51,36439.0,4.7,MORTGAGE,25.0,3,0,0.461,12693.0,60,8.77,major_purchase,0.07,0.086,0
28,85633.0,1.5,MORTGAGE,9.0,5,1,0.281,14904.0,24,9.17,home_improvement,0.087,0.096,0
46,98048.0,8.4,RENT,26.8,6,0,0.204,17467.0,36,11.95,credit_card,0.059,0.071,0
34,33043.0,2.2,MORTGAGE,15.2,9,0,0.463,32625.0,60,9.94,credit_card,0.197,0.251,0
30,42386.0,1.9,OWN,12.0,6,0,0.062,13553.0,36,10.63,other,0.107,0.125,0
39,41524.0,3.8,MORTGAGE,17.5,6,0,0.062,6088.0,60,9.17,small_business,0.029,0.037,0
28,202034.0,6.8,RENT,7.3,3,0,0.164,9193.0,36,10.39,other,0.015,0.018,0
33,43698.0,15.9,MORTGAGE,10.0,4,0,0.646,18138.0,24,10.32,credit_card,0.208,0.231,0
26,125343.0,0.9,MORTGAGE,7.9,6,0,0.211,9769.0,36,9.28,home_improvement,0.026,0.03,0
64,28758.0,3.0,RENT,38.1,3,0,0.109,7176.0,36,9.08,major_purchase,0.083,0.095,0
40,33030.0,0.4,RENT,20.8,4,1,0.357,18723.0,24,7.96,credit_card,0.283,0.308,0
32,38434.0,8.5,MORTGAGE,6.7,5,0,0.655,5164.0,36,12.7,credit_card,0.045,0.054,0
43,35495.0,3.6,RENT,24.7,7,0,0.215,11291.0,60,10.22,debt_consolidation,0.064,0.082,0
39,47385.0,7.4,OWN,16.9,6,0,0.207,5620.0,24,12.72,credit_card,0.059,0.067,0
37,38010.0,2.3,MORTGAGE,16.4,8,0,0.238,4366.0,60,11.89,debt_consolidation,0.023,0.031,0
47,35966.0,11.2,OWN,27.7,5,0,0.37,31784.0,48,9.44,credit_card,0.221,0.266,0
49,96687.0,4.6,MORTGAGE,30.8,3,0,0.065,7207.0,60,9.71,credit_card,0.015,0.019,0
34,99897.0,17.3,MORTGAGE,13.2,5,0,0.242,14148.0,48,7.88,debt_consolidation,0.035,0.041,0
33,87086.0,0.5,MORTGAGE,14.9,3,0,0.194,37681.0,60,8.57,small_business,0.087,0.107,0
37,70404.0,4.3,MORTGAGE,16.9,4,0,0.188,6686.0,12,10.77,other,0.095,0.101,0
18,56748.0,8.7,MORTGAGE,0.0,1,0,0.281,4931.0,36,6.66,credit_card,0.029,0.032,0
22,42255.0,5.5,RENT,0.0,3,0,0.375,18740.0,60,5.06,medical,0.089,0.101,0
56,33638.0,0.1,RENT,23.8,2,3,0.107,3443.0,24,7.49,small_business,0.051,0.055,0
60,64958.0,21.5,MORTGAGE,41.1,4,1,0.375,40055.0,24,10.7,other,0.308,0.344,0
37,30127.0,2.1,MORTGAGE,17.8,4,0,0.068,13610.0,60,8.32,other,0.09,0.111,0
47,32960.0,1.7,MORTGAGE,27.7,3,0,0.469,9259.0,36,7.79,debt_consolidation,0.094,0.105,0
44,96419.0,4.0,RENT,22.1,1,0,0.344,3839.0,36,10.67,debt_consolidation,0.013,0.016,0
75,140130.0,4.7,MORTGAGE,48.9,4,1,0.305,10353.0,36,11.47,home_improvement,0.025,0.029,0
53,65950.0,8.7,MORTGAGE,24.0,2,0,0.075,12988.0,36,11.14,major_purchase,0.066,0.078,0
38,94205.0,3.0,MORTGAGE,11.3,3,2,0.557,6675.0,60,7.02,medical,0.014,0.017,0
29,47910.0,3.5,OWN,4.7,1,0,0.075,10163.0,12,9.71,debt_consolidation,0.212,0.223,0
21,27755.0,4.6,RENT,0.0,5,0,0.146,13692.0,48,9.67,debt_consolidation,0.123,0.149,0
42,73577.0,3.0,RENT,22.6,6,1,0.452,6207.0,36,17.45,debt_consolidation,0.028,0.036,0
31,72016.0,14.8,OWN,4.1,8,0,0.418,7080.0,48,6.45,small_business,0.025,0.028,1
23,56153.0,11.4,MORTGAGE,0.7,5,1,0.62,59274.0,36,6.19,debt_consolidation,0.352,0.386,1
32,47993.0,3.6,RENT,13.4,3,1,0.419,11301.0,48,4.0,debt_consolidation,0.059,0.064,0
27,87650.0,0.0,OWN,8.9,7,0,0.383,14412.0,48,7.96,small_business,0.041,0.048,0
60,33095.0,13.9,RENT,41.3,7,1,0.196,4266.0,60,8.16,debt_consolidation,0.026,0.031,0
51,36795.0,0.8,RENT,28.5,4,0,0.278,11634.0,60,9.38,debt_consolidation,0.063,0.079,0
40,32727.0,1.7,MORTGAGE,19.0,4,0,0.293,31145.0,24,10.63,debt_consolidation,0.476,0.53,0
58,56528.0,1.0,MORTGAGE,39.2,5,0,0.356,11508.0,60,8.46,major_purchase,0.041,0.05,0
41,31447.0,1.2,MORTGAGE,18.9,4,0,0.261,16495.0,36,7.46,debt_consolidation,0.175,0.196,1
30,38479.0,9.7,RENT,11.5,4,0,0.365,14494.0,48,8.76,credit_card,0.094,0.112,0
58,38068.0,5.2,RENT,34.8,5,1,0.368,11779.0,48,10.08,credit_card,0.077,0.094,0
46,47558.0,18.8,MORTGAGE,23.3,4,1,0.193,1480.0,60,7.85,debt_consolidation,0.006,0.008,1
28,25753.0,1.6,OWN,0.0,1,0,0.106,10465.0,48,5.98,debt_consolidation,0.102,0.114,1
38,56591.0,4.0,MORTGAGE,19.5,5,0,0.205,8328.0,48,9.21,credit_card,0.037,0.044,0
29,101078.0,22.7,RENT,3.9,3,0,0.129,14215.0,36,8.39,debt_consolidation,0.047,0.053,0
23,57974.0,10.5,RENT,3.7,6,0,0.242,22544.0,60,8.97,debt_consolidation,0.078,0.097,0
51,117086.0,7.8,MORTGAGE,31.4,7,0,0.203,22776.0,36,8.37,debt_consolidation,0.065,0.074,0
63,105556.0,1.3,MORTGAGE,43.1,3,1,0.157,20973.0,24,7.86,debt_consolidation,0.099,0.108,0
23,79927.0,8.8,OWN,2.0,4,0,0.242,6378.0,48,7.75,home_improvement,0.02,0.023,0
47,56238.0,2.6,RENT,13.2,5,1,0.143,27024.0,24,8.73,major_purchase,0.24,0.263,0
32,54789.0,4.5,MORTGAGE,11.3,5,0,0.311,19786.0,60,7.26,other,0.072,0.086,0
34,79372.0,5.6,RENT,8.2,5,1,0.226,43910.0,60,8.44,medical,0.111,0.136,0
33,44541.0,5.6,RENT,14.1,5,1,0.364,20008.0,24,9.32,debt_consolidation,0.225,0.247,0
30,21136.0,7.8,MORTGAGE,10.5,3,0,0.363,7153.0,36,11.87,major_purchase,0.113,0.135,1
41,69286.0,6.5,RENT,20.9,5,1,0.189,10546.0,36,7.1,credit_card,0.051,0.056,0
30,30775.0,0.4,MORTGAGE,10.8,3,1,0.208,18599.0,24,7.45,credit_card,0.302,0.326,1
43,33488.0,3.7,RENT,13.7,4,1,0.384,4285.0,48,11.09,debt_consolidation,0.032,0.04,0
39,54182.0,6.5,RENT,17.1,7,0,0.731,4646.0,48,7.9,credit_card,0.021,0.025,0
37,51660.0,2.1,MORTGAGE,17.0,5,0,0.407,3175.0,36,10.08,major_purchase,0.02,0.024,0
29,26741.0,2.3,MORTGAGE,6.8,5,1,0.143,11770.0,36,6.73,major_purchase,0.147,0.162,0
33,58850.0,0.8,MORTGAGE,13.1,2,1,0.073,10605.0,48,12.88,credit_card,0.045,0.058,0
49,87822.0,3.3,OWN,30.9,6,0,0.189,20251.0,48,7.17,major_purchase,0.058,0.066,0
46,30817.0,26.0,RENT,25.6,2,0,0.044,21842.0,60,10.32,major_purchase,0.142,0.182,0
28,102359.0,2.0,RENT,7.1,1,0,0.185,6999.0,48,11.15,medical,0.017,0.021,0
41,24833.0,4.5,RENT,11.1,4,0,0.242,14020.0,48,11.51,credit_card,0.141,0.177,0
49,156164.0,8.2,RENT,30.9,5,0,0.115,13354.0,36,12.01,debt_consolidation,0.029,0.034,0
20,44107.0,0.1,MORTGAGE,0.0,6,1,0.173,6610.0,24,10.24,debt_consolidation,0.075,0.083,0
47,58268.0,13.8,MORTGAGE,28.7,8,1,0.079,4683.0,36,7.67,credit_card,0.027,0.03,0
32,21036.0,2.9,RENT,13.5,5,0,0.572,7055.0,48,12.77,debt_consolidation,0.084,0.108,0
47,52519.0,12.2,OWN,26.2,9,0,0.394,11680.0,36,7.07,debt_consolidation,0.074,0.082,0
31,60733.0,0.2,RENT,12.2,2,0,0.58,10100.0,60,10.28,medical,0.033,0.043,0
18,51892.0,0.9,RENT,0.0,3,0,0.467,28506.0,24,7.03,debt_consolidation,0.275,0.295,0
20,40883.0,2.3,MORTGAGE,0.0,3,1,0.181,12375.0,48,6.31,other,0.076,0.086,0
41,33749.0,2.5,MORTGAGE,22.3,6,0,0.32,14099.0,36,8.12,major_purchase,0.139,0.157,0
43,95346.0,11.3,MORTGAGE,23.0,13,1,0.271,6537.0,60,9.72,debt_consolidation,0.014,0.017,0
29,55017.0,0.1,RENT,11.0,4,1,0.565,15425.0,24,9.26,debt_consolidation,0.14,0.154,0
48,117052.0,6.1,MORTGAGE,24.0,6,1,0.319,4947.0,36,10.02,debt_consolidation,0.014,0.016,0
20,41638.0,0.8,RENT,2.0,5,1,0.362,13917.0,48,8.66,credit_card,0.084,0.099,1
39,43591.0,10.4,RENT,21.0,3,0,0.388,5861.0,12,7.86,debt_consolidation,0.134,0.14,0
25,81454.0,9.0,RENT,4.2,4,0,0.117,13904.0,60,7.74,debt_consolidation,0.034,0.041,0
32,24065.0,4.2,RENT,3.1,9,0,0.306,8129.0,12,10.06,debt_consolidation,0.338,0.356,0
41,29533.0,1.4,MORTGAGE,17.2,4,0,0.327,14467.0,24,9.44,debt_consolidation,0.245,0.27,0
30,93783.0,6.0,RENT,11.1,2,1,0.351,13008.0,48,9.37,credit_card,0.035,0.042,1
35,30153.0,1.0,OWN,16.3,6,0,0.24,4971.0,12,8.77,debt_consolidation,0.165,0.173,0
52,21818.0,1.3,MORTGAGE,31.0,5,0,0.535,44854.0,36,6.25,credit_card,0.685,0.753,0
33,137897.0,5.9,RENT,9.8,5,1,0.28,10834.0,24,9.51,medical,0.039,0.043,0
50,26986.0,28.4,MORTGAGE,30.7,9,0,0.254,23489.0,48,12.04,credit_card,0.218,0.275,0
26,59401.0,13.3,MORTGAGE,6.3,6,1,0.752,11572.0,24,10.79,debt_consolidation,0.097,0.109,0
46,56080.0,5.4,MORTGAGE,27.6,3,2,0.119,12311.0,24,12.53,debt_consolidation,0.11,0.125,0
57,15000.0,4.6,RENT,38.5,5,1,0.306,23930.0,12,7.73,credit_card,1.595,1.663,1
18,47398.0,38.6,MORTGAGE,0.0,6,0,0.015,13210.0,60,8.76,debt_consolidation,0.056,0.069,0
30,67792.0,4.8,MORTGAGE,11.7,4,0,0.158,74986.0,48,12.57,credit_card,0.277,0.353,0
47,64677.0,3.3,OWN,28.3,3,0,0.426,9553.0,36,8.43,home_improvement,0.049,0.056,0
38,85115.0,14.4,OWN,19.2,0,0,0.475,10984.0,24,10.09,small_business,0.065,0.072,0
44,44634.0,1.6,MORTGAGE,24.2,5,1,0.198,7626.0,36,10.29,home_improvement,0.057,0.066,0
33,77362.0,0.6,RENT,14.9,3,0,0.05,7893.0,60,10.75,credit_card,0.02,0.026,0
41,38382.0,6.0,RENT,20.9,7,0,0.15,8696.0,48,9.15,small_business,0.057,0.068,0
38,26763.0,0.6,MORTGAGE,12.1,4,0,0.34,7835.0,36,5.1,debt_consolidation,0.098,0.105,0
54,28315.0,2.8,RENT,35.9,2,0,0.26,23300.0,36,10.53,debt_consolidation,0.274,0.321,0
43,26081.0,3.3,MORTGAGE,22.0,7,1,0.6,10403.0,60,9.95,home_improvement,0.08,0.102,0
44,89751.0,4.8,RENT,20.6,2,0,0.458,4604.0,36,8.99,medical,0.017,0.02,0
35,25405.0,28.7,MORTGAGE,15.9,3,0,0.688,6068.0,24,7.69,credit_card,0.119,0.129,0
34,62132.0,1.5,RENT,15.6,4,0,0.152,24898.0,48,8.05,medical,0.1,0.118,0
35,47431.0,2.8,OWN,16.9,6,0,0.034,9712.0,36,6.73,debt_consolidation,0.068,0.076,0
45,51466.0,0.9,MORTGAGE,23.9,11,0,0.252,15557.0,36,7.32,credit_card,0.101,0.113,0
35,107131.0,5.6,MORTGAGE,14.6,5,0,0.429,8874.0,24,9.11,credit_card,0.041,0.045,0
43,43512.0,7.8,RENT,24.2,6,2,0.19,7097.0,36,12.08,home_improvement,0.054,0.065,0
65,73556.0,3.9,MORTGAGE,41.7,9,0,0.289,4639.0,36,12.22,small_business,0.021,0.025,0
50,55204.0,1.7,MORTGAGE,28.0,4,1,0.201,29084.0,48,9.05,other,0.132,0.157,0
36,50211.0,5.8,RENT,17.0,0,0,0.668,5701.0,36,12.57,credit_card,0.038,0.046,0
54,171097.0,4.6,RENT,31.8,6,0,0.154,8800.0,24,7.56,credit_card,0.026,0.028,0
35,26353.0,1.1,RENT,16.2,6,0,0.2,7640.0,24,10.27,debt_consolidation,0.145,0.161,0
18,103215.0,3.1,RENT,0.0,3,0,0.353,37864.0,36,9.21,major_purchase,0.122,0.14,0
28,75222.0,3.4,RENT,9.6,8,1,0.175,5899.0,36,9.05,credit_card,0.026,0.03,0
18,42627.0,24.3,RENT,0.0,4,0,0.32,26894.0,24,8.86,home_improvement,0.315,0.345,0
36,122352.0,11.4,MORTGAGE,17.2,7,0,0.108,15512.0,60,8.76,home_improvement,0.025,0.031,0
40,21503.0,8.0,OWN,19.5,7,0,0.167,21802.0,24,7.03,debt_consolidation,0.507,0.545,0
60,41736.0,13.2,RENT,41.4,6,0,0.341,15573.0,60,10.39,debt_consolidation,0.075,0.096,0
44,29607.0,8.0,MORTGAGE,22.1,6,0,0.173,12393.0,36,6.96,medical,0.14,0.155,0
37,66572.0,14.0,RENT,18.8,6,0,0.203,18809.0,24,9.6,debt_consolidation,0.141,0.156,0
50,31054.0,0.3,MORTGAGE,31.5,1,0,0.169,17531.0,36,8.93,credit_card,0.188,0.215,0
18,67274.0,3.7,MORTGAGE,0.0,6,2,0.156,21399.0,60,8.08,credit_card,0.064,0.078,0
43,49354.0,8.2,RENT,24.9,5,0,0.219,6160.0,60,8.59,home_improvement,0.025,0.031,0
49,42630.0,5.3,OWN,26.9,8,1,0.253,12650.0,36,9.06,debt_consolidation,0.099,0.113,1
22,65797.0,1.2,MORTGAGE,0.0,1,0,0.168,28004.0,60,8.99,credit_card,0.085,0.106,0
54,47367.0,2.5,OWN,31.5,2,0,0.316,4863.0,36,8.3,debt_consolidation,0.034,0.039,0
44,31435.0,2.3,MORTGAGE,20.1,8,1,0.437,12193.0,36,11.05,credit_card,0.129,0.152,0
35,219847.0,1.8,RENT,17.0,6,0,0.103,10140.0,60,7.73,medical,0.009,0.011,0
48,42464.0,2.5,RENT,29.6,7,0,0.53,14222.0,36,12.36,other,0.112,0.134,0
67,17876.0,4.3,MORTGAGE,46.5,6,0,0.175,25780.0,12,10.27,debt_consolidation,1.442,1.524,0
42,35559.0,11.6,MORTGAGE,12.6,3,0,0.107,7025.0,24,10.77,debt_consolidation,0.099,0.11,1
43,28749.0,8.1,MORTGAGE,21.8,2,0,0.227,13930.0,24,10.6,debt_consolidation,0.242,0.27,0
34,81885.0,10.8,MORTGAGE,14.6,3,0,0.217,6716.0,36,7.97,credit_card,0.027,0.031,0
30,63629.0,12.9,RENT,11.5,9,1,0.172,4503.0,36,9.77,debt_consolidation,0.024,0.027,0
50,66129.0,3.2,OWN,31.5,4,1,0.222,6794.0,12,4.21,small_business,0.103,0.105,0
30,45026.0,2.5,MORTGAGE,10.6,2,1,0.248,3344.0,60,10.77,debt_consolidation,0.015,0.019,0
41,47114.0,0.4,MORTGAGE,19.2,8,0,0.55,13978.0,60,9.38,credit_card,0.059,0.075,1
34,45005.0,16.0,RENT,15.9,6,0,0.315,11049.0,24,9.36,debt_consolidation,0.123,0.135,0
46,52021.0,0.4,RENT,22.3,4,0,0.333,1841.0,24,7.68,debt_consolidation,0.018,0.019,0
44,82262.0,8.1,OWN,17.5,9,2,0.049,15809.0,36,8.9,debt_consolidation,0.064,0.073,0
52,64090.0,2.8,RENT,27.4,6,0,0.339,6962.0,36,9.66,credit_card,0.036,0.042,0
34,69568.0,17.8,RENT,8.7,4,0,0.027,16762.0,48,13.14,medical,0.06,0.078,0
37,69548.0,3.3,RENT,19.0,4,0,0.309,6134.0,60,5.71,debt_consolidation,0.018,0.02,0
28,84307.0,10.2,RENT,0.0,5,1,0.391,11642.0,48,10.3,debt_consolidation,0.035,0.042,0
35,62572.0,2.0,MORTGAGE,15.6,3,1,0.1,9178.0,24,9.16,credit_card,0.073,0.081,1
45,64824.0,2.1,MORTGAGE,20.9,6,0,0.177,18465.0,48,6.83,medical,0.071,0.082,0
49,98165.0,5.4,MORTGAGE,30.4,4,0,0.3,6419.0,48,12.74,credit_card,0.016,0.021,0
29,38851.0,37.2,MORTGAGE,9.2,5,1,0.614,7535.0,48,8.3,credit_card,0.048,0.057,0
50,35317.0,4.4,RENT,31.9,4,2,0.161,7955.0,48,10.86,medical,0.056,0.07,0
56,29943.0,16.5,MORTGAGE,37.9,4,0,0.495,27886.0,36,10.97,credit_card,0.31,0.366,0
45,59365.0,9.3,MORTGAGE,18.4,2,0,0.072,7200.0,24,5.45,home_improvement,0.061,0.064,0
63,21443.0,9.5,MORTGAGE,40.0,5,0,0.236,13654.0,60,7.81,debt_consolidation,0.127,0.154,1
31,68260.0,3.4,MORTGAGE,10.7,2,0,0.183,25517.0,36,7.56,credit_card,0.125,0.14,0
25,51298.0,2.9,OWN,4.8,5,0,0.309,4676.0,36,9.09,home_improvement,0.03,0.035,0
19,95542.0,1.3,RENT,0.0,7,1,0.173,11943.0,24,5.86,credit_card,0.063,0.066,0
58,38717.0,19.9,OWN,38.7,6,0,0.058,5288.0,36,7.25,medical,0.046,0.051,0
48,48940.0,19.2,OWN,25.7,4,0,0.417,9074.0,60,6.42,home_improvement,0.037,0.043,0
39,94950.0,8.2,OWN,19.0,0,0,0.304,8225.0,36,8.46,medical,0.029,0.033,0
43,108182.0,2.1,MORTGAGE,22.0,3,1,0.474,7837.0,48,5.49,debt_consolidation,0.018,0.02,1
26,38558.0,1.7,OWN,0.0,5,0,0.497,12821.0,36,10.42,debt_consolidation,0.111,0.13,0
69,59331.0,26.9,RENT,49.1,9,0,0.117,13424.0,60,6.89,debt_consolidation,0.045,0.054,0
42,62769.0,0.4,MORTGAGE,22.4,3,0,0.183,9018.0,60,10.97,medical,0.029,0.037,0
41,65305.0,11.1,RENT,15.9,7,0,0.222,14997.0,36,8.89,small_business,0.077,0.087,0
49,47511.0,2.6,MORTGAGE,24.0,4,1,0.125,24672.0,36,4.94,home_improvement,0.173,0.187,0
46,102816.0,3.3,MORTGAGE,13.4,6,0,0.677,24770.0,36,10.32,home_improvement,0.08,0.094,0
43,21060.0,10.7,MORTGAGE,22.6,5,0,0.121,3926.0,60,6.93,medical,0.037,0.044,0
31,43890.0,0.6,MORTGAGE,11.7,6,0,0.198,13621.0,60,6.29,small_business,0.062,0.072,0
46,67776.0,2.6,RENT,27.2,2,1,0.36,4579.0,24,10.29,small_business,0.034,0.038,0
63,68092.0,18.2,MORTGAGE,44.9,5,0,0.108,7674.0,36,12.13,debt_consolidation,0.038,0.045,0
56,106551.0,7.2,MORTGAGE,34.1,8,0,0.052,7248.0,12,8.44,credit_card,0.068,0.071,0
59,98628.0,8.4,RENT,40.2,6,0,0.058,8439.0,36,8.6,credit_card,0.029,0.032,0
34,46968.0,8.5,RENT,13.2,9,1,0.421,22094.0,24,11.43,other,0.235,0.264,0
28,103770.0,0.4,OWN,2.5,7,0,0.101,16049.0,36,13.37,credit_card,0.052,0.063,0
38,37910.0,1.4,MORTGAGE,11.0,3,0,0.169,8682.0,48,8.31,debt_consolidation,0.057,0.067,1
41,86288.0,4.1,MORTGAGE,23.0,2,2,0.069,8767.0,12,12.22,debt_consolidation,0.102,0.108,0
53,133955.0,2.8,RENT,33.9,8,0,0.149,16254.0,36,4.61,debt_consolidation,0.04,0.043,0
20,99456.0,3.2,MORTGAGE,0.0,3,1,0.21,10585.0,24,7.97,medical,0.053,0.058,0
58,57119.0,9.1,OWN,37.7,7,0,0.253,4316.0,36,6.71,credit_card,0.025,0.028,0
38,45895.0,0.1,MORTGAGE,15.1,6,0,0.603,2235.0,36,9.97,home_improvement,0.016,0.019,0
35,25228.0,6.5,RENT,11.2,2,0,0.311,6167.0,60,9.4,medical,0.049,0.061,0
28,63277.0,0.0,MORTGAGE,8.2,4,0,0.127,12401.0,24,10.22,other,0.098,0.109,0
20,31020.0,0.4,RENT,0.7,5,0,0.426,8017.0,24,10.31,medical,0.129,0.144,0
50,36440.0,3.1,MORTGAGE,30.2,5,0,0.171,13661.0,24,10.25,home_improvement,0.187,0.208,0
41,29871.0,11.0,MORTGAGE,19.8,4,1,0.192,7839.0,48,11.58,debt_consolidation,0.066,0.082,0
25,43036.0,0.9,RENT,5.6,5,0,0.259,13083.0,36,6.95,debt_consolidation,0.101,0.113,0
24,53424.0,4.9,MORTGAGE,1.5,5,0,0.29,5402.0,60,8.05,medical,0.02,0.025,0
36,62119.0,6.8,RENT,11.0,10,0,0.415,8563.0,36,4.78,major_purchase,0.046,0.049,0
60,40125.0,1.6,OWN,41.0,3,0,0.426,14432.0,60,8.75,debt_consolidation,0.072,0.089,0
37,92470.0,4.3,RENT,8.9,3,0,0.053,6738.0,36,8.39,credit_card,0.024,0.028,0
22,48820.0,14.5,MORTGAGE,1.1,2,0,0.572,18139.0,60,11.41,debt_consolidation,0.074,0.098,0
37,36539.0,4.3,OWN,12.7,3,1,0.083,14947.0,36,11.95,debt_consolidation,0.136,0.163,0
37,60666.0,1.0,MORTGAGE,18.7,0,0,0.136,12280.0,36,10.81,home_improvement,0.067,0.079,0
18,144607.0,5.9,OWN,0.0,6,0,0.3,18943.0,12,9.56,home_improvement,0.131,0.138,0
39,64060.0,5.4,OWN,19.8,4,0,0.497,7886.0,12,7.17,debt_consolidation,0.123,0.128,0
37,45187.0,0.2,OWN,17.9,9,0,0.143,13878.0,24,5.92,major_purchase,0.154,0.163,0
48,25242.0,0.6,RENT,29.4,6,0,0.1,7035.0,36,10.64,credit_card,0.093,0.109,0
62,48547.0,1.0,RENT,37.9,6,2,0.44,6971.0,36,10.35,home_improvement,0.048,0.056,0
54,60929.0,0.9,RENT,34.4,5,0,0.134,5822.0,36,11.17,debt_consolidation,0.032,0.038,0
37,44632.0,1.8,RENT,9.1,5,1,0.135,21616.0,24,9.25,credit_card,0.242,0.266,0
27,23560.0,3.6,RENT,6.4,4,0,0.252,6054.0,48,7.11,debt_consolidation,0.064,0.074,0
71,35409.0,2.8,MORTGAGE,52.6,4,1,0.143,6086.0,60,12.62,medical,0.034,0.047,0
41,112114.0,13.3,MORTGAGE,20.6,7,0,0.299,14506.0,48,7.69,debt_consolidation,0.032,0.038,0
40,110968.0,5.7,OWN,6.9,7,0,0.348,8211.0,60,5.62,credit_card,0.015,0.017,0
40,34776.0,12.5,RENT,19.5,1,1,0.148,18272.0,36,10.14,home_improvement,0.175,0.204,1
42,75840.0,4.5,MORTGAGE,24.0,2,1,0.272,6357.0,48,8.44,debt_consolidation,0.021,0.025,0
38,30053.0,0.6,MORTGAGE,11.9,10,0,0.128,7841.0,48,5.7,other,0.065,0.073,0
33,109334.0,3.7,RENT,14.2,7,1,0.423,11525.0,48,7.7,debt_consolidation,0.026,0.031,0
33,61244.0,10.4,RENT,11.5,5,1,0.169,4931.0,24,11.58,debt_consolidation,0.04,0.045,0
40,87101.0,1.3,RENT,19.8,5,0,0.258,5239.0,36,4.58,debt_consolidation,0.02,0.021,0
33,22982.0,0.6,MORTGAGE,13.8,8,0,0.233,3735.0,36,10.76,small_business,0.054,0.064,0
31,76025.0,2.4,MORTGAGE,12.0,7,1,0.111,28231.0,12,8.88,small_business,0.371,0.389,0
41,53969.0,3.0,RENT,15.1,4,0,0.395,6238.0,36,9.09,debt_consolidation,0.039,0.044,0
37,82948.0,2.2,MORTGAGE,11.7,7,0,0.385,9450.0,12,10.9,credit_card,0.114,0.121,0
58,85599.0,0.9,RENT,37.8,5,3,0.204,7991.0,36,10.15,credit_card,0.031,0.036,0
18,55988.0,1.7,RENT,0.0,4,2,0.174,10783.0,24,7.75,small_business,0.096,0.104,0
53,40118.0,6.9,MORTGAGE,34.7,5,0,0.358,15508.0,12,8.65,debt_consolidation,0.387,0.405,0
55,80005.0,2.9,RENT,36.5,4,0,0.163,10972.0,48,4.77,home_improvement,0.034,0.038,0
18,52571.0,6.0,MORTGAGE,0.0,5,0,0.348,5653.0,12,7.48,credit_card,0.108,0.112,0
36,35018.0,4.6,RENT,16.9,6,1,0.39,8464.0,48,8.02,medical,0.06,0.071,0
36,34198.0,4.8,RENT,17.9,4,2,0.294,20377.0,48,10.32,debt_consolidation,0.149,0.182,0
23,25885.0,1.7,OWN,3.2,6,0,0.299,18208.0,60,8.43,debt_consolidation,0.141,0.173,0
31,41976.0,4.4,MORTGAGE,8.9,9,0,0.135,11522.0,12,11.93,debt_consolidation,0.274,0.293,0
27,94028.0,0.1,MORTGAGE,2.3,4,1,0.373,35715.0,24,7.61,credit_card,0.19,0.205,0
61,59214.0,3.4,MORTGAGE,40.4,6,0,0.286,16631.0,36,6.21,credit_card,0.094,0.103,0
51,41569.0,5.1,MORTGAGE,29.1,2,0,0.466,13428.0,12,9.6,debt_consolidation,0.323,0.34,0
55,81018.0,1.2,MORTGAGE,35.6,8,1,0.396,22106.0,36,8.36,credit_card,0.091,0.103,0
49,35731.0,1.8,OWN,28.9,2,0,0.157,7762.0,60,9.39,other,0.043,0.055,0
26,56822.0,1.5,OWN,4.1,3,0,0.393,33539.0,60,11.21,medical,0.118,0.155,0
34,49523.0,0.4,RENT,12.1,4,0,0.364,9462.0,60,9.05,home_improvement,0.038,0.048,1
46,79983.0,2.6,MORTGAGE,26.3,5,0,0.232,19723.0,60,8.7,medical,0.049,0.061,0
25,24622.0,23.2,RENT,4.6,7,0,0.286,5234.0,48,12.62,credit_card,0.053,0.068,0
49,35415.0,2.6,RENT,23.3,4,0,0.27,15980.0,60,5.98,major_purchase,0.09,0.105,0
37,23882.0,3.7,RENT,16.0,11,0,0.329,11422.0,36,10.85,major_purchase,0.159,0.187,0
36,47582.0,6.4,MORTGAGE,14.9,2,0,0.46,19614.0,48,11.77,small_business,0.103,0.13,0
49,99281.0,6.3,RENT,26.4,6,0,0.276,9529.0,36,9.17,debt_consolidation,0.032,0.037,0
45,42078.0,18.0,MORTGAGE,26.6,3,1,0.325,10018.0,36,10.22,debt_consolidation,0.079,0.092,0
36,41968.0,11.7,RENT,15.8,3,1,0.53,33271.0,12,5.1,credit_card,0.793,0.815,1
54,83773.0,9.5,RENT,26.4,5,0,0.184,2574.0,12,7.79,credit_card,0.031,0.032,0
27,92436.0,18.2,RENT,7.7,5,0,0.144,30148.0,24,10.02,debt_consolidation,0.163,0.181,0
47,51829.0,1.6,RENT,28.0,7,0,0.016,32941.0,48,6.81,debt_consolidation,0.159,0.182,0
47,76295.0,5.8,OWN,26.2,6,2,0.09,12484.0,24,13.34,credit_card,0.082,0.094,0
36,31619.0,13.1,MORTGAGE,17.3,4,0,0.031,20055.0,48,11.11,debt_consolidation,0.159,0.197,0
44,107903.0,5.9,RENT,23.6,3,0,0.175,2615.0,36,7.54,major_purchase,0.008,0.009,0
25,158634.0,22.7,OWN,6.5,7,1,0.408,2783.0,60,8.37,debt_consolidation,0.004,0.004,0
51,70306.0,0.6,MORTGAGE,30.4,3,0,0.516,6284.0,36,11.76,major_purchase,0.03,0.036,0
38,19107.0,3.5,RENT,17.2,3,0,0.139,24071.0,36,5.46,medical,0.42,0.456,0
34,40982.0,22.7,MORTGAGE,14.4,4,0,0.2,3228.0,12,7.1,debt_consolidation,0.079,0.082,1
53,73601.0,2.9,RENT,33.6,5,1,0.29,11770.0,36,6.88,credit_card,0.053,0.059,0
32,43882.0,8.1,MORTGAGE,13.2,5,1,0.341,9962.0,24,10.36,medical,0.114,0.126,0
23,102344.0,0.2,RENT,3.8,8,0,0.163,12393.0,48,10.69,small_business,0.03,0.037,0
21,72699.0,7.1,MORTGAGE,0.9,10,0,0.269,3741.0,36,8.2,medical,0.017,0.019,0
47,38054.0,16.4,RENT,28.1,6,0,0.098,17229.0,48,12.75,credit_card,0.113,0.145,0
25,55057.0,2.9,RENT,2.4,7,1,0.304,21081.0,24,8.41,credit_card,0.191,0.209,0
61,34651.0,0.1,RENT,39.3,5,0,0.182,56491.0,48,8.93,major_purchase,0.408,0.486,0
18,49450.0,0.2,RENT,0.0,5,0,0.195,2738.0,36,8.16,debt_consolidation,0.018,0.021,0
60,41056.0,13.4,MORTGAGE,41.7,2,0,0.11,3804.0,48,8.98,home_improvement,0.023,0.028,0
43,97478.0,7.7,OWN,25.0,1,0,0.157,3157.0,36,8.53,home_improvement,0.011,0.012,0
39,156062.0,0.7,OWN,18.3,5,0,0.213,4795.0,48,9.05,credit_card,0.008,0.009,0
33,26487.0,0.3,MORTGAGE,14.3,4,1,0.488,10725.0,60,6.29,home_improvement,0.081,0.095,1
45,20710.0,9.8,MORTGAGE,27.0,0,0,0.048,14055.0,24,9.66,medical,0.339,0.375,0
40,47926.0,10.0,RENT,20.7,4,0,0.156,3061.0,12,9.62,debt_consolidation,0.064,0.067,0
53,25357.0,0.8,MORTGAGE,25.2,5,2,0.184,5284.0,36,10.23,debt_consolidation,0.069,0.081,1
41,55443.0,2.2,RENT,19.5,6,1,0.127,11287.0,36,14.11,medical,0.068,0.084,0
42,78784.0,9.1,OWN,18.1,4,1,0.35,8656.0,24,6.8,home_improvement,0.055,0.059,0
36,114356.0,4.5,MORTGAGE,17.5,7,0,0.224,7973.0,24,4.93,home_improvement,0.035,0.037,0
39,59916.0,18.8,OWN,20.8,3,0,0.438,12856.0,24,7.91,home_improvement,0.107,0.116,0
44,49189.0,3.9,RENT,26.0,4,1,0.36,5050.0,48,9.74,major_purchase,0.026,0.031,0
19,20147.0,6.8,MORTGAGE,0.0,4,1,0.5,10649.0,24,8.0,home_improvement,0.264,0.287,0
24,54890.0,4.3,OWN,4.9,8,1,0.06,14588.0,48,11.34,small_business,0.066,0.083,0
49,56142.0,17.2,RENT,29.2,3,1,0.152,7169.0,36,8.5,credit_card,0.043,0.048,0
42,74569.0,3.1,MORTGAGE,22.5,5,0,0.644,6072.0,60,7.55,home_improvement,0.016,0.02,0
38,38016.0,1.6,MORTGAGE,16.1,7,0,0.267,6455.0,36,11.82,major_purchase,0.057,0.068,1
40,43585.0,2.4,OWN,20.9,5,1,0.495,14834.0,36,11.15,major_purchase,0.113,0.134,0
44,25874.0,11.5,MORTGAGE,23.7,5,0,0.392,10993.0,12,11.28,credit_card,0.425,0.451,1
34,17229.0,4.1,MORTGAGE,0.0,6,0,0.229,8517.0,24,12.64,debt_consolidation,0.247,0.281,0
31,31125.0,2.6,MORTGAGE,11.2,4,0,0.502,6197.0,48,9.34,credit_card,0.05,0.06,0
42,24707.0,4.7,RENT,21.6,5,0,0.276,19336.0,60,7.35,credit_card,0.157,0.188,0
28,64110.0,0.9,RENT,7.9,8,0,0.52,5593.0,60,5.75,other,0.017,0.02,0
45,41812.0,0.0,RENT,22.1,5,0,0.149,18411.0,24,10.69,small_business,0.22,0.246,0
20,41394.0,2.0,RENT,1.1,2,0,0.167,17611.0,36,10.44,other,0.142,0.166,0
52,33117.0,5.6,RENT,33.4,7,0,0.312,12639.0,12,8.81,medical,0.382,0.4,0
46,15000.0,7.5,MORTGAGE,23.8,3,0,0.306,14979.0,36,10.61,credit_card,0.333,0.39,1
43,115169.0,10.5,RENT,23.4,4,1,0.455,12021.0,12,9.2,credit_card,0.104,0.11,0
52,32855.0,15.7,RENT,26.6,4,1,0.222,8748.0,36,10.11,home_improvement,0.089,0.103,0
60,44081.0,3.2,MORTGAGE,38.9,3,0,0.461,9234.0,60,9.41,credit_card,0.042,0.053,0
52,26175.0,8.1,MORTGAGE,31.5,7,0,0.036,16422.0,36,8.45,major_purchase,0.209,0.237,0
18,88077.0,0.5,MORTGAGE,0.0,5,0,0.212,4605.0,60,4.75,credit_card,0.01,0.012,0
25,58204.0,0.4,MORTGAGE,3.1,1,0,0.295,14665.0,60,11.07,debt_consolidation,0.05,0.066,0
33,35840.0,0.8,OWN,11.5,3,0,0.358,17185.0,60,9.9,major_purchase,0.096,0.122,0
40,44529.0,3.6,MORTGAGE,18.9,5,0,0.357,13593.0,24,12.04,debt_consolidation,0.153,0.173,0
46,125378.0,1.4,RENT,27.1,7,1,0.525,20557.0,36,9.96,debt_consolidation,0.055,0.063,0
31,52235.0,2.0,OWN,4.2,6,1,0.234,10771.0,36,10.98,debt_consolidation,0.069,0.081,0
42,49471.0,6.3,RENT,22.8,1,3,0.27,19850.0,12,7.68,credit_card,0.401,0.418,0
31,33837.0,2.7,OWN,12.5,2,0,0.299,18208.0,36,11.87,home_improvement,0.179,0.214,0
33,21009.0,4.9,MORTGAGE,1.9,2,0,0.393,5216.0,48,10.33,debt_consolidation,0.062,0.076,0
23,50010.0,3.2,RENT,0.9,4,0,0.293,4624.0,60,8.09,debt_consolidation,0.018,0.023,0
29,63751.0,1.1,RENT,9.4,4,0,0.127,11082.0,36,9.66,home_improvement,0.058,0.067,0
24,93882.0,0.5,OWN,0.0,12,2,0.391,16942.0,48,8.97,credit_card,0.045,0.054,0
28,17602.0,1.6,MORTGAGE,9.7,3,2,0.498,10601.0,24,9.21,debt_consolidation,0.301,0.331,1
53,30867.0,0.4,MORTGAGE,34.7,4,1,0.173,13829.0,24,9.03,credit_card,0.224,0.246,0
29,40523.0,5.8,RENT,7.6,9,0,0.215,16271.0,48,8.28,home_improvement,0.1,0.118,0
72,54082.0,9.5,RENT,53.4,6,1,0.202,6109.0,24,7.74,debt_consolidation,0.056,0.061,0
46,50387.0,2.5,OWN,20.5,4,0,0.092,10855.0,36,8.22,credit_card,0.072,0.081,0
42,50978.0,2.9,MORTGAGE,18.5,5,1,0.315,21113.0,48,10.53,credit_card,0.104,0.127,0
30,66440.0,10.2,RENT,10.9,0,0,0.412,18831.0,36,10.62,debt_consolidation,0.094,0.111,0
48,34488.0,1.5,MORTGAGE,23.4,9,0,0.048,33080.0,60,9.74,credit_card,0.192,0.243,0
33,86428.0,0.8,MORTGAGE,14.9,4,0,0.58,15738.0,48,10.32,home_improvement,0.046,0.056,0
41,67287.0,4.2,RENT,20.6,3,1,0.028,8575.0,48,10.47,debt_consolidation,0.032,0.039,0
71,46170.0,6.2,RENT,44.8,4,0,0.107,8842.0,24,8.24,debt_consolidation,0.096,0.104,0
39,120626.0,5.5,MORTGAGE,15.2,9,0,0.159,21592.0,36,9.94,debt_consolidation,0.06,0.069,0
54,117973.0,7.5,MORTGAGE,34.7,6,0,0.005,15460.0,60,10.23,other,0.026,0.034,0
32,86374.0,0.4,RENT,13.4,5,0,0.105,15835.0,48,9.69,credit_card,0.046,0.055,0
40,15000.0,3.4,RENT,21.3,4,0,0.381,8180.0,36,12.61,debt_consolidation,0.182,0.219,0
61,119309.0,1.6,MORTGAGE,40.8,5,0,0.155,21691.0,36,9.24,credit_card,0.061,0.07,0
32,80610.0,8.5,OWN,11.3,5,0,0.46,12615.0,36,14.32,small_business,0.052,0.064,0
62,147739.0,12.4,RENT,43.9,6,0,0.493,7002.0,12,7.01,credit_card,0.047,0.049,0
48,100582.0,2.0,RENT,28.4,3,0,0.117,9890.0,36,7.37,medical,0.033,0.037,0
33,119273.0,0.6,MORTGAGE,9.7,4,0,0.5,39262.0,48,7.17,medical,0.082,0.095,0
48,84063.0,1.8,OWN,28.2,1,1,0.132,10929.0,36,7.89,home_improvement,0.043,0.049,0
52,106335.0,0.7,OWN,33.4,2,0,0.148,12595.0,48,10.55,home_improvement,0.03,0.036,0
47,146835.0,2.3,RENT,19.7,4,1,0.453,4896.0,24,10.32,debt_consolidation,0.017,0.019,0
21,60372.0,4.6,MORTGAGE,2.1,4,1,0.149,8170.0,12,8.87,home_improvement,0.135,0.142,0
31,24683.0,21.8,RENT,8.2,6,0,0.204,22326.0,36,9.75,credit_card,0.302,0.349,0
37,46456.0,3.1,RENT,18.4,3,1,0.326,4018.0,36,6.11,debt_consolidation,0.029,0.032,1
39,65839.0,1.5,RENT,19.3,6,0,0.255,7987.0,48,9.15,debt_consolidation,0.03,0.036,0
47,56243.0,1.1,MORTGAGE,27.0,5,0,0.249,4626.0,60,11.87,other,0.016,0.022,0
42,29048.0,1.1,MORTGAGE,21.9,0,0,0.052,11750.0,12,9.95,small_business,0.405,0.427,0
24,23968.0,1.3,RENT,3.8,3,0,0.282,10508.0,48,11.6,debt_consolidation,0.11,0.138,0
45,37400.0,8.6,MORTGAGE,26.2,3,0,0.051,12744.0,12,8.17,major_purchase,0.341,0.356,0
47,81135.0,0.4,RENT,26.8,8,1,0.63,15559.0,48,5.9,credit_card,0.048,0.054,0
47,119392.0,35.7,RENT,27.0,5,0,0.314,7175.0,48,8.93,small_business,0.015,0.018,0
53,85672.0,4.4,MORTGAGE,34.3,6,1,0.104,11116.0,36,11.34,debt_consolidation,0.043,0.051,0
50,91924.0,4.7,MORTGAGE,18.7,5,0,0.557,47035.0,12,10.61,debt_consolidation,0.512,0.542,0
46,52031.0,2.7,OWN,22.0,2,0,0.22,7416.0,36,10.21,home_improvement,0.048,0.055,0
39,22674.0,7.0,MORTGAGE,14.4,7,1,0.278,38346.0,36,12.38,debt_consolidation,0.564,0.678,0
20,43148.0,3.8,MORTGAGE,0.0,4,0,0.253,10023.0,48,12.81,medical,0.058,0.075,0
45,47601.0,2.4,MORTGAGE,26.5,6,0,0.161,4526.0,48,9.08,other,0.024,0.028,0
42,42255.0,1.8,RENT,21.5,6,0,0.205,27309.0,48,7.81,credit_card,0.162,0.189,0
43,55678.0,15.6,RENT,19.8,6,0,0.299,18571.0,24,7.23,home_improvement,0.167,0.18,0
25,67556.0,2.1,MORTGAGE,6.9,6,1,0.333,14212.0,36,7.11,home_improvement,0.07,0.078,0
27,82993.0,3.4,RENT,6.9,5,0,0.157,8223.0,24,10.33,credit_card,0.05,0.055,0
53,47143.0,2.6,RENT,33.5,5,0,0.255,19228.0,36,9.69,debt_consolidation,0.136,0.157,0
40,20913.0,0.5,MORTGAGE,21.3,7,0,0.052,27484.0,36,5.19,credit_card,0.438,0.474,0
48,42555.0,1.2,RENT,28.6,5,1,0.37,6218.0,24,5.72,credit_card,0.073,0.077,0
40,55373.0,1.3,RENT,9.7,7,2,0.293,6149.0,36,8.59,other,0.037,0.042,0
40,99848.0,7.1,MORTGAGE,18.1,5,0,0.022,3428.0,36,8.57,small_business,0.011,0.013,0
51,40786.0,3.1,MORTGAGE,31.9,7,1,0.442,11287.0,24,9.38,other,0.138,0.152,0
34,70001.0,9.1,MORTGAGE,13.2,7,0,0.054,39918.0,24,10.93,home_improvement,0.285,0.319,0
41,62633.0,7.4,RENT,22.2,4,0,0.192,29794.0,48,10.87,credit_card,0.119,0.147,0
34,55379.0,1.3,MORTGAGE,13.2,7,0,0.218,2099.0,24,9.38,credit_card,0.019,0.021,0
35,86273.0,5.0,MORTGAGE,10.2,3,0,0.184,6438.0,36,9.88,major_purchase,0.025,0.029,0
36,38932.0,8.1,MORTGAGE,15.6,5,0,0.407,29601.0,48,11.44,small_business,0.19,0.238,0
43,40636.0,6.0,MORTGAGE,21.0,11,2,0.315,13171.0,36,10.62,credit_card,0.108,0.127,0
34,53855.0,5.5,MORTGAGE,14.2,4,0,0.168,5343.0,24,12.37,debt_consolidation,0.05,0.056,0
55,39337.0,8.1,OWN,34.8,4,0,0.085,10206.0,36,8.13,debt_consolidation,0.086,0.098,0
29,69843.0,0.4,MORTGAGE,7.4,6,0,0.188,2865.0,48,7.05,major_purchase,0.01,0.012,0
38,37926.0,7.9,MORTGAGE,15.0,4,3,0.42,23022.0,48,9.3,debt_consolidation,0.152,0.182,0
35,60667.0,1.9,MORTGAGE,13.8,5,0,0.499,13506.0,60,9.68,debt_consolidation,0.045,0.056,0
57,51530.0,5.1,MORTGAGE,27.6,7,0,0.097,27904.0,12,10.41,other,0.542,0.573,0
42,60323.0,1.7,MORTGAGE,18.9,4,0,0.424,5268.0,60,7.47,debt_consolidation,0.017,0.021,0
52,43051.0,11.0,RENT,29.5,3,0,0.591,6031.0,36,9.28,small_business,0.047,0.054,0
22,45728.0,3.9,OWN,0.0,7,0,0.046,7398.0,48,9.92,debt_consolidation,0.04,0.049,0
43,56841.0,6.2,OWN,24.0,2,0,0.192,26947.0,60,7.15,small_business,0.095,0.113,0
51,59936.0,9.5,OWN,31.3,1,0,0.315,9032.0,36,9.53,debt_consolidation,0.05,0.058,0
41,54063.0,13.5,RENT,20.5,2,0,0.248,22655.0,48,9.16,home_improvement,0.105,0.126,0
53,127094.0,7.9,RENT,33.1,3,0,0.245,12461.0,48,9.98,major_purchase,0.025,0.03,0
34,33012.0,1.0,RENT,10.4,2,0,0.384,18394.0,24,8.98,debt_consolidation,0.279,0.305,0
57,52465.0,11.6,MORTGAGE,38.9,8,0,0.328,7855.0,12,9.0,small_business,0.15,0.157,0
68,24666.0,5.8,MORTGAGE,49.3,2,1,0.199,9883.0,60,10.8,other,0.08,0.104,1
36,65254.0,5.6,OWN,11.6,7,1,0.057,15714.0,24,11.85,debt_consolidation,0.12,0.136,0
35,31020.0,15.3,MORTGAGE,16.8,2,1,0.421,12540.0,24,10.98,debt_consolidation,0.202,0.226,0
57,47138.0,1.7,MORTGAGE,38.2,5,1,0.358,8160.0,48,8.73,credit_card,0.043,0.051,0
59,44980.0,1.6,RENT,39.7,4,0,0.213,8289.0,60,6.08,debt_consolidation,0.037,0.043,0
34,62345.0,4.3,RENT,11.8,3,0,0.323,22304.0,48,7.99,home_improvement,0.089,0.105,1
35,41093.0,8.3,OWN,14.5,0,0,0.093,18301.0,24,10.26,debt_consolidation,0.223,0.247,0
37,40229.0,3.6,MORTGAGE,9.7,2,2,0.04,8853.0,36,9.49,major_purchase,0.073,0.085,0
24,111071.0,6.0,RENT,5.2,4,0,0.363,33659.0,60,8.33,home_improvement,0.061,0.074,0
29,62460.0,3.6,RENT,4.8,6,0,0.274,7480.0,36,4.88,home_improvement,0.04,0.043,0
28,40924.0,5.7,MORTGAGE,9.0,5,1,0.314,3279.0,48,7.64,major_purchase,0.02,0.023,1
31,47791.0,10.4,MORTGAGE,12.2,5,0,0.31,9336.0,60,11.89,major_purchase,0.039,0.052,1
40,123337.0,1.2,OWN,19.9,3,0,0.152,10664.0,12,4.6,debt_consolidation,0.086,0.089,0
43,48166.0,7.1,MORTGAGE,24.8,5,0,0.102,23874.0,12,10.82,debt_consolidation,0.496,0.525,0
59,38383.0,9.3,MORTGAGE,39.5,5,0,0.464,7674.0,24,8.95,debt_consolidation,0.1,0.11,0
28,38465.0,3.6,MORTGAGE,8.7,8,1,0.241,14268.0,24,7.78,medical,0.185,0.201,0
52,41169.0,2.3,RENT,33.5,4,0,0.452,7228.0,36,8.72,debt_consolidation,0.059,0.067,0
37,40245.0,0.1,OWN,13.1,4,0,0.233,15021.0,48,10.56,medical,0.093,0.115,0
39,28572.0,9.6,RENT,19.5,4,1,0.194,9892.0,36,8.23,debt_consolidation,0.115,0.131,0
48,30881.0,2.4,OWN,18.0,7,0,0.615,8576.0,24,9.12,major_purchase,0.139,0.152,1
27,35787.0,2.7,MORTGAGE,2.1,8,1,0.036,6033.0,24,10.08,debt_consolidation,0.084,0.093,0
45,72823.0,2.5,RENT,26.3,10,1,0.401,22542.0,36,8.19,debt_consolidation,0.103,0.117,0
42,44774.0,4.1,MORTGAGE,21.9,6,0,0.258,13030.0,36,8.71,medical,0.097,0.111,0
46,48846.0,7.3,RENT,25.2,3,1,0.25,11931.0,36,7.31,small_business,0.081,0.091,0
43,102236.0,8.9,OWN,19.9,5,0,0.49,8199.0,36,8.4,debt_consolidation,0.027,0.03,0
69,103518.0,3.0,MORTGAGE,44.5,4,0,0.702,11519.0,36,6.69,other,0.037,0.041,0
32,47049.0,6.5,MORTGAGE,11.1,2,1,0.139,5264.0,12,11.11,debt_consolidation,0.112,0.119,0
34,39520.0,7.7,OWN,15.9,4,0,0.185,21034.0,48,4.84,debt_consolidation,0.133,0.147,0
33,35164.0,2.1,RENT,13.0,2,0,0.162,4557.0,24,6.79,debt_consolidation,0.065,0.069,0
33,76603.0,0.6,RENT,8.5,6,1,0.217,5088.0,24,5.68,medical,0.033,0.035,0
32,48906.0,13.5,RENT,10.2,6,0,0.13,24412.0,36,9.47,debt_consolidation,0.166,0.192,0
54,44656.0,6.8,RENT,29.9,4,1,0.308,4385.0,36,11.67,debt_consolidation,0.033,0.039,0
57,36068.0,6.3,MORTGAGE,35.6,3,0,0.062,20338.0,48,11.6,debt_consolidation,0.141,0.177,0
33,36870.0,0.4,RENT,14.9,6,0,0.354,12596.0,48,6.98,credit_card,0.085,0.098,1
30,63578.0,10.2,RENT,1.7,7,1,0.123,7597.0,60,9.4,medical,0.024,0.03,0
46,28065.0,5.0,RENT,20.5,8,0,0.529,23628.0,36,8.97,debt_consolidation,0.281,0.321,0
33,89093.0,11.3,MORTGAGE,14.6,2,0,0.15,9535.0,60,9.76,major_purchase,0.021,0.027,0
48,41485.0,22.0,RENT,29.6,4,0,0.271,16665.0,48,8.91,major_purchase,0.1,0.12,0
42,50271.0,18.9,RENT,21.7,1,0,0.554,11029.0,36,9.17,credit_card,0.073,0.084,0
22,27764.0,11.6,OWN,0.0,3,0,0.608,7027.0,12,8.32,small_business,0.253,0.265,0
59,53842.0,0.1,MORTGAGE,39.6,5,0,0.09,10228.0,24,9.22,credit_card,0.095,0.104,0
62,45974.0,13.0,MORTGAGE,43.6,5,1,0.144,3883.0,48,8.47,major_purchase,0.021,0.025,0
33,52837.0,0.5,RENT,12.9,6,0,0.118,17899.0,48,6.46,debt_consolidation,0.085,0.096,0
35,113080.0,11.4,MORTGAGE,15.8,4,0,0.124,13987.0,36,12.59,credit_card,0.041,0.05,0
43,59210.0,2.0,MORTGAGE,23.7,5,1,0.578,12771.0,36,6.21,major_purchase,0.072,0.079,0
44,36413.0,5.7,RENT,22.9,5,0,0.648,9979.0,60,9.34,debt_consolidation,0.055,0.069,0
48,37962.0,0.2,OWN,23.5,7,0,0.324,23897.0,60,6.61,credit_card,0.126,0.148,0
64,72953.0,8.8,OWN,43.5,2,1,0.638,6280.0,24,7.19,medical,0.043,0.046,0
38,103709.0,0.7,RENT,16.5,6,0,0.504,5127.0,48,7.52,debt_consolidation,0.012,0.014,1
30,62377.0,3.2,RENT,8.8,4,1,0.073,7687.0,48,9.7,major_purchase,0.031,0.037,0
23,76447.0,10.2,MORTGAGE,2.6,4,0,0.419,28763.0,24,12.26,debt_consolidation,0.188,0.213,1
31,73487.0,7.1,RENT,11.9,3,0,0.266,6933.0,36,9.28,home_improvement,0.031,0.036,0
40,110143.0,0.0,MORTGAGE,20.6,4,0,0.479,18248.0,48,13.39,medical,0.041,0.054,0
62,20439.0,3.1,MORTGAGE,42.9,11,0,0.684,6550.0,60,4.0,home_improvement,0.064,0.071,0
34,75630.0,0.3,MORTGAGE,8.5,3,1,0.705,8111.0,60,9.77,credit_card,0.021,0.027,1
43,88598.0,6.7,RENT,19.7,2,0,0.234,7536.0,12,10.49,debt_consolidation,0.085,0.09,0
40,27740.0,20.8,OWN,19.4,5,0,0.184,20412.0,12,6.07,debt_consolidation,0.736,0.76,1
54,34793.0,6.4,RENT,28.7,2,1,0.619,14965.0,24,11.0,other,0.215,0.241,0
70,35405.0,1.5,MORTGAGE,45.5,5,0,0.197,9554.0,36,9.34,debt_consolidation,0.09,0.103,0
34,37632.0,2.6,RENT,8.1,9,0,0.533,6799.0,36,9.72,debt_consolidation,0.06,0.07,0
34,42580.0,22.5,OWN,15.2,7,0,0.27,13788.0,24,7.79,credit_card,0.162,0.175,0
53,61163.0,1.5,MORTGAGE,31.2,6,0,0.52,15288.0,48,11.17,debt_consolidation,0.062,0.078,0
48,83520.0,4.9,OWN,27.2,11,1,0.21,10180.0,48,9.42,credit_card,0.03,0.037,0
62,93028.0,3.1,MORTGAGE,40.0,2,0,0.195,7724.0,48,6.19,credit_card,0.021,0.023,0
47,35635.0,8.8,RENT,28.1,7,2,0.626,30410.0,24,7.87,medical,0.427,0.463,1
36,35513.0,12.1,MORTGAGE,14.4,6,0,0.558,5816.0,24,10.95,medical,0.082,0.092,0
47,104601.0,2.5,RENT,27.4,5,1,0.158,9442.0,36,8.66,debt_consolidation,0.03,0.034,0
53,74860.0,6.5,MORTGAGE,29.6,4,0,0.114,7049.0,36,10.24,debt_consolidation,0.031,0.037,0
50,56468.0,4.8,RENT,27.2,7,0,0.435,12732.0,36,11.04,debt_consolidation,0.075,0.089,0
46,68643.0,2.0,MORTGAGE,27.3,5,0,0.309,6091.0,36,10.81,major_purchase,0.03,0.035,0
53,53375.0,1.9,RENT,34.4,4,0,0.5,13717.0,36,9.47,small_business,0.086,0.099,1
54,70424.0,4.6,OWN,32.2,3,0,0.287,4276.0,36,12.59,major_purchase,0.02,0.024,0
57,45797.0,1.0,MORTGAGE,36.6,7,0,0.316,14457.0,60,10.19,debt_consolidation,0.063,0.081,0
48,61970.0,10.0,MORTGAGE,27.6,9,1,0.479,20407.0,60,10.67,credit_card,0.066,0.085,0
38,25457.0,0.4,RENT,15.8,2,1,0.115,10080.0,36,9.47,credit_card,0.132,0.152,0
42,38411.0,0.6,MORTGAGE,18.2,7,0,0.338,5499.0,48,9.29,credit_card,0.036,0.043,0
54,38619.0,2.5,RENT,35.2,3,0,0.26,15134.0,24,9.6,small_business,0.196,0.216,0
30,44927.0,0.8,RENT,9.6,6,0,0.156,3629.0,48,8.8,debt_consolidation,0.02,0.024,0
44,34089.0,3.9,RENT,20.7,6,1,0.458,15876.0,48,8.69,debt_consolidation,0.116,0.138,0
35,41491.0,3.1,RENT,10.8,3,0,0.34,6199.0,24,9.03,other,0.075,0.082,0
40,25407.0,7.7,RENT,21.0,11,1,0.568,3668.0,48,9.43,debt_consolidation,0.036,0.043,0
55,71279.0,18.3,RENT,36.7,6,0,0.404,5818.0,12,9.27,debt_consolidation,0.082,0.086,0
42,51987.0,8.4,RENT,23.2,6,0,0.497,21635.0,48,6.06,credit_card,0.104,0.117,0
41,23096.0,1.2,RENT,14.3,4,0,0.556,20870.0,24,8.44,major_purchase,0.452,0.493,0
24,35689.0,16.4,MORTGAGE,4.1,4,0,0.513,5302.0,36,10.26,small_business,0.05,0.058,0
49,64106.0,3.0,RENT,29.4,5,1,0.45,23118.0,24,11.98,major_purchase,0.18,0.204,0
48,41295.0,3.9,RENT,30.0,4,0,0.608,4833.0,24,10.69,major_purchase,0.059,0.065,0
66,38236.0,3.3,MORTGAGE,47.8,7,0,0.074,10790.0,36,8.12,major_purchase,0.094,0.106,0
36,52193.0,2.0,RENT,14.7,6,0,0.237,33208.0,60,11.03,home_improvement,0.127,0.166,0
43,64331.0,13.5,OWN,22.3,11,0,0.627,17714.0,36,10.0,small_business,0.092,0.107,0
43,26419.0,2.4,RENT,22.4,1,0,0.462,14414.0,24,6.94,debt_consolidation,0.273,0.293,0
59,71329.0,5.2,MORTGAGE,40.6,4,2,0.261,14777.0,60,10.43,debt_consolidation,0.041,0.053,0
39,36310.0,1.6,OWN,19.7,8,1,0.416,12823.0,36,10.25,home_improvement,0.118,0.137,0
43,53693.0,9.6,RENT,20.0,1,0,0.263,8742.0,12,9.3,major_purchase,0.163,0.171,0
47,53225.0,8.9,RENT,28.4,3,0,0.609,7624.0,48,11.55,debt_consolidation,0.036,0.045,0
42,41625.0,2.1,OWN,17.6,17,2,0.183,3297.0,24,11.69,major_purchase,0.04,0.045,0
35,32473.0,6.9,MORTGAGE,16.6,5,1,0.141,10810.0,48,10.09,credit_card,0.083,0.101,0
42,46965.0,7.3,MORTGAGE,23.4,5,1,0.09,8526.0,48,10.73,major_purchase,0.045,0.056,0
53,122108.0,5.0,RENT,33.1,10,1,0.283,9825.0,36,7.77,home_improvement,0.027,0.03,0
28,27424.0,5.5,RENT,1.3,5,0,0.264,3515.0,36,10.83,credit_card,0.043,0.05,0
42,126267.0,5.1,OWN,22.8,6,0,0.354,13555.0,36,11.16,other,0.036,0.042,0
32,47579.0,0.5,RENT,10.8,2,0,0.105,15049.0,12,9.15,debt_consolidation,0.316,0.332,0
54,55143.0,6.7,MORTGAGE,33.3,3,0,0.056,3943.0,12,6.23,debt_consolidation,0.072,0.074,0
22,31465.0,3.8,MORTGAGE,3.5,3,0,0.176,7459.0,24,11.31,debt_consolidation,0.119,0.133,0
33,36841.0,3.5,MORTGAGE,14.1,10,1,0.022,16873.0,36,10.89,debt_consolidation,0.153,0.18,0
45,42131.0,11.8,MORTGAGE,19.0,5,0,0.026,4762.0,60,7.44,debt_consolidation,0.023,0.027,0
59,32117.0,0.1,RENT,40.4,6,0,0.124,9293.0,60,8.81,home_improvement,0.058,0.072,0
39,48803.0,1.7,MORTGAGE,17.4,5,0,0.794,2891.0,12,12.91,debt_consolidation,0.059,0.063,0
33,44201.0,0.8,RENT,5.0,1,2,0.415,13005.0,24,7.73,credit_card,0.147,0.159,0
63,136679.0,0.2,MORTGAGE,44.6,2,1,0.116,3703.0,12,7.15,medical,0.027,0.028,0
23,30243.0,1.9,MORTGAGE,3.5,6,1,0.398,10453.0,36,8.33,major_purchase,0.115,0.131,0
18,57031.0,26.8,RENT,0.0,10,0,0.172,8924.0,48,10.61,other,0.039,0.048,0
45,61324.0,1.9,MORTGAGE,26.2,5,0,0.165,8041.0,24,4.96,debt_consolidation,0.066,0.069,0
34,31724.0,6.5,RENT,15.6,6,0,0.568,15231.0,24,9.34,debt_consolidation,0.24,0.264,0
28,76375.0,0.8,OWN,6.9,3,1,0.45,5246.0,12,7.76,major_purchase,0.069,0.072,0
49,44393.0,5.5,MORTGAGE,26.9,3,0,0.524,2709.0,48,10.17,debt_consolidation,0.015,0.019,0
43,15581.0,25.0,RENT,21.6,2,1,0.211,4627.0,36,8.63,debt_consolidation,0.099,0.113,0
33,75352.0,2.1,RENT,7.2,2,0,0.128,11494.0,48,11.51,home_improvement,0.038,0.048,0
25,30993.0,11.3,MORTGAGE,6.5,3,0,0.346,38785.0,48,10.58,debt_consolidation,0.313,0.385,0
50,32084.0,36.1,RENT,30.8,8,0,0.339,23060.0,48,8.77,debt_consolidation,0.18,0.214,0
48,76416.0,5.3,OWN,28.7,9,1,0.375,3600.0,36,10.55,debt_consolidation,0.016,0.018,1
39,45543.0,2.2,RENT,20.2,3,0,0.276,9344.0,48,7.56,debt_consolidation,0.051,0.06,0
62,85724.0,6.7,RENT,43.5,4,2,0.27,7845.0,36,7.3,debt_consolidation,0.031,0.034,0
27,99219.0,11.2,RENT,7.0,8,0,0.172,20727.0,36,10.82,home_improvement,0.07,0.082,0
22,39243.0,1.1,RENT,0.0,6,1,0.185,4020.0,60,8.6,debt_consolidation,0.02,0.025,0
32,80550.0,3.6,MORTGAGE,4.7,7,0,0.303,5953.0,36,10.79,credit_card,0.025,0.029,0
39,37133.0,2.3,RENT,20.6,6,1,0.104,12646.0,60,6.05,medical,0.068,0.079,0
43,165472.0,2.0,MORTGAGE,19.8,4,0,0.454,17159.0,60,5.9,debt_consolidation,0.021,0.024,1
37,38312.0,11.8,MORTGAGE,13.8,3,0,0.334,10374.0,36,8.65,credit_card,0.09,0.103,0
44,90494.0,3.3,MORTGAGE,24.5,6,0,0.076,34040.0,60,7.94,other,0.075,0.091,0
25,82611.0,2.5,RENT,6.7,6,0,0.764,4915.0,36,8.62,small_business,0.02,0.023,0
57,63452.0,5.6,RENT,25.2,6,0,0.321,11664.0,60,9.69,debt_consolidation,0.037,0.047,0
39,38744.0,1.5,MORTGAGE,17.8,5,0,0.205,14597.0,36,11.02,debt_consolidation,0.126,0.148,0
53,50227.0,1.6,RENT,22.9,7,0,0.189,16289.0,24,7.55,debt_consolidation,0.162,0.175,0
44,18457.0,4.4,MORTGAGE,24.0,4,0,0.423,2929.0,60,10.56,medical,0.032,0.041,0
45,60610.0,3.2,MORTGAGE,25.5,8,2,0.385,11336.0,48,7.11,debt_consolidation,0.047,0.054,0
47,64525.0,2.1,MORTGAGE,28.1,1,1,0.242,6186.0,24,5.1,debt_consolidation,0.048,0.051,0
45,57916.0,0.3,RENT,14.7,8,0,0.103,12498.0,24,8.39,medical,0.108,0.118,0
48,15000.0,4.4,MORTGAGE,29.1,8,0,0.248,6371.0,60,11.72,credit_card,0.085,0.113,0
56,28773.0,10.2,RENT,37.9,8,1,0.364,10396.0,36,7.98,debt_consolidation,0.12,0.136,0
42,37270.0,11.4,OWN,21.8,3,1,0.137,9987.0,36,9.58,credit_card,0.089,0.103,0
49,62682.0,1.6,RENT,29.6,5,1,0.222,12857.0,36,8.23,debt_consolidation,0.068,0.077,0
39,62609.0,5.5,RENT,20.1,3,0,0.318,23418.0,48,10.78,debt_consolidation,0.094,0.116,0
57,49756.0,11.6,MORTGAGE,36.0,3,0,0.091,3661.0,48,7.48,small_business,0.018,0.021,0
32,74431.0,3.2,OWN,12.6,11,1,0.372,6923.0,36,7.99,home_improvement,0.031,0.035,0
62,32431.0,16.1,RENT,42.5,4,1,0.524,5914.0,36,9.23,other,0.061,0.07,0
40,73506.0,14.0,MORTGAGE,21.9,5,1,0.057,8628.0,36,8.15,credit_card,0.039,0.044,0
23,68691.0,1.4,OWN,2.3,4,0,0.066,5041.0,36,5.41,credit_card,0.024,0.027,0
42,65433.0,1.8,MORTGAGE,23.6,5,1,0.095,36794.0,36,7.16,debt_consolidation,0.187,0.209,0
32,49463.0,1.2,MORTGAGE,13.3,8,0,0.28,8630.0,60,8.53,small_business,0.035,0.043,0
50,135317.0,1.3,RENT,28.2,3,0,0.288,12362.0,36,9.24,debt_consolidation,0.03,0.035,0
32,69328.0,14.3,RENT,12.9,7,0,0.114,11744.0,60,11.36,debt_consolidation,0.034,0.045,0
35,33384.0,16.1,OWN,16.5,3,1,0.6,30244.0,60,8.51,medical,0.181,0.223,0
18,61338.0,0.3,MORTGAGE,0.0,2,0,0.242,12844.0,48,7.52,major_purchase,0.052,0.061,0
35,78924.0,5.4,MORTGAGE,16.3,5,0,0.654,8928.0,36,11.61,credit_card,0.038,0.045,0
18,40374.0,5.0,RENT,0.0,3,1,0.456,16983.0,60,7.76,debt_consolidation,0.084,0.102,0
21,93399.0,3.0,RENT,0.1,8,0,0.373,23830.0,48,10.41,credit_card,0.064,0.078,0
49,65579.0,6.0,MORTGAGE,27.0,4,0,0.191,21013.0,60,7.37,small_business,0.064,0.077,0
49,16794.0,17.7,MORTGAGE,27.0,4,1,0.186,6675.0,36,12.45,other,0.132,0.159,0
45,62934.0,1.1,MORTGAGE,25.0,8,0,0.226,14678.0,48,9.18,debt_consolidation,0.058,0.07,0
28,44222.0,0.8,OWN,8.2,2,0,0.514,13131.0,24,11.53,debt_consolidation,0.148,0.167,0
39,70869.0,0.2,MORTGAGE,16.4,8,2,0.059,7700.0,24,8.88,credit_card,0.054,0.059,0
40,86865.0,2.7,RENT,21.4,9,0,0.323,27415.0,60,8.27,credit_card,0.063,0.077,0
26,59729.0,2.5,MORTGAGE,7.5,3,1,0.196,12705.0,24,8.32,other,0.106,0.116,1
58,124570.0,3.4,MORTGAGE,36.7,6,2,0.426,5477.0,36,6.44,credit_card,0.015,0.016,0
51,49545.0,4.2,OWN,31.4,5,0,0.459,6206.0,48,7.59,medical,0.031,0.036,0
37,74044.0,8.5,MORTGAGE,15.3,7,0,0.275,15271.0,36,9.25,major_purchase,0.069,0.079,0
40,81022.0,3.0,MORTGAGE,21.1,4,0,0.39,5321.0,60,7.15,debt_consolidation,0.013,0.016,0
43,51603.0,2.4,MORTGAGE,23.8,3,0,0.064,6120.0,24,9.22,debt_consolidation,0.059,0.065,0
18,79968.0,10.5,MORTGAGE,0.0,5,0,0.527,5486.0,36,9.22,debt_consolidation,0.023,0.026,0
37,40242.0,11.4,MORTGAGE,17.4,6,1,0.416,10365.0,36,8.78,small_business,0.086,0.098,0
32,43858.0,1.6,MORTGAGE,11.3,5,0,0.335,4640.0,36,10.19,debt_consolidation,0.035,0.041,0
28,28106.0,2.3,OWN,9.7,4,0,0.367,14289.0,48,10.15,debt_consolidation,0.127,0.155,0
37,61127.0,10.5,MORTGAGE,18.4,4,2,0.279,11117.0,36,10.73,debt_consolidation,0.061,0.071,0
62,63744.0,0.5,RENT,43.9,6,0,0.269,34228.0,48,9.39,credit_card,0.134,0.162,0
48,97698.0,2.4,OWN,28.3,1,0,0.19,10343.0,24,10.46,credit_card,0.053,0.059,0
33,80464.0,3.6,MORTGAGE,1.5,3,1,0.132,19327.0,24,10.05,debt_consolidation,0.12,0.133,0
47,46986.0,1.2,MORTGAGE,22.8,8,0,0.158,11141.0,60,7.98,other,0.047,0.058,0
57,30059.0,1.2,OWN,36.0,3,0,0.231,22966.0,24,8.43,credit_card,0.382,0.416,0
51,67267.0,3.3,MORTGAGE,27.1,4,3,0.59,5679.0,12,6.33,debt_consolidation,0.084,0.087,1
41,94408.0,8.4,MORTGAGE,20.3,4,0,0.584,19141.0,36,10.27,medical,0.068,0.079,0
32,79031.0,11.0,MORTGAGE,12.6,7,0,0.052,7752.0,36,9.69,medical,0.033,0.038,0
48,93175.0,23.2,OWN,29.4,12,0,0.323,6333.0,36,7.49,debt_consolidation,0.023,0.025,0
45,48730.0,0.5,RENT,23.8,2,0,0.39,7745.0,36,8.06,other,0.053,0.06,0
51,42903.0,1.5,RENT,32.4,6,2,0.192,5280.0,24,6.05,home_improvement,0.062,0.065,0
48,37479.0,8.5,OWN,28.4,8,0,0.156,16987.0,48,12.09,home_improvement,0.113,0.143,0
53,52683.0,4.7,OWN,29.8,2,0,0.534,21566.0,12,10.98,home_improvement,0.409,0.434,0
34,52089.0,2.4,RENT,15.6,2,1,0.464,6125.0,36,9.83,credit_card,0.039,0.045,0
56,60074.0,1.4,RENT,37.6,6,1,0.18,8680.0,36,7.32,debt_consolidation,0.048,0.054,0
42,50785.0,2.0,MORTGAGE,23.2,1,0,0.369,6187.0,12,8.97,debt_consolidation,0.122,0.128,0
65,50675.0,3.4,MORTGAGE,44.6,5,0,0.309,6491.0,12,8.64,debt_consolidation,0.128,0.134,0
32,36741.0,1.2,MORTGAGE,13.1,5,0,0.449,11669.0,36,9.75,debt_consolidation,0.106,0.123,0
61,86752.0,20.0,RENT,40.9,4,0,0.416,21406.0,48,7.4,medical,0.062,0.071,0
42,56289.0,0.7,MORTGAGE,22.9,3,1,0.113,4842.0,24,5.45,major_purchase,0.043,0.045,0
32,49651.0,25.4,MORTGAGE,11.9,4,1,0.306,8261.0,12,7.18,credit_card,0.166,0.173,0
34,37283.0,11.1,OWN,15.0,6,0,0.294,11351.0,36,7.96,major_purchase,0.101,0.114,0
36,27835.0,3.3,RENT,6.3,7,0,0.019,17090.0,36,9.8,home_improvement,0.205,0.237,0
45,104191.0,8.1,OWN,25.0,3,1,0.07,18167.0,36,9.72,major_purchase,0.058,0.067,0
46,71490.0,6.7,OWN,23.9,6,0,0.256,5449.0,60,6.3,home_improvement,0.015,0.018,0
33,24054.0,1.4,MORTGAGE,11.4,4,1,0.193,9746.0,12,7.53,medical,0.405,0.422,0
40,79346.0,2.5,MORTGAGE,20.0,5,0,0.46,8019.0,36,6.42,debt_consolidation,0.034,0.037,0
66,85926.0,4.3,RENT,47.2,8,2,0.19,14081.0,24,10.96,debt_consolidation,0.082,0.092,0
61,57652.0,6.1,MORTGAGE,40.9,8,1,0.071,6620.0,36,13.47,credit_card,0.038,0.047,0
45,120458.0,4.7,MORTGAGE,23.6,10,0,0.106,24118.0,36,9.28,debt_consolidation,0.067,0.077,0
40,60377.0,3.8,MORTGAGE,20.2,8,1,0.025,6257.0,24,12.02,home_improvement,0.052,0.059,0
41,26678.0,3.5,MORTGAGE,22.7,7,0,0.069,12088.0,36,10.78,credit_card,0.151,0.177,0
47,65029.0,4.1,MORTGAGE,28.9,4,0,0.186,18365.0,48,10.26,credit_card,0.071,0.086,0
28,61233.0,3.4,MORTGAGE,8.8,2,0,0.374,62865.0,36,4.67,credit_card,0.342,0.367,0
37,40069.0,4.7,RENT,18.5,5,0,0.264,4775.0,48,8.35,debt_consolidation,0.03,0.035,0
20,72170.0,13.1,MORTGAGE,0.0,10,0,0.397,12381.0,36,8.32,debt_consolidation,0.057,0.065,0
45,23533.0,6.0,RENT,26.4,6,0,0.158,37574.0,24,5.68,credit_card,0.798,0.846,0
48,88901.0,7.7,RENT,28.5,7,0,0.432,4472.0,48,10.24,credit_card,0.013,0.015,0
34,34924.0,5.5,MORTGAGE,12.3,3,1,0.158,13510.0,48,9.38,small_business,0.097,0.116,0
59,33108.0,6.2,MORTGAGE,35.9,10,2,0.338,9669.0,48,6.61,credit_card,0.073,0.083,0
25,51179.0,5.2,MORTGAGE,5.1,6,1,0.538,4323.0,36,6.36,credit_card,0.028,0.031,0
22,67271.0,0.2,RENT,3.4,3,0,0.393,13387.0,48,8.52,debt_consolidation,0.05,0.059,0
43,58804.0,40.0,MORTGAGE,24.1,7,0,0.572,21197.0,36,12.87,home_improvement,0.12,0.145,1
53,37372.0,0.2,RENT,33.4,3,0,0.304,4834.0,48,9.29,debt_consolidation,0.032,0.039,0
60,42064.0,3.0,OWN,40.6,7,0,0.56,9083.0,36,11.01,major_purchase,0.072,0.085,0
34,30745.0,0.7,MORTGAGE,14.7,6,0,0.624,17683.0,60,7.16,medical,0.115,0.137,0
53,48420.0,0.6,MORTGAGE,34.6,2,0,0.23,17823.0,36,9.22,debt_consolidation,0.123,0.141,0
40,92736.0,9.5,MORTGAGE,14.7,7,0,0.516,6846.0,48,11.3,credit_card,0.018,0.023,0
38,54061.0,3.3,MORTGAGE,19.9,4,0,0.381,10071.0,36,12.79,credit_card,0.062,0.075,0
51,83259.0,9.7,MORTGAGE,31.3,0,0,0.171,12490.0,36,10.59,debt_consolidation,0.05,0.059,0
48,112162.0,1.9,RENT,18.2,4,1,0.125,8438.0,36,6.47,debt_consolidation,0.025,0.028,0
21,40376.0,1.8,MORTGAGE,0.0,6,0,0.217,22764.0,60,11.75,credit_card,0.113,0.15,0
58,49351.0,1.7,MORTGAGE,38.7,9,0,0.32,23495.0,60,9.74,debt_consolidation,0.095,0.121,0
57,160427.0,5.7,RENT,38.5,2,0,0.285,16396.0,36,7.2,debt_consolidation,0.034,0.038,0
32,111544.0,10.1,MORTGAGE,4.0,8,0,0.536,5043.0,36,9.03,debt_consolidation,0.015,0.017,0
45,23477.0,3.6,OWN,27.0,2,0,0.228,9995.0,36,11.17,debt_consolidation,0.142,0.168,0
46,65747.0,2.9,MORTGAGE,24.6,8,0,0.176,21923.0,24,11.94,credit_card,0.167,0.188,0
43,54192.0,21.8,RENT,18.6,6,0,0.175,11142.0,60,9.31,credit_card,0.041,0.052,0
33,81898.0,0.7,MORTGAGE,14.9,5,1,0.204,3909.0,48,9.81,debt_consolidation,0.012,0.014,0
32,37328.0,4.0,RENT,10.1,5,0,0.479,10757.0,36,12.23,medical,0.096,0.115,1
40,35603.0,3.2,MORTGAGE,1.7,2,0,0.286,8571.0,12,9.13,credit_card,0.241,0.253,0
54,38637.0,0.6,MORTGAGE,32.9,7,0,0.249,6534.0,36,7.85,debt_consolidation,0.056,0.063,0
47,40702.0,1.9,OWN,27.4,3,1,0.325,10688.0,12,6.67,debt_consolidation,0.263,0.272,0
36,81443.0,0.2,RENT,11.8,6,0,0.127,19648.0,24,8.92,credit_card,0.121,0.132,0
49,30013.0,12.6,MORTGAGE,28.6,4,1,0.511,8935.0,60,8.96,major_purchase,0.06,0.074,0
18,39684.0,5.6,OWN,0.0,2,1,0.117,8182.0,36,10.45,debt_consolidation,0.069,0.08,0
54,22148.0,10.1,MORTGAGE,33.3,3,0,0.246,11007.0,60,8.13,debt_consolidation,0.099,0.121,0
19,89640.0,4.4,RENT,0.9,5,0,0.392,11943.0,24,5.51,home_improvement,0.067,0.071,0
36,102285.0,5.5,RENT,17.3,9,0,0.172,9252.0,36,6.64,debt_consolidation,0.03,0.033,0
27,46003.0,7.2,RENT,8.8,5,0,0.182,6996.0,48,12.66,home_improvement,0.038,0.049,0
24,46678.0,14.3,MORTGAGE,5.7,6,0,0.537,20600.0,48,11.36,home_improvement,0.11,0.138,0
54,67956.0,0.6,RENT,36.0,7,0,0.028,15445.0,12,11.79,debt_consolidation,0.227,0.242,0
34,113237.0,2.4,RENT,14.4,4,0,0.501,6390.0,36,7.07,home_improvement,0.019,0.021,0
44,66457.0,7.4,MORTGAGE,25.4,10,0,0.48,5768.0,36,8.44,major_purchase,0.029,0.033,0
39,38224.0,19.1,MORTGAGE,15.2,5,0,0.115,8922.0,12,10.72,other,0.233,0.247,0
46,24115.0,23.7,MORTGAGE,23.8,10,0,0.333,8596.0,36,5.95,debt_consolidation,0.119,0.13,0
41,31022.0,6.1,MORTGAGE,20.4,7,1,0.271,7379.0,48,5.29,debt_consolidation,0.059,0.066,0
25,56196.0,1.3,MORTGAGE,5.0,2,0,0.263,16044.0,36,6.43,home_improvement,0.095,0.105,0
52,39040.0,0.8,RENT,33.1,3,1,0.428,7705.0,24,7.62,credit_card,0.099,0.107,0
34,59724.0,17.5,RENT,14.1,5,0,0.218,7903.0,48,11.06,credit_card,0.033,0.041,0
21,41091.0,3.4,MORTGAGE,0.0,2,0,0.553,13267.0,60,9.76,credit_card,0.065,0.082,0
35,31918.0,1.3,MORTGAGE,12.4,1,1,0.73,8105.0,24,10.34,debt_consolidation,0.127,0.141,0
58,30076.0,16.3,OWN,39.7,3,1,0.443,18187.0,48,8.04,credit_card,0.151,0.177,0
50,118323.0,0.7,MORTGAGE,28.3,7,0,0.181,15157.0,60,6.4,debt_consolidation,0.026,0.03,0
36,84499.0,7.8,MORTGAGE,13.9,8,0,0.183,16893.0,12,9.04,credit_card,0.2,0.21,0
36,128703.0,5.9,RENT,15.5,9,0,0.392,37321.0,36,8.11,credit_card,0.097,0.109,0
36,70967.0,0.6,MORTGAGE,17.3,4,1,0.298,10348.0,60,8.21,small_business,0.029,0.036,0
65,43696.0,2.5,MORTGAGE,44.7,0,0,0.198,15244.0,60,10.28,other,0.07,0.09,0
45,104995.0,1.0,OWN,24.9,5,0,0.301,6668.0,36,9.18,medical,0.021,0.024,0
45,53288.0,5.6,OWN,25.1,2,0,0.601,15962.0,48,7.86,credit_card,0.075,0.088,0
52,60501.0,3.9,RENT,32.1,7,0,0.275,16211.0,36,9.02,debt_consolidation,0.089,0.102,0
43,53029.0,0.0,OWN,24.6,4,0,0.321,18725.0,36,6.93,credit_card,0.118,0.131,0
37,15000.0,22.3,MORTGAGE,18.4,2,0,0.146,12047.0,60,7.38,small_business,0.161,0.193,0
38,120858.0,2.6,MORTGAGE,19.7,3,0,0.58,10529.0,36,8.37,small_business,0.029,0.033,0
39,69252.0,1.8,MORTGAGE,20.2,5,0,0.054,13032.0,48,5.97,small_business,0.047,0.053,0
40,63890.0,1.5,RENT,21.1,5,1,0.199,13831.0,48,9.94,debt_consolidation,0.054,0.066,0
49,52529.0,1.0,MORTGAGE,30.2,4,0,0.254,62371.0,60,5.8,credit_card,0.237,0.274,0
41,58789.0,40.0,RENT,22.3,6,0,0.606,12927.0,36,6.76,medical,0.073,0.081,0
49,40189.0,2.1,RENT,27.0,8,0,0.199,13527.0,24,7.82,credit_card,0.168,0.182,0
39,73739.0,3.1,OWN,15.9,5,1,0.415,20883.0,36,9.36,credit_card,0.094,0.109,0
41,28182.0,12.3,MORTGAGE,21.8,7,1,0.276,3174.0,12,8.59,credit_card,0.113,0.118,0
18,59459.0,6.2,RENT,0.0,1,1,0.813,11359.0,36,4.0,debt_consolidation,0.064,0.068,1
51,71739.0,2.8,MORTGAGE,27.4,5,0,0.388,9155.0,60,7.4,small_business,0.026,0.031,0
44,49053.0,13.7,RENT,23.1,2,1,0.241,10958.0,48,11.81,credit_card,0.056,0.07,0
52,65214.0,8.3,MORTGAGE,33.0,4,0,0.411,13524.0,12,9.9,small_business,0.207,0.219,0
18,33002.0,1.6,RENT,0.0,5,1,0.615,18171.0,36,6.62,credit_card,0.184,0.203,0
65,33426.0,6.2,MORTGAGE,45.7,4,0,0.18,9924.0,12,7.83,debt_consolidation,0.297,0.31,0
38,60983.0,15.3,MORTGAGE,17.4,5,1,0.504,32041.0,48,10.57,debt_consolidation,0.131,0.162,0
53,76060.0,4.1,OWN,20.3,4,1,0.217,20860.0,60,7.94,credit_card,0.055,0.067,0
28,21217.0,7.9,MORTGAGE,8.9,5,0,0.577,10969.0,24,6.98,credit_card,0.258,0.278,0
47,70334.0,21.3,OWN,21.0,8,0,0.054,4486.0,48,7.33,credit_card,0.016,0.018,0
27,41291.0,7.0,MORTGAGE,7.8,3,0,0.23,11490.0,36,9.49,credit_card,0.093,0.107,0
33,49197.0,0.6,OWN,12.7,5,1,0.467,10376.0,36,9.64,debt_consolidation,0.07,0.081,0
63,27729.0,1.7,OWN,43.2,9,0,0.148,9198.0,36,11.36,small_business,0.111,0.131,0
38,35390.0,5.4,MORTGAGE,15.4,8,1,0.345,6304.0,12,9.37,debt_consolidation,0.178,0.187,0
43,87822.0,1.9,RENT,24.8,8,0,0.161,16191.0,24,10.14,home_improvement,0.092,0.102,0
50,55074.0,19.0,MORTGAGE,29.0,2,0,0.424,4072.0,24,8.1,other,0.037,0.04,0
46,44739.0,3.1,MORTGAGE,23.7,10,0,0.301,29907.0,24,7.31,debt_consolidation,0.334,0.36,0
42,51111.0,3.7,RENT,22.1,1,2,0.296,14235.0,24,7.02,small_business,0.139,0.15,0
44,69190.0,7.3,RENT,25.7,0,1,0.17,13344.0,36,8.45,medical,0.064,0.073,0
69,67525.0,4.5,MORTGAGE,50.2,5,0,0.348,47258.0,48,8.06,debt_consolidation,0.175,0.205,0
39,52182.0,2.9,OWN,17.6,1,1,0.145,16781.0,36,6.57,small_business,0.107,0.118,0
42,93571.0,0.5,RENT,17.2,6,0,0.427,12555.0,24,7.36,credit_card,0.067,0.072,0
53,88012.0,5.4,MORTGAGE,33.4,6,1,0.208,8476.0,48,12.71,debt_consolidation,0.024,0.031,0
53,66615.0,12.1,RENT,32.5,1,0,0.216,11186.0,60,7.18,debt_consolidation,0.034,0.04,0
54,55676.0,6.9,MORTGAGE,35.2,7,1,0.367,7387.0,36,8.57,other,0.044,0.05,0
48,75257.0,2.9,RENT,28.4,5,0,0.408,8606.0,48,4.0,home_improvement,0.029,0.031,0
26,63395.0,0.8,RENT,6.8,5,0,0.291,6300.0,60,8.11,debt_consolidation,0.02,0.024,0
60,92079.0,10.2,RENT,38.8,6,0,0.233,25244.0,36,10.91,major_purchase,0.091,0.108,0
26,84947.0,17.1,MORTGAGE,0.0,2,0,0.376,11581.0,24,8.22,major_purchase,0.068,0.074,0
44,32561.0,2.9,MORTGAGE,21.0,2,1,0.342,5663.0,36,7.0,medical,0.058,0.064,0
31,31477.0,7.8,MORTGAGE,12.4,4,0,0.095,16621.0,24,6.87,small_business,0.264,0.283,0
39,38154.0,3.2,MORTGAGE,18.4,9,0,0.305,12357.0,24,9.88,credit_card,0.162,0.179,0
44,88262.0,4.2,OWN,25.8,5,1,0.436,6220.0,36,10.88,credit_card,0.023,0.028,0
44,24633.0,10.9,RENT,25.1,4,0,0.526,8113.0,36,13.81,small_business,0.11,0.135,0
45,65998.0,0.5,RENT,26.4,6,1,0.316,8221.0,48,4.0,credit_card,0.031,0.034,0
59,64943.0,4.5,OWN,39.8,5,1,0.19,64387.0,36,7.45,small_business,0.33,0.37,0
45,96889.0,1.4,RENT,23.6,10,1,0.241,18581.0,60,9.04,small_business,0.038,0.048,0
37,59288.0,2.5,RENT,16.9,6,2,0.364,23031.0,36,10.79,other,0.129,0.152,0
52,27678.0,6.2,MORTGAGE,25.9,11,0,0.158,11544.0,36,11.59,debt_consolidation,0.139,0.165,0
54,33534.0,0.2,MORTGAGE,35.3,7,1,0.074,7370.0,24,7.5,home_improvement,0.11,0.119,0
25,30001.0,5.4,RENT,5.6,1,0,0.193,4033.0,36,8.18,debt_consolidation,0.045,0.051,0
47,41400.0,2.0,RENT,27.8,7,0,0.25,8518.0,24,7.82,other,0.103,0.111,0
48,49442.0,6.6,MORTGAGE,29.2,3,0,0.093,32529.0,36,9.74,small_business,0.219,0.254,0
36,30251.0,0.9,MORTGAGE,3.0,3,0,0.26,9778.0,48,10.73,debt_consolidation,0.081,0.1,0
57,113021.0,8.0,MORTGAGE,37.5,2,0,0.555,14932.0,36,11.04,other,0.044,0.052,0
38,27927.0,6.2,MORTGAGE,11.5,5,0,0.408,11513.0,36,9.66,home_improvement,0.137,0.159,0
42,106197.0,21.3,MORTGAGE,22.5,6,0,0.395,14802.0,36,6.88,home_improvement,0.046,0.052,0
38,97986.0,14.5,MORTGAGE,19.3,3,1,0.1,11490.0,36,10.2,debt_consolidation,0.039,0.046,0
40,84893.0,2.0,OWN,21.6,9,0,0.114,12406.0,12,13.6,debt_consolidation,0.146,0.157,0
27,38297.0,0.2,MORTGAGE,3.2,2,0,0.174,4489.0,36,11.62,other,0.039,0.046,0
23,64294.0,6.4,MORTGAGE,4.9,3,2,0.254,18981.0,36,7.19,debt_consolidation,0.098,0.11,1
59,28604.0,5.5,RENT,31.0,3,0,0.2,9607.0,48,10.93,major_purchase,0.084,0.104,0
30,85430.0,0.2,RENT,10.4,4,0,0.183,10932.0,24,14.24,debt_consolidation,0.064,0.074,0
28,52209.0,0.8,MORTGAGE,9.1,5,0,0.218,4127.0,12,12.14,credit_card,0.079,0.084,0
18,44150.0,5.3,OWN,0.0,3,1,0.409,12956.0,12,7.44,credit_card,0.293,0.305,1
32,29382.0,14.6,RENT,13.6,5,0,0.374,9640.0,24,8.13,small_business,0.164,0.178,0
24,15697.0,14.2,RENT,5.8,4,0,0.025,11318.0,12,10.0,debt_consolidation,0.721,0.761,0
60,32232.0,1.0,RENT,36.7,5,1,0.324,6094.0,48,7.21,debt_consolidation,0.047,0.055,0
52,94504.0,2.9,MORTGAGE,32.3,3,1,0.275,6060.0,60,8.84,major_purchase,0.013,0.016,0
32,44293.0,0.3,OWN,11.8,4,1,0.217,11274.0,24,8.96,home_improvement,0.127,0.139,0
67,49778.0,3.8,RENT,48.4,7,0,0.382,10399.0,12,9.71,home_improvement,0.209,0.22,0
52,75190.0,8.4,RENT,33.8,7,0,0.14,8158.0,36,7.68,credit_card,0.036,0.041,0
36,133631.0,9.4,RENT,16.6,4,0,0.393,3800.0,36,13.58,debt_consolidation,0.009,0.012,0
18,105083.0,4.1,RENT,0.0,4,0,0.223,39259.0,36,8.35,major_purchase,0.125,0.141,0
67,33317.0,0.6,MORTGAGE,44.6,7,0,0.259,15263.0,48,11.98,major_purchase,0.115,0.145,0
23,20511.0,2.9,RENT,2.9,7,0,0.235,6102.0,60,11.44,small_business,0.059,0.078,0
20,176276.0,16.1,OWN,0.0,5,1,0.132,11140.0,60,9.1,small_business,0.013,0.016,0
52,168467.0,1.6,OWN,33.6,3,0,0.183,7441.0,24,4.9,home_improvement,0.022,0.023,1
69,59529.0,2.3,MORTGAGE,50.8,2,1,0.069,11515.0,12,8.03,small_business,0.193,0.202,0
57,28703.0,8.2,MORTGAGE,38.5,4,0,0.288,17548.0,12,9.09,debt_consolidation,0.611,0.642,0
47,87694.0,7.9,MORTGAGE,24.6,1,0,0.224,7064.0,48,10.95,home_improvement,0.02,0.025,0
47,51329.0,14.6,OWN,24.7,6,0,0.448,20851.0,36,8.11,debt_consolidation,0.135,0.153,0
50,51201.0,2.9,RENT,31.5,5,0,0.246,8160.0,24,7.97,small_business,0.08,0.086,0
49,84730.0,4.3,OWN,30.9,8,1,0.318,8268.0,36,8.3,other,0.033,0.037,0
43,64035.0,3.8,MORTGAGE,21.5,10,0,0.289,9775.0,48,9.54,major_purchase,0.038,0.046,0
41,29944.0,15.8,MORTGAGE,17.2,4,0,0.075,19718.0,36,9.94,debt_consolidation,0.219,0.255,0
39,46057.0,8.8,MORTGAGE,16.8,5,0,0.211,3606.0,48,8.03,debt_consolidation,0.02,0.023,0
31,75401.0,10.7,OWN,12.3,3,1,0.173,22118.0,60,8.02,debt_consolidation,0.059,0.071,1
37,69921.0,0.9,MORTGAGE,16.4,5,0,0.036,11836.0,48,8.0,major_purchase,0.042,0.05,0
20,61760.0,9.4,RENT,0.0,4,1,0.12,7664.0,24,9.49,other,0.062,0.068,0
39,86397.0,3.4,RENT,20.1,6,0,0.226,32517.0,24,11.58,debt_consolidation,0.188,0.212,0
28,45213.0,0.1,MORTGAGE,7.7,8,1,0.175,7566.0,24,13.13,other,0.084,0.096,0
27,59239.0,0.4,MORTGAGE,7.9,2,3,0.624,14574.0,12,9.71,credit_card,0.246,0.259,1
42,15000.0,6.8,MORTGAGE,23.2,5,0,0.268,4689.0,60,9.33,major_purchase,0.063,0.078,0
57,43268.0,2.8,RENT,28.5,9,1,0.128,11189.0,36,10.08,debt_consolidation,0.086,0.1,0
51,79376.0,12.2,OWN,25.7,9,0,0.386,5637.0,24,12.0,debt_consolidation,0.036,0.04,0
21,44569.0,8.0,RENT,1.2,10,0,0.241,22207.0,12,4.0,other,0.498,0.509,0
28,42911.0,0.1,MORTGAGE,9.6,7,0,0.251,7356.0,60,6.44,credit_card,0.034,0.04,1
51,32186.0,7.0,RENT,29.1,3,1,0.078,17141.0,48,11.78,debt_consolidation,0.133,0.168,0
28,89472.0,1.3,RENT,9.1,3,1,0.144,12098.0,60,7.17,small_business,0.027,0.032,0
37,71270.0,3.3,OWN,18.4,7,1,0.41,18186.0,24,8.7,debt_consolidation,0.128,0.139,0
47,81855.0,5.9,MORTGAGE,27.6,3,0,0.291,11945.0,12,9.6,debt_consolidation,0.146,0.154,0
28,22854.0,12.4,MORTGAGE,7.7,10,1,0.201,11071.0,36,8.93,small_business,0.161,0.185,0
41,50000.0,3.7,RENT,22.7,5,1,0.271,7414.0,24,8.26,credit_card,0.074,0.081,0
24,47096.0,9.9,MORTGAGE,3.5,5,1,0.219,7044.0,60,5.78,debt_consolidation,0.03,0.035,0
33,47085.0,9.2,RENT,15.0,5,0,0.101,14332.0,12,7.27,credit_card,0.304,0.317,0
44,39814.0,3.2,RENT,19.3,4,0,0.095,18665.0,24,10.55,other,0.234,0.261,0
21,45567.0,4.2,OWN,0.0,4,1,0.145,19007.0,12,9.05,debt_consolidation,0.417,0.438,1
45,82853.0,7.2,RENT,23.0,5,0,0.124,13968.0,48,11.76,debt_consolidation,0.042,0.053,0
40,20818.0,0.2,RENT,20.1,6,0,0.501,11878.0,36,10.39,other,0.19,0.222,0
47,131748.0,13.3,MORTGAGE,28.1,7,1,0.313,16434.0,36,8.11,debt_consolidation,0.042,0.047,0
43,69004.0,8.8,MORTGAGE,20.9,3,0,0.286,6587.0,24,10.05,other,0.048,0.053,0
56,53042.0,1.7,RENT,29.9,5,0,0.063,6342.0,24,9.37,credit_card,0.06,0.066,0
42,85256.0,23.8,OWN,23.5,4,0,0.108,5440.0,48,9.14,debt_consolidation,0.016,0.019,0
35,26215.0,1.2,RENT,15.1,6,0,0.179,9241.0,60,6.7,credit_card,0.071,0.083,0
41,38857.0,14.7,MORTGAGE,21.9,3,1,0.32,21410.0,48,5.19,debt_consolidation,0.138,0.153,0
47,50994.0,2.4,RENT,27.7,2,1,0.229,23126.0,48,8.64,credit_card,0.113,0.134,0
41,107235.0,8.6,RENT,21.4,8,0,0.093,9525.0,36,7.24,home_improvement,0.03,0.033,0
40,52931.0,3.7,RENT,12.9,3,1,0.142,18118.0,60,8.73,home_improvement,0.068,0.085,0
32,67848.0,8.0,MORTGAGE,13.1,8,0,0.171,7462.0,60,8.77,other,0.022,0.027,0
32,40345.0,1.0,RENT,12.0,4,0,0.141,5115.0,48,11.94,small_business,0.032,0.04,0
23,69108.0,1.9,OWN,0.0,3,0,0.255,7689.0,36,8.89,debt_consolidation,0.037,0.042,0
61,125319.0,0.6,MORTGAGE,41.1,3,0,0.446,12994.0,48,8.6,medical,0.026,0.031,0
25,89122.0,12.0,RENT,1.0,7,0,0.166,10080.0,36,10.6,debt_consolidation,0.038,0.044,0
32,52014.0,2.1,RENT,13.8,1,0,0.486,31796.0,36,12.67,debt_consolidation,0.204,0.246,1
31,75944.0,7.1,MORTGAGE,3.8,6,1,0.289,10231.0,36,6.44,small_business,0.045,0.05,1
51,72313.0,10.3,RENT,32.4,7,0,0.438,7250.0,24,10.26,credit_card,0.05,0.056,0
36,69793.0,13.9,RENT,6.3,6,1,0.291,12862.0,48,10.71,credit_card,0.046,0.057,0
55,94464.0,0.7,RENT,36.4,6,0,0.019,17617.0,60,11.26,debt_consolidation,0.037,0.049,0
32,94112.0,13.4,RENT,12.2,1,2,0.356,9918.0,36,10.26,debt_consolidation,0.035,0.041,0
43,50839.0,1.3,MORTGAGE,23.9,5,0,0.378,3145.0,36,9.11,home_improvement,0.021,0.024,0
30,74678.0,8.0,RENT,10.3,0,1,0.431,4725.0,60,6.75,debt_consolidation,0.013,0.015,0
66,44732.0,7.8,RENT,47.1,5,0,0.589,15518.0,36,12.34,home_improvement,0.116,0.139,0
26,34148.0,0.1,OWN,0.0,5,0,0.287,17453.0,36,11.13,debt_consolidation,0.17,0.201,0
44,47347.0,1.5,MORTGAGE,24.9,5,3,0.266,22645.0,36,4.58,home_improvement,0.159,0.171,0
48,52149.0,4.1,MORTGAGE,26.8,9,0,0.268,22588.0,36,10.48,debt_consolidation,0.144,0.169,0
45,23605.0,3.3,MORTGAGE,26.6,8,0,0.285,16646.0,36,9.74,debt_consolidation,0.235,0.272,0
38,83297.0,15.0,MORTGAGE,14.8,3,1,0.366,12155.0,48,5.5,major_purchase,0.036,0.041,0
38,15000.0,2.7,MORTGAGE,17.7,3,0,0.101,30657.0,60,9.89,major_purchase,0.409,0.52,0
41,210535.0,16.6,MORTGAGE,11.3,8,0,0.48,10800.0,48,6.59,debt_consolidation,0.013,0.015,0
38,114799.0,3.7,RENT,18.3,8,0,0.518,21637.0,36,9.3,debt_consolidation,0.063,0.072,0
52,47548.0,20.0,MORTGAGE,33.3,8,0,0.342,5213.0,36,9.75,small_business,0.037,0.042,0
67,54432.0,8.0,OWN,47.7,3,0,0.623,6153.0,60,7.45,small_business,0.023,0.027,0
33,63038.0,10.6,RENT,11.0,0,0,0.39,13545.0,60,9.33,debt_consolidation,0.043,0.054,0
24,40353.0,0.7,RENT,2.8,5,0,0.186,7812.0,60,8.52,debt_consolidation,0.039,0.048,0
39,59654.0,5.3,OWN,16.5,5,0,0.156,13593.0,36,10.99,debt_consolidation,0.076,0.09,0
71,50413.0,0.9,MORTGAGE,52.8,3,0,0.266,20088.0,36,8.7,credit_card,0.133,0.151,0
30,51682.0,2.1,MORTGAGE,9.4,9,0,0.515,6889.0,36,7.29,home_improvement,0.044,0.05,0
60,59322.0,5.9,RENT,33.9,11,0,0.054,7448.0,36,6.64,other,0.042,0.046,0
60,28092.0,7.8,OWN,41.7,2,1,0.348,2593.0,60,13.05,debt_consolidation,0.018,0.025,0
33,55259.0,0.2,RENT,14.7,5,0,0.088,10732.0,36,5.81,credit_card,0.065,0.071,0
47,58790.0,4.5,RENT,25.2,8,0,0.324,14313.0,24,8.74,debt_consolidation,0.122,0.133,0
60,57782.0,5.0,MORTGAGE,40.9,4,0,0.416,13492.0,36,13.63,credit_card,0.078,0.095,0
35,48634.0,0.5,RENT,13.8,1,0,0.464,13557.0,12,7.46,small_business,0.279,0.29,0
38,95696.0,4.2,MORTGAGE,17.6,6,1,0.316,13002.0,48,13.18,debt_consolidation,0.034,0.044,0
33,45396.0,7.5,MORTGAGE,2.2,9,1,0.356,12555.0,12,13.48,home_improvement,0.277,0.297,0
28,60698.0,0.3,MORTGAGE,3.4,6,0,0.231,10311.0,24,7.39,major_purchase,0.085,0.092,0
32,103637.0,8.6,MORTGAGE,10.6,4,1,0.282,13342.0,60,10.46,debt_consolidation,0.026,0.033,0
25,52068.0,5.2,MORTGAGE,6.1,6,0,0.103,18058.0,24,7.4,debt_consolidation,0.173,0.187,0
40,60309.0,10.7,RENT,21.1,5,2,0.43,3077.0,12,7.41,debt_consolidation,0.051,0.053,1
31,51627.0,1.5,RENT,6.6,5,0,0.174,13501.0,24,10.79,home_improvement,0.131,0.146,0
43,100578.0,10.7,MORTGAGE,22.4,4,0,0.198,14278.0,24,8.96,home_improvement,0.071,0.078,0
21,47626.0,0.6,MORTGAGE,0.0,7,0,0.284,5409.0,12,8.07,home_improvement,0.114,0.119,0
44,102917.0,3.1,MORTGAGE,24.2,4,3,0.074,5045.0,24,10.98,credit_card,0.025,0.027,0
50,51442.0,1.3,RENT,31.7,2,2,0.279,22492.0,36,9.24,credit_card,0.146,0.167,0
18,35252.0,12.5,RENT,0.0,4,0,0.264,23393.0,36,6.41,medical,0.221,0.244,1
44,76091.0,7.3,RENT,25.5,5,0,0.411,13520.0,12,8.57,debt_consolidation,0.178,0.186,0
55,46521.0,0.2,MORTGAGE,32.4,2,0,0.577,5932.0,36,9.95,credit_card,0.043,0.049,0
25,73884.0,0.1,RENT,3.4,1,0,0.192,20419.0,48,9.01,home_improvement,0.069,0.083,0
60,15000.0,2.1,RENT,41.7,6,0,0.121,14508.0,36,10.33,debt_consolidation,0.322,0.376,0
45,54318.0,0.9,MORTGAGE,24.1,9,2,0.365,15620.0,24,10.28,medical,0.144,0.16,0
32,43053.0,6.0,RENT,7.8,7,0,0.257,3862.0,24,8.83,home_improvement,0.045,0.049,0
39,31837.0,6.5,MORTGAGE,17.4,6,1,0.393,16784.0,36,9.67,debt_consolidation,0.176,0.203,0
47,41084.0,17.1,MORTGAGE,26.9,6,1,0.039,20975.0,48,11.14,debt_consolidation,0.128,0.159,0
41,40666.0,18.2,RENT,21.9,5,0,0.534,10637.0,36,7.58,small_business,0.087,0.098,0
46,52892.0,6.5,MORTGAGE,21.5,5,1,0.516,7510.0,36,9.91,debt_consolidation,0.047,0.055,0
29,27346.0,0.0,RENT,9.4,5,0,0.143,9255.0,48,6.1,small_business,0.085,0.096,0
42,63458.0,2.7,MORTGAGE,18.2,3,0,0.318,9922.0,24,12.36,home_improvement,0.078,0.089,0
23,107270.0,4.3,RENT,0.4,3,1,0.199,8681.0,60,9.65,medical,0.016,0.02,1
39,62347.0,4.1,OWN,15.9,8,1,0.337,19262.0,60,9.72,home_improvement,0.062,0.078,0
29,81186.0,5.5,MORTGAGE,0.0,5,0,0.426,3719.0,36,7.57,home_improvement,0.015,0.017,0
31,93646.0,19.4,RENT,8.9,4,0,0.3,8254.0,48,6.5,small_business,0.022,0.025,0
55,100533.0,13.0,RENT,36.9,2,1,0.391,10620.0,36,12.73,credit_card,0.035,0.043,0
53,138008.0,0.7,MORTGAGE,34.3,4,1,0.292,8745.0,12,6.2,credit_card,0.063,0.066,0
47,42209.0,1.9,OWN,28.9,10,0,0.153,5734.0,24,8.93,small_business,0.068,0.074,0
27,37826.0,10.7,MORTGAGE,8.4,1,0,0.269,11910.0,12,7.53,credit_card,0.315,0.328,0
36,80156.0,10.4,MORTGAGE,17.8,5,0,0.435,24507.0,12,5.35,major_purchase,0.306,0.315,0
55,77198.0,1.9,RENT,34.9,2,2,0.431,6063.0,60,8.22,home_improvement,0.016,0.019,0
42,79845.0,7.9,OWN,23.9,3,0,0.528,52625.0,24,9.85,home_improvement,0.33,0.364,1
68,139336.0,6.7,MORTGAGE,48.1,4,0,0.337,13060.0,24,11.37,credit_card,0.047,0.053,0
45,54485.0,3.8,RENT,20.1,4,0,0.133,13987.0,48,7.18,home_improvement,0.064,0.074,0
42,67042.0,1.3,RENT,19.9,8,1,0.157,11286.0,36,11.38,debt_consolidation,0.056,0.066,0
36,33183.0,13.2,RENT,9.4,3,0,0.158,8880.0,60,9.3,home_improvement,0.054,0.067,0
42,157576.0,6.8,MORTGAGE,23.2,2,0,0.216,7712.0,48,8.96,debt_consolidation,0.012,0.015,0
38,45786.0,1.1,MORTGAGE,17.7,5,1,0.264,8872.0,48,6.64,other,0.048,0.055,1
48,46439.0,7.3,RENT,28.8,4,0,0.2,11565.0,36,8.95,debt_consolidation,0.083,0.095,0
51,45553.0,8.1,MORTGAGE,31.0,5,0,0.128,9191.0,24,9.74,debt_consolidation,0.101,0.111,0
31,39244.0,13.1,MORTGAGE,10.6,6,1,0.068,19203.0,48,8.02,home_improvement,0.122,0.143,0
24,37620.0,1.5,MORTGAGE,5.9,4,0,0.284,6119.0,36,8.31,home_improvement,0.054,0.061,0
18,41695.0,26.9,MORTGAGE,0.0,6,0,0.456,4815.0,36,8.35,other,0.038,0.044,0
46,27367.0,1.0,MORTGAGE,24.3,6,3,0.223,22329.0,48,7.34,debt_consolidation,0.204,0.236,1
27,36583.0,5.5,MORTGAGE,4.6,1,0,0.403,15189.0,24,8.84,credit_card,0.208,0.227,0
18,143556.0,6.4,MORTGAGE,0.0,2,0,0.495,8898.0,48,10.22,credit_card,0.015,0.019,0
45,78263.0,3.3,MORTGAGE,26.1,2,0,0.16,5321.0,60,7.44,debt_consolidation,0.014,0.016,0
70,86073.0,3.9,OWN,50.4,3,0,0.293,9429.0,24,12.47,small_business,0.055,0.062,0
40,97597.0,13.3,RENT,21.7,5,0,0.3,5496.0,48,10.26,major_purchase,0.014,0.017,0
50,135546.0,6.2,MORTGAGE,22.8,7,0,0.252,5021.0,60,11.37,small_business,0.007,0.01,0
41,22343.0,4.1,MORTGAGE,16.9,1,0,0.443,42295.0,24,12.31,credit_card,0.946,1.073,1
39,29292.0,0.8,MORTGAGE,20.8,3,1,0.091,13942.0,48,7.64,home_improvement,0.119,0.138,0
51,36248.0,0.0,MORTGAGE,32.5,3,0,0.206,5373.0,48,6.81,home_improvement,0.037,0.042,0
37,42836.0,0.8,RENT,16.4,5,1,0.099,11044.0,24,9.27,major_purchase,0.129,0.142,0
43,46617.0,18.8,MORTGAGE,24.2,7,0,0.244,8606.0,24,13.81,credit_card,0.092,0.106,0
44,43326.0,8.7,OWN,17.8,7,1,0.224,12243.0,60,5.83,small_business,0.057,0.065,0
32,60455.0,20.5,MORTGAGE,9.8,5,0,0.223,3134.0,36,9.03,debt_consolidation,0.017,0.02,0
52,55141.0,0.2,RENT,33.0,6,1,0.401,24452.0,60,11.45,credit_card,0.089,0.117,0
38,37744.0,6.8,RENT,20.0,6,1,0.263,15844.0,36,7.56,debt_consolidation,0.14,0.157,0
31,18256.0,0.3,RENT,8.2,3,0,0.298,6646.0,12,14.87,debt_consolidation,0.364,0.394,0
46,32977.0,9.1,RENT,26.3,6,0,0.279,9637.0,48,12.59,credit_card,0.073,0.093,0
29,41167.0,2.9,OWN,7.9,5,0,0.333,2766.0,60,10.62,debt_consolidation,0.013,0.017,0
40,47880.0,0.6,MORTGAGE,21.0,5,0,0.047,18429.0,24,9.78,medical,0.192,0.213,0
40,30797.0,5.0,MORTGAGE,21.5,5,0,0.087,15000.0,36,8.07,debt_consolidation,0.162,0.183,0
53,42387.0,2.0,RENT,31.6,5,1,0.112,8796.0,36,6.6,home_improvement,0.069,0.076,0
46,30776.0,6.5,MORTGAGE,26.2,4,0,0.248,5525.0,60,8.23,credit_card,0.036,0.044,0
40,50873.0,6.4,MORTGAGE,21.2,11,0,0.315,45212.0,24,10.88,debt_consolidation,0.444,0.496,1
50,31680.0,7.3,RENT,31.6,4,0,0.251,18830.0,48,10.84,home_improvement,0.149,0.184,1
57,35438.0,29.3,MORTGAGE,36.4,8,0,0.38,9400.0,48,5.11,debt_consolidation,0.066,0.073,0
47,28160.0,2.9,MORTGAGE,25.1,4,0,0.121,9452.0,36,9.28,debt_consolidation,0.112,0.129,0
40,50174.0,3.8,RENT,21.0,5,0,0.187,19847.0,36,11.24,small_business,0.132,0.156,0
24,35129.0,9.8,RENT,2.0,5,0,0.126,14492.0,36,12.53,major_purchase,0.138,0.166,1
27,85254.0,5.2,MORTGAGE,8.4,6,0,0.803,12491.0,36,11.61,debt_consolidation,0.049,0.058,0
36,66365.0,0.2,MORTGAGE,16.8,2,1,0.238,13839.0,36,10.46,home_improvement,0.07,0.081,0
33,52317.0,11.1,RENT,10.9,6,1,0.293,3347.0,24,6.56,major_purchase,0.032,0.034,1
38,36361.0,0.3,MORTGAGE,16.8,9,0,0.483,7338.0,48,9.81,other,0.05,0.061,0
41,65530.0,1.1,MORTGAGE,22.1,8,0,0.157,5759.0,36,10.6,credit_card,0.029,0.034,0
46,76523.0,0.6,OWN,27.6,5,0,0.413,4016.0,24,9.94,major_purchase,0.026,0.029,0
39,58183.0,0.5,MORTGAGE,20.9,9,1,0.371,7834.0,60,10.55,credit_card,0.027,0.035,0
46,120795.0,0.2,OWN,22.5,6,0,0.454,14335.0,36,9.64,home_improvement,0.04,0.046,0
41,68174.0,0.3,RENT,22.8,3,1,0.319,13597.0,24,9.28,debt_consolidation,0.1,0.11,0
18,85545.0,3.5,RENT,0.0,8,0,0.433,7830.0,60,8.2,credit_card,0.018,0.022,0
29,57918.0,1.7,OWN,10.2,3,0,0.211,4889.0,12,7.25,home_improvement,0.084,0.088,0
38,75950.0,0.8,MORTGAGE,18.2,3,1,0.407,11704.0,24,8.75,medical,0.077,0.084,0
25,36374.0,6.5,RENT,2.3,6,1,0.654,9428.0,36,10.31,small_business,0.086,0.101,0
47,43079.0,1.5,MORTGAGE,28.1,6,0,0.308,20815.0,36,10.86,medical,0.161,0.189,1
58,64517.0,0.1,MORTGAGE,37.6,3,0,0.191,11804.0,48,9.8,credit_card,0.046,0.055,0
55,64283.0,3.3,RENT,36.7,3,0,0.164,11141.0,60,8.07,credit_card,0.035,0.042,0
37,69829.0,2.2,RENT,17.1,7,0,0.166,17892.0,36,6.32,debt_consolidation,0.085,0.094,0
58,93920.0,2.3,MORTGAGE,39.4,4,0,0.434,17221.0,24,9.7,credit_card,0.092,0.101,0
42,26569.0,3.5,MORTGAGE,23.3,4,0,0.045,11100.0,36,7.64,home_improvement,0.139,0.156,0
36,33282.0,6.6,RENT,16.6,7,1,0.155,26784.0,36,8.67,credit_card,0.268,0.306,1
33,60766.0,5.8,RENT,10.7,4,1,0.267,27991.0,48,11.96,credit_card,0.115,0.145,0
36,37715.0,16.6,MORTGAGE,13.9,8,0,0.388,10340.0,24,12.0,major_purchase,0.137,0.155,0
35,293280.0,4.4,RENT,15.4,4,0,0.334,7837.0,48,6.93,credit_card,0.007,0.008,0
42,70113.0,3.8,RENT,23.6,6,1,0.114,11424.0,60,9.28,credit_card,0.033,0.041,0
42,52096.0,1.4,RENT,23.0,2,0,0.222,10087.0,36,9.06,other,0.065,0.074,0
40,41868.0,8.4,RENT,19.9,6,1,0.215,10200.0,48,4.51,debt_consolidation,0.061,0.067,0
45,42613.0,0.9,MORTGAGE,20.9,6,0,0.626,9561.0,60,4.0,medical,0.045,0.05,0
54,54999.0,4.1,RENT,25.6,4,1,0.221,6268.0,24,8.3,debt_consolidation,0.057,0.062,0
51,57296.0,3.3,RENT,30.0,7,0,0.487,9877.0,36,9.43,home_improvement,0.057,0.066,0
22,43116.0,6.4,MORTGAGE,2.7,2,1,0.356,5854.0,36,11.67,home_improvement,0.045,0.054,0
18,47260.0,15.0,MORTGAGE,0.0,6,0,0.157,9911.0,24,10.61,credit_card,0.105,0.117,1
51,106101.0,17.6,MORTGAGE,31.8,6,0,0.131,17288.0,12,8.3,debt_consolidation,0.163,0.17,0
24,108256.0,1.1,RENT,3.1,8,0,0.32,6504.0,48,10.12,medical,0.015,0.018,0
37,61452.0,1.8,RENT,18.2,3,1,0.023,10914.0,12,9.56,debt_consolidation,0.178,0.187,0
26,27705.0,10.0,MORTGAGE,7.1,4,1,0.313,23935.0,36,9.17,other,0.288,0.33,0
18,70916.0,4.4,RENT,0.0,4,1,0.529,2174.0,60,9.48,debt_consolidation,0.006,0.008,1
46,117847.0,3.6,RENT,26.4,5,0,0.306,10145.0,36,7.91,major_purchase,0.029,0.032,0
49,107462.0,7.4,OWN,28.1,2,0,0.612,16787.0,12,6.1,debt_consolidation,0.156,0.161,0
33,78215.0,5.5,OWN,10.3,0,0,0.244,12605.0,48,7.86,credit_card,0.04,0.047,0
18,110328.0,21.2,MORTGAGE,0.0,3,1,0.174,6100.0,12,9.37,debt_consolidation,0.055,0.058,0
33,55642.0,5.3,OWN,0.3,5,0,0.243,5328.0,24,12.72,credit_card,0.048,0.054,0
45,74165.0,3.8,MORTGAGE,26.7,5,1,0.494,5077.0,12,8.07,home_improvement,0.068,0.071,1
22,38546.0,4.7,MORTGAGE,2.0,10,0,0.053,12791.0,24,10.14,small_business,0.166,0.184,1
42,62701.0,9.9,RENT,21.8,7,1,0.109,16025.0,60,11.6,debt_consolidation,0.051,0.068,0
40,105321.0,5.7,MORTGAGE,17.1,5,1,0.274,19798.0,24,10.99,small_business,0.094,0.105,0
47,40348.0,6.2,RENT,28.1,3,1,0.256,19947.0,36,11.31,other,0.165,0.195,0
41,35217.0,21.3,MORTGAGE,22.8,8,1,0.351,13976.0,36,7.94,major_purchase,0.132,0.149,0
28,56883.0,5.8,RENT,8.9,1,1,0.086,11698.0,36,9.14,credit_card,0.069,0.079,0
54,48372.0,2.9,MORTGAGE,23.6,10,0,0.615,9493.0,24,5.24,credit_card,0.098,0.104,0
38,74950.0,7.1,MORTGAGE,13.1,1,0,0.182,4217.0,12,7.53,medical,0.056,0.059,0
40,43190.0,6.5,MORTGAGE,20.5,4,0,0.062,6492.0,36,8.9,small_business,0.05,0.057,0
29,127928.0,0.1,RENT,4.7,6,0,0.191,14183.0,36,10.84,other,0.037,0.043,0
35,28429.0,3.8,RENT,16.9,5,1,0.358,6700.0,12,7.44,major_purchase,0.236,0.245,0
29,101404.0,8.1,MORTGAGE,9.9,7,0,0.283,5762.0,24,10.83,debt_consolidation,0.028,0.032,0
38,36959.0,4.1,RENT,16.1,8,0,0.451,4444.0,36,7.19,medical,0.04,0.045,0
61,22071.0,9.1,RENT,42.2,3,0,0.263,5389.0,60,11.14,debt_consolidation,0.049,0.064,0
24,61019.0,3.6,MORTGAGE,5.3,5,0,0.196,9979.0,12,9.27,debt_consolidation,0.164,0.172,0
21,47700.0,24.6,RENT,0.0,8,0,0.221,7948.0,48,8.75,small_business,0.042,0.05,0
58,31107.0,2.1,RENT,37.1,7,0,0.096,6570.0,60,7.2,home_improvement,0.042,0.05,0
37,23372.0,0.6,MORTGAGE,5.5,9,1,0.337,6918.0,36,13.7,home_improvement,0.099,0.121,0
32,53950.0,3.4,RENT,13.6,2,2,0.427,10970.0,48,7.96,debt_consolidation,0.051,0.06,0
52,88249.0,4.7,MORTGAGE,32.7,8,0,0.389,7802.0,48,9.14,debt_consolidation,0.022,0.026,0
33,72582.0,2.6,MORTGAGE,13.9,3,0,0.056,14275.0,48,10.45,home_improvement,0.049,0.06,0
62,55734.0,1.7,RENT,37.6,4,0,0.548,6294.0,24,4.0,major_purchase,0.056,0.059,0
48,68832.0,6.7,RENT,29.1,2,0,0.251,12264.0,48,9.38,medical,0.045,0.054,0
34,53444.0,2.8,MORTGAGE,14.7,7,0,0.32,6081.0,12,8.65,other,0.114,0.119,0
66,26506.0,6.0,MORTGAGE,47.5,2,1,0.072,24599.0,36,7.07,small_business,0.309,0.344,0
33,26624.0,9.1,OWN,10.5,4,0,0.581,10943.0,60,7.74,credit_card,0.082,0.099,0
49,48943.0,8.6,MORTGAGE,30.2,4,0,0.181,9970.0,48,8.34,debt_consolidation,0.051,0.06,0
44,49995.0,2.8,MORTGAGE,25.8,4,0,0.258,13756.0,24,8.54,debt_consolidation,0.138,0.15,0
56,82908.0,5.0,MORTGAGE,36.3,6,0,0.286,9350.0,48,11.36,credit_card,0.028,0.035,1
59,79115.0,3.6,MORTGAGE,39.5,8,0,0.142,5161.0,36,9.68,debt_consolidation,0.022,0.025,0
40,73318.0,12.3,RENT,21.4,1,0,0.415,5664.0,48,6.66,credit_card,0.019,0.022,0
31,47092.0,12.7,OWN,12.6,2,0,0.229,9692.0,48,11.11,major_purchase,0.051,0.064,0
46,27165.0,2.5,MORTGAGE,21.2,2,0,0.27,28869.0,12,5.19,debt_consolidation,1.063,1.093,0
32,66572.0,0.6,RENT,13.8,1,0,0.557,10047.0,24,7.51,credit_card,0.075,0.082,0
64,70445.0,1.1,RENT,45.7,4,0,0.199,6219.0,48,8.48,home_improvement,0.022,0.026,0
42,16411.0,2.7,RENT,23.2,8,1,0.387,9483.0,12,10.41,medical,0.578,0.611,0
36,35697.0,5.0,OWN,8.8,2,1,0.463,16110.0,36,6.84,small_business,0.15,0.167,0
42,38349.0,6.4,RENT,23.7,2,0,0.118,11693.0,12,8.23,home_improvement,0.305,0.319,0
24,57479.0,2.4,MORTGAGE,0.9,5,0,0.24,9745.0,24,7.67,major_purchase,0.085,0.092,0
28,36255.0,6.6,OWN,3.3,3,0,0.131,8855.0,12,13.16,credit_card,0.244,0.262,1
54,53153.0,16.7,OWN,34.6,4,1,0.413,11987.0,12,12.14,debt_consolidation,0.226,0.241,0
32,48763.0,6.3,RENT,13.0,6,0,0.28,16125.0,60,10.56,home_improvement,0.066,0.085,0
27,50032.0,1.0,MORTGAGE,5.6,7,0,0.244,3293.0,36,9.35,home_improvement,0.022,0.025,0
46,37866.0,5.2,MORTGAGE,24.4,7,0,0.205,11074.0,24,10.22,small_business,0.146,0.162,1
54,39360.0,4.7,OWN,31.5,2,0,0.082,7746.0,36,9.57,debt_consolidation,0.066,0.076,0
49,31567.0,12.3,MORTGAGE,25.7,7,1,0.327,52639.0,36,8.86,other,0.556,0.635,0
52,65515.0,2.6,RENT,33.1,2,0,0.095,4764.0,36,9.91,medical,0.024,0.028,0
31,72081.0,3.3,OWN,9.5,3,0,0.286,13828.0,36,12.05,small_business,0.064,0.077,0
23,36853.0,5.5,OWN,4.6,4,1,0.189,6462.0,24,8.06,credit_card,0.088,0.095,0
58,115881.0,4.5,RENT,37.9,1,0,0.211,11132.0,36,8.94,debt_consolidation,0.032,0.037,0
36,46291.0,7.6,MORTGAGE,15.2,3,1,0.432,5348.0,48,10.23,small_business,0.029,0.035,0
37,116436.0,0.2,OWN,18.5,9,0,0.085,9533.0,24,11.21,credit_card,0.041,0.046,0
56,39298.0,5.0,MORTGAGE,37.8,0,0,0.036,12435.0,12,6.96,credit_card,0.316,0.328,1
47,19667.0,0.8,MORTGAGE,28.4,2,1,0.669,4572.0,12,8.42,debt_consolidation,0.232,0.243,0
45,66244.0,2.3,MORTGAGE,25.4,6,0,0.161,10384.0,36,6.42,home_improvement,0.052,0.058,0
66,61345.0,6.5,RENT,41.4,3,1,0.11,22261.0,48,7.1,home_improvement,0.091,0.104,0
32,55116.0,1.0,RENT,11.7,5,2,0.261,6840.0,36,7.18,debt_consolidation,0.041,0.046,0
51,39296.0,2.2,RENT,28.9,6,0,0.068,27233.0,24,9.24,debt_consolidation,0.347,0.381,0
41,53248.0,7.3,RENT,22.4,2,1,0.129,9071.0,36,8.61,home_improvement,0.057,0.065,0
43,41956.0,6.3,MORTGAGE,24.7,6,0,0.109,16156.0,36,10.95,small_business,0.128,0.151,0
58,46575.0,0.6,RENT,39.2,7,1,0.035,15490.0,36,7.51,medical,0.111,0.124,0
46,82522.0,5.2,MORTGAGE,26.9,8,0,0.233,6113.0,36,9.42,debt_consolidation,0.025,0.028,0
46,59404.0,1.0,RENT,25.6,5,0,0.07,14470.0,60,12.12,small_business,0.049,0.065,0
53,73495.0,1.7,MORTGAGE,28.6,5,1,0.298,12255.0,60,9.02,debt_consolidation,0.033,0.042,0
36,48246.0,3.7,MORTGAGE,16.3,8,1,0.191,8009.0,36,6.27,home_improvement,0.055,0.061,0
30,45661.0,0.7,RENT,9.8,8,0,0.418,15001.0,36,9.42,debt_consolidation,0.11,0.126,0
27,30432.0,30.4,MORTGAGE,9.0,8,0,0.106,8495.0,36,12.92,major_purchase,0.093,0.113,0
18,45025.0,1.1,MORTGAGE,0.0,5,0,0.25,9328.0,48,6.13,other,0.052,0.059,0
65,15000.0,9.1,MORTGAGE,46.7,5,0,0.041,11624.0,36,9.21,other,0.258,0.297,0
27,40332.0,10.6,MORTGAGE,5.4,5,0,0.402,3715.0,48,8.57,debt_consolidation,0.023,0.027,1
37,52003.0,31.2,RENT,17.0,5,0,0.111,17808.0,36,10.48,other,0.114,0.134,0
37,71814.0,3.4,OWN,18.4,5,2,0.276,5957.0,60,6.68,major_purchase,0.017,0.02,0
44,47366.0,12.4,RENT,23.3,7,1,0.227,14830.0,24,9.83,debt_consolidation,0.157,0.173,0
50,64462.0,19.0,RENT,29.6,6,1,0.157,3325.0,36,6.48,home_improvement,0.017,0.019,0
50,18217.0,1.1,MORTGAGE,31.7,2,0,0.293,17323.0,36,11.7,debt_consolidation,0.317,0.377,0
33,52658.0,3.9,RENT,11.9,2,1,0.122,14804.0,36,8.78,other,0.094,0.107,0
38,23394.0,0.4,RENT,15.6,2,2,0.152,15854.0,60,10.63,major_purchase,0.136,0.175,0
43,29609.0,5.8,RENT,24.0,4,0,0.189,5281.0,36,9.87,other,0.059,0.069,0
37,49336.0,5.2,MORTGAGE,15.5,4,0,0.275,7483.0,24,7.38,debt_consolidation,0.076,0.082,0
59,102553.0,1.4,MORTGAGE,40.3,5,0,0.25,22611.0,36,8.27,medical,0.073,0.083,0
46,65225.0,9.6,RENT,23.8,11,0,0.599,14279.0,36,6.04,credit_card,0.073,0.08,0
49,54672.0,0.2,RENT,23.7,5,1,0.333,20295.0,48,8.88,debt_consolidation,0.093,0.111,0
48,53650.0,9.8,OWN,28.3,6,1,0.281,5151.0,36,6.75,debt_consolidation,0.032,0.035,0
54,37918.0,0.2,OWN,35.2,3,0,0.152,11331.0,48,9.73,credit_card,0.075,0.09,0
42,41275.0,6.4,MORTGAGE,22.5,4,1,0.283,10027.0,48,9.83,other,0.061,0.074,0
24,67083.0,0.5,MORTGAGE,5.1,7,0,0.185,11333.0,24,5.83,home_improvement,0.084,0.09,0
45,27101.0,1.7,OWN,27.0,7,0,0.373,15336.0,48,11.78,debt_consolidation,0.141,0.178,0
32,72877.0,7.7,RENT,10.8,4,0,0.154,6340.0,36,9.9,debt_consolidation,0.029,0.034,0
34,44611.0,2.0,MORTGAGE,15.9,6,0,0.256,16801.0,24,9.93,credit_card,0.188,0.208,0
47,81861.0,4.3,MORTGAGE,28.3,5,0,0.32,10355.0,36,8.34,major_purchase,0.042,0.048,0
55,87601.0,14.8,RENT,33.2,4,0,0.671,3322.0,60,7.43,debt_consolidation,0.008,0.009,0
40,23470.0,0.3,OWN,18.7,1,1,0.015,10070.0,48,5.58,debt_consolidation,0.107,0.12,0
44,40506.0,10.0,MORTGAGE,25.8,6,1,0.448,16770.0,24,9.49,credit_card,0.207,0.228,0
60,35321.0,0.4,RENT,38.8,4,1,0.107,8926.0,24,10.99,credit_card,0.126,0.141,0
43,21887.0,0.8,OWN,17.0,4,3,0.285,13252.0,48,11.8,home_improvement,0.151,0.191,1
71,32329.0,0.8,RENT,52.8,6,1,0.622,19447.0,48,6.81,credit_card,0.15,0.172,0
47,183621.0,30.8,OWN,27.4,3,0,0.155,11572.0,36,8.46,debt_consolidation,0.021,0.024,0
19,73479.0,1.2,RENT,0.0,2,1,0.21,5191.0,36,10.43,debt_consolidation,0.024,0.028,0
49,141300.0,13.6,MORTGAGE,27.7,4,1,0.356,5192.0,48,9.27,credit_card,0.009,0.011,0
45,82006.0,28.2,RENT,26.2,8,0,0.353,23952.0,36,10.74,debt_consolidation,0.097,0.114,0
55,37387.0,2.9,RENT,36.5,7,0,0.35,8273.0,48,11.27,debt_consolidation,0.055,0.069,0
48,44762.0,6.0,MORTGAGE,25.4,7,0,0.086,5077.0,48,9.46,debt_consolidation,0.028,0.034,1
38,72709.0,9.1,OWN,10.6,3,0,0.209,12804.0,36,10.18,debt_consolidation,0.059,0.068,0
25,67424.0,3.0,RENT,2.6,0,0,0.244,5629.0,36,5.33,debt_consolidation,0.028,0.03,0
37,40592.0,1.1,RENT,9.1,5,1,0.291,9998.0,36,6.95,small_business,0.082,0.091,1
30,25464.0,3.4,OWN,9.2,6,1,0.369,10116.0,24,8.43,major_purchase,0.199,0.217,0
33,280374.0,8.9,MORTGAGE,7.1,5,0,0.52,16377.0,24,12.81,debt_consolidation,0.029,0.033,0
47,50485.0,9.1,MORTGAGE,25.5,7,2,0.274,12224.0,36,10.66,debt_consolidation,0.081,0.095,1
60,46034.0,1.6,RENT,34.8,6,0,0.443,3861.0,24,9.58,debt_consolidation,0.042,0.046,0
45,57335.0,1.2,MORTGAGE,26.5,6,0,0.27,5828.0,60,10.5,major_purchase,0.02,0.026,0
26,47985.0,15.2,MORTGAGE,2.9,9,0,0.657,4217.0,24,8.6,credit_card,0.044,0.048,0
45,57605.0,0.3,RENT,26.3,7,1,0.302,12540.0,60,10.18,credit_card,0.044,0.056,0
54,103102.0,8.0,MORTGAGE,35.9,7,0,0.014,20604.0,48,6.29,other,0.05,0.057,0
33,50905.0,0.3,RENT,12.8,2,1,0.217,11961.0,48,9.71,credit_card,0.059,0.071,1
38,30292.0,10.9,RENT,18.9,6,0,0.111,28655.0,12,9.49,debt_consolidation,0.946,0.995,1
40,49970.0,14.1,MORTGAGE,21.9,7,0,0.359,14233.0,48,6.34,debt_consolidation,0.071,0.081,0
31,42950.0,2.1,MORTGAGE,1.2,4,0,0.044,19518.0,36,8.31,credit_card,0.151,0.172,0
48,110409.0,0.5,RENT,26.7,10,1,0.407,13984.0,60,9.62,major_purchase,0.025,0.032,0
39,97301.0,3.9,RENT,14.0,7,0,0.535,3287.0,24,9.41,credit_card,0.017,0.019,0
45,57169.0,2.1,OWN,6.0,4,0,0.465,52567.0,36,7.89,credit_card,0.307,0.345,0
29,28585.0,3.2,RENT,9.5,9,0,0.066,6996.0,48,12.97,small_business,0.061,0.079,0
35,29350.0,6.6,MORTGAGE,16.1,9,0,0.275,13439.0,60,9.31,medical,0.092,0.115,0
49,54588.0,1.4,RENT,30.4,3,0,0.274,3123.0,60,11.95,small_business,0.011,0.015,1
36,64098.0,2.6,MORTGAGE,15.8,4,1,0.14,9788.0,24,9.91,credit_card,0.076,0.084,0
61,44922.0,9.2,MORTGAGE,40.2,7,1,0.259,17393.0,36,8.7,debt_consolidation,0.129,0.147,0
35,42613.0,6.2,MORTGAGE,15.1,5,2,0.3,6658.0,36,11.4,home_improvement,0.052,0.062,0
43,40280.0,2.4,RENT,23.5,7,0,0.345,31927.0,36,11.84,credit_card,0.264,0.315,0
51,53546.0,6.5,RENT,32.4,7,0,0.073,9039.0,48,10.91,debt_consolidation,0.042,0.052,0
23,16459.0,8.7,OWN,3.3,2,1,0.271,15832.0,36,10.5,credit_card,0.321,0.375,0
19,31236.0,5.4,MORTGAGE,0.7,3,0,0.385,11852.0,36,8.09,credit_card,0.126,0.143,0
22,39596.0,1.6,RENT,0.0,2,0,0.56,11105.0,24,10.02,debt_consolidation,0.14,0.155,0
55,99087.0,0.0,RENT,36.9,4,0,0.468,10359.0,48,7.93,debt_consolidation,0.026,0.031,1
33,36066.0,9.7,MORTGAGE,13.6,1,0,0.47,25859.0,24,10.49,major_purchase,0.358,0.399,0
71,59292.0,10.4,MORTGAGE,52.7,3,2,0.327,9021.0,36,11.54,credit_card,0.051,0.06,0
33,60674.0,7.2,MORTGAGE,10.5,4,0,0.292,6078.0,60,10.16,small_business,0.02,0.026,0
42,103669.0,0.5,MORTGAGE,22.9,3,1,0.146,26752.0,36,7.89,other,0.086,0.097,0
59,101853.0,5.3,RENT,40.6,8,2,0.195,9199.0,48,8.34,other,0.023,0.027,0
64,52641.0,10.3,OWN,43.7,2,0,0.421,10429.0,48,9.07,debt_consolidation,0.05,0.059,1
65,42713.0,3.0,MORTGAGE,39.6,6,0,0.166,12265.0,60,10.28,small_business,0.057,0.074,0
55,38874.0,1.3,RENT,29.8,7,1,0.355,5461.0,36,8.01,home_improvement,0.047,0.053,0
52,48025.0,5.3,RENT,33.1,5,1,0.494,13854.0,36,7.17,home_improvement,0.096,0.107,0
47,43607.0,10.5,RENT,25.2,3,1,0.083,16286.0,60,8.87,small_business,0.075,0.093,0
49,71454.0,0.3,MORTGAGE,30.9,9,1,0.175,6002.0,12,9.85,debt_consolidation,0.084,0.089,0
33,66847.0,5.5,MORTGAGE,14.6,8,0,0.257,7819.0,24,8.03,credit_card,0.058,0.064,0
30,72831.0,6.2,RENT,9.9,6,0,0.44,5964.0,36,7.44,debt_consolidation,0.027,0.031,1
40,101686.0,5.5,RENT,21.2,3,0,0.308,35930.0,48,12.03,medical,0.088,0.112,0
38,137508.0,6.3,MORTGAGE,15.2,0,0,0.331,17572.0,36,9.3,credit_card,0.043,0.049,0
35,57661.0,6.0,OWN,9.0,10,0,0.13,8067.0,12,10.71,other,0.14,0.148,0
48,93876.0,0.8,RENT,30.0,4,0,0.303,11017.0,12,8.72,debt_consolidation,0.117,0.123,0
51,45441.0,1.6,OWN,32.2,2,0,0.607,12295.0,48,8.6,home_improvement,0.068,0.08,0
41,97979.0,5.8,OWN,21.3,4,1,0.367,10908.0,36,7.01,home_improvement,0.037,0.041,0
58,92111.0,0.1,MORTGAGE,37.5,8,1,0.156,19146.0,36,11.69,home_improvement,0.069,0.082,0
26,89698.0,6.0,RENT,0.6,1,0,0.235,10414.0,48,9.43,debt_consolidation,0.029,0.035,1
38,56785.0,6.6,RENT,13.3,3,1,0.353,13638.0,24,10.56,credit_card,0.12,0.134,1
31,38786.0,1.6,RENT,10.0,5,0,0.199,10120.0,36,9.6,debt_consolidation,0.087,0.1,0
18,26977.0,5.5,MORTGAGE,0.0,3,0,0.223,10265.0,36,10.9,credit_card,0.127,0.149,0
39,53103.0,4.6,RENT,16.4,3,0,0.232,44373.0,36,5.8,debt_consolidation,0.279,0.304,0
39,116600.0,1.8,OWN,20.3,4,0,0.238,16934.0,36,10.37,other,0.048,0.057,1
58,46401.0,3.7,RENT,29.9,2,0,0.249,48186.0,24,10.55,debt_consolidation,0.519,0.578,0
48,80223.0,14.4,RENT,30.0,3,0,0.103,13047.0,24,7.4,debt_consolidation,0.081,0.088,0
28,82617.0,3.3,MORTGAGE,7.5,7,0,0.483,15918.0,12,8.6,other,0.193,0.202,1
62,47012.0,6.0,RENT,43.7,5,1,0.486,28069.0,60,8.21,debt_consolidation,0.119,0.146,0
55,104629.0,0.2,RENT,35.4,5,1,0.211,14814.0,60,10.46,debt_consolidation,0.028,0.036,0
47,15000.0,0.5,MORTGAGE,26.0,5,1,0.238,26580.0,24,7.52,credit_card,0.886,0.957,0
37,29396.0,0.5,RENT,15.5,8,1,0.198,7269.0,12,12.0,credit_card,0.247,0.264,1
28,34275.0,9.0,MORTGAGE,5.4,8,0,0.467,22681.0,36,8.8,credit_card,0.221,0.252,0
36,35959.0,2.6,MORTGAGE,15.3,4,0,0.389,10567.0,60,10.81,home_improvement,0.059,0.076,0
53,64096.0,1.5,RENT,34.1,11,0,0.141,4308.0,36,6.84,medical,0.022,0.025,0
63,62631.0,8.3,MORTGAGE,38.4,3,0,0.436,7819.0,60,11.3,major_purchase,0.025,0.033,0
59,65973.0,1.1,RENT,36.0,7,0,0.312,12951.0,48,9.05,credit_card,0.049,0.059,0
34,72987.0,1.7,OWN,15.5,7,0,0.502,20037.0,36,10.64,credit_card,0.092,0.107,0
27,33690.0,3.4,RENT,3.7,5,0,0.376,26870.0,24,7.42,credit_card,0.399,0.43,0
42,29464.0,2.4,MORTGAGE,13.2,3,0,0.212,8053.0,48,8.61,debt_consolidation,0.068,0.081,0
19,66050.0,5.3,MORTGAGE,0.0,9,1,0.337,10749.0,48,7.46,debt_consolidation,0.041,0.047,1
44,39533.0,2.5,RENT,25.0,6,0,0.262,8740.0,24,8.69,small_business,0.111,0.121,0
38,24705.0,3.0,MORTGAGE,17.2,5,0,0.155,12488.0,48,9.04,other,0.126,0.151,0
34,88051.0,11.9,RENT,14.7,5,0,0.239,17255.0,12,8.91,debt_consolidation,0.196,0.206,1
21,108831.0,13.0,RENT,0.0,8,0,0.611,4804.0,12,8.25,debt_consolidation,0.044,0.046,0
46,118017.0,10.6,OWN,25.6,3,0,0.174,12563.0,48,8.35,debt_consolidation,0.027,0.031,0
34,59486.0,12.0,MORTGAGE,8.0,6,0,0.268,6543.0,36,9.42,medical,0.037,0.042,0
26,74085.0,5.1,RENT,5.1,5,1,0.311,12076.0,36,9.48,credit_card,0.054,0.063,0
18,107466.0,6.2,RENT,0.0,5,0,0.224,24494.0,48,7.05,credit_card,0.057,0.066,0
40,39312.0,4.9,RENT,18.1,6,0,0.263,11831.0,24,10.58,credit_card,0.15,0.168,0
61,94404.0,9.2,RENT,41.9,7,0,0.215,8776.0,36,8.88,credit_card,0.031,0.035,0
60,62174.0,4.8,MORTGAGE,41.0,5,1,0.309,8179.0,48,10.42,debt_consolidation,0.033,0.04,0
35,85550.0,0.7,RENT,15.5,4,1,0.088,14426.0,24,9.02,medical,0.084,0.092,0
33,59459.0,10.0,MORTGAGE,15.0,4,1,0.173,11912.0,36,10.86,major_purchase,0.067,0.079,0
46,103583.0,8.6,MORTGAGE,17.6,5,0,0.062,18065.0,60,10.3,other,0.035,0.045,0
28,60583.0,10.3,RENT,7.7,0,0,0.261,8251.0,36,11.88,debt_consolidation,0.045,0.054,0
44,25797.0,1.3,MORTGAGE,21.5,7,0,0.516,33412.0,36,7.46,major_purchase,0.432,0.483,0
49,111967.0,1.9,MORTGAGE,30.1,5,0,0.097,16866.0,60,8.97,small_business,0.03,0.037,0
55,33733.0,2.1,OWN,32.9,3,0,0.296,3977.0,60,9.48,small_business,0.024,0.03,0
39,101370.0,4.3,RENT,18.5,0,0,0.36,17514.0,36,11.04,debt_consolidation,0.058,0.068,0
38,51786.0,0.9,MORTGAGE,18.3,12,0,0.252,9693.0,24,13.29,debt_consolidation,0.094,0.107,0
29,97539.0,2.9,RENT,0.4,6,0,0.238,6362.0,36,6.56,medical,0.022,0.024,0
30,95548.0,1.2,RENT,10.0,1,0,0.462,10910.0,36,11.16,home_improvement,0.038,0.045,0
37,67176.0,1.8,RENT,15.8,5,0,0.435,7771.0,36,6.2,credit_card,0.039,0.042,0
44,69861.0,7.4,RENT,26.0,3,1,0.435,12653.0,48,6.65,debt_consolidation,0.045,0.052,0
51,66924.0,11.6,MORTGAGE,31.9,4,1,0.45,8179.0,36,9.71,debt_consolidation,0.041,0.047,0
30,19793.0,0.1,OWN,5.4,5,0,0.202,21912.0,60,9.62,major_purchase,0.221,0.28,0
58,57478.0,5.0,MORTGAGE,35.7,4,0,0.164,19300.0,36,8.05,debt_consolidation,0.112,0.126,0
37,31007.0,0.2,RENT,16.7,4,0,0.496,29725.0,24,12.43,credit_card,0.479,0.544,0
40,59018.0,0.5,MORTGAGE,15.1,7,3,0.282,5546.0,36,9.91,medical,0.031,0.036,0
31,30593.0,7.3,RENT,11.0,6,2,0.651,5431.0,36,9.65,medical,0.059,0.068,0
18,29957.0,8.0,RENT,0.0,7,1,0.137,11367.0,36,11.4,credit_card,0.126,0.15,0
51,120870.0,10.1,RENT,31.6,5,0,0.164,13215.0,24,8.23,credit_card,0.055,0.059,0
49,92478.0,3.9,MORTGAGE,28.1,4,0,0.256,8843.0,36,10.85,home_improvement,0.032,0.037,0
37,54064.0,11.8,RENT,17.8,5,0,0.047,15618.0,48,10.93,other,0.072,0.089,0
41,59420.0,1.1,OWN,21.5,3,1,0.079,6297.0,36,7.52,credit_card,0.035,0.04,0
46,47860.0,1.7,MORTGAGE,17.8,7,0,0.232,21687.0,60,10.83,small_business,0.091,0.118,0
21,72037.0,0.9,RENT,2.6,6,0,0.062,13003.0,12,8.98,credit_card,0.181,0.189,0
34,38637.0,9.6,RENT,15.7,3,0,0.253,6462.0,48,9.13,debt_consolidation,0.042,0.05,0
50,89043.0,1.6,RENT,31.9,5,0,0.08,6430.0,24,10.61,home_improvement,0.036,0.04,0
25,47737.0,1.0,OWN,5.8,7,0,0.362,9158.0,48,12.9,debt_consolidation,0.048,0.062,1
44,43918.0,5.9,RENT,24.5,5,0,0.351,2249.0,60,9.04,home_improvement,0.01,0.013,0
24,54768.0,0.5,OWN,5.7,7,0,0.026,10174.0,12,10.99,debt_consolidation,0.186,0.197,0
46,40313.0,0.3,RENT,25.6,5,2,0.349,7634.0,24,7.39,credit_card,0.095,0.102,0
40,63853.0,0.7,MORTGAGE,19.4,4,0,0.189,8787.0,48,9.67,credit_card,0.034,0.042,0
21,41412.0,0.0,RENT,0.0,2,1,0.786,6125.0,60,8.48,debt_consolidation,0.03,0.036,0
54,68478.0,7.2,RENT,24.8,4,1,0.251,12974.0,36,9.2,other,0.063,0.073,0
31,99509.0,5.0,RENT,10.1,6,1,0.236,8278.0,36,11.76,home_improvement,0.028,0.033,0
30,37810.0,1.4,RENT,11.6,5,0,0.125,16080.0,60,8.84,other,0.085,0.106,0
42,50752.0,1.6,MORTGAGE,23.7,6,0,0.194,26354.0,48,8.18,debt_consolidation,0.13,0.153,0
54,68232.0,10.0,MORTGAGE,31.5,5,0,0.06,28516.0,36,13.28,debt_consolidation,0.139,0.17,0
28,43568.0,4.2,RENT,6.8,4,0,0.405,18953.0,24,10.6,credit_card,0.218,0.242,0
41,68334.0,7.2,MORTGAGE,22.5,2,0,0.117,4105.0,12,9.75,medical,0.06,0.063,0
45,71518.0,3.6,MORTGAGE,26.1,4,0,0.214,36044.0,60,9.22,credit_card,0.101,0.126,0
48,93119.0,1.6,MORTGAGE,25.8,5,0,0.321,8956.0,24,7.91,major_purchase,0.048,0.052,0
42,40015.0,21.1,RENT,21.5,7,0,0.159,6129.0,36,8.96,home_improvement,0.051,0.058,0
36,33813.0,5.0,RENT,15.4,5,0,0.5,4006.0,36,11.52,debt_consolidation,0.039,0.047,0
30,46454.0,0.8,OWN,11.3,4,0,0.129,10127.0,36,8.65,home_improvement,0.073,0.083,0
41,33394.0,3.1,RENT,20.0,6,0,0.125,14325.0,48,10.64,home_improvement,0.107,0.132,0
27,71844.0,2.4,RENT,4.6,6,1,0.27,9746.0,60,6.21,debt_consolidation,0.027,0.032,0
18,30307.0,1.4,OWN,0.0,3,1,0.159,14334.0,36,11.46,credit_card,0.158,0.187,0
45,173947.0,16.3,MORTGAGE,23.0,4,1,0.292,8601.0,60,8.35,debt_consolidation,0.01,0.012,0
51,103566.0,12.8,MORTGAGE,30.4,6,0,0.416,13393.0,60,10.51,debt_consolidation,0.026,0.033,0
18,54518.0,1.3,RENT,0.0,3,0,0.32,13265.0,24,9.9,major_purchase,0.122,0.135,1
28,83592.0,2.6,RENT,8.0,6,0,0.3,28546.0,36,8.48,small_business,0.114,0.129,0
47,23899.0,8.6,RENT,28.2,4,2,0.164,21448.0,48,13.6,credit_card,0.224,0.292,0
65,191317.0,1.4,MORTGAGE,40.6,5,0,0.342,13789.0,48,10.01,home_improvement,0.018,0.022,0
40,40332.0,5.4,MORTGAGE,19.7,6,0,0.163,32616.0,60,13.18,debt_consolidation,0.162,0.222,0
31,51009.0,7.2,RENT,10.3,1,0,0.157,8895.0,48,11.31,debt_consolidation,0.044,0.054,0
38,21419.0,6.4,RENT,6.2,5,0,0.309,23638.0,36,9.46,other,0.368,0.424,0
56,69089.0,7.4,RENT,25.4,6,0,0.291,11234.0,36,5.49,major_purchase,0.054,0.059,0
32,31158.0,7.4,RENT,11.4,7,0,0.206,4957.0,24,11.53,debt_consolidation,0.08,0.089,0
30,57001.0,20.1,RENT,11.9,3,1,0.119,20910.0,36,6.37,other,0.122,0.135,0
34,41269.0,2.6,MORTGAGE,14.5,5,0,0.268,17058.0,48,6.71,major_purchase,0.103,0.118,0
29,31607.0,12.7,RENT,2.7,2,0,0.345,16396.0,36,12.19,major_purchase,0.173,0.207,0
41,36236.0,0.1,RENT,22.0,2,0,0.138,18837.0,60,5.0,major_purchase,0.104,0.118,0
59,60651.0,2.0,RENT,19.3,7,0,0.6,28678.0,36,7.3,debt_consolidation,0.158,0.176,0
44,28545.0,0.3,MORTGAGE,25.7,0,0,0.256,17151.0,36,11.31,major_purchase,0.2,0.237,0
37,37257.0,6.3,RENT,16.5,3,1,0.196,12457.0,60,7.89,debt_consolidation,0.067,0.081,1
36,75481.0,0.6,MORTGAGE,15.8,9,0,0.274,12856.0,48,7.67,small_business,0.043,0.05,0
21,199036.0,11.2,OWN,2.1,7,0,0.266,16857.0,24,6.39,credit_card,0.042,0.045,0
51,68789.0,6.2,RENT,24.1,4,0,0.337,5775.0,48,8.95,debt_consolidation,0.021,0.025,0
39,34248.0,0.2,MORTGAGE,18.1,6,0,0.279,8590.0,36,7.94,major_purchase,0.084,0.094,0
38,45091.0,7.5,RENT,19.2,5,0,0.069,5554.0,48,8.79,debt_consolidation,0.031,0.037,0
75,55039.0,11.9,OWN,55.5,5,0,0.028,29649.0,24,10.39,home_improvement,0.269,0.299,0
44,45492.0,6.5,RENT,22.2,6,0,0.066,3785.0,36,9.2,credit_card,0.028,0.032,0
31,85095.0,0.2,MORTGAGE,11.9,5,0,0.446,3230.0,36,10.89,credit_card,0.013,0.015,0
35,60400.0,11.7,RENT,10.6,9,0,0.283,21868.0,60,7.57,major_purchase,0.072,0.087,0
54,85300.0,7.9,RENT,35.5,6,1,0.41,8845.0,24,9.17,major_purchase,0.052,0.057,0
41,46294.0,2.9,RENT,22.1,9,1,0.317,10875.0,60,12.35,home_improvement,0.047,0.063,0
23,105109.0,2.4,MORTGAGE,4.5,3,0,0.122,6146.0,36,12.05,debt_consolidation,0.019,0.023,0
51,49849.0,3.9,RENT,32.7,8,3,0.095,21408.0,36,9.91,credit_card,0.143,0.166,0
32,33336.0,12.1,MORTGAGE,12.9,4,3,0.173,7182.0,24,6.71,other,0.108,0.115,1
62,160920.0,1.7,RENT,22.7,5,0,0.433,9184.0,60,9.11,debt_consolidation,0.011,0.014,0
53,21753.0,0.6,MORTGAGE,34.7,5,0,0.318,4362.0,36,8.84,debt_consolidation,0.067,0.076,0
35,37445.0,12.0,MORTGAGE,16.3,10,0,0.401,8327.0,24,10.37,debt_consolidation,0.111,0.124,0
55,39596.0,0.2,MORTGAGE,36.0,2,1,0.258,25157.0,60,14.62,debt_consolidation,0.127,0.18,0
41,189881.0,14.5,RENT,20.1,12,0,0.166,21360.0,36,8.36,credit_card,0.037,0.043,0
50,133710.0,2.2,MORTGAGE,27.9,4,0,0.371,5755.0,48,9.45,other,0.011,0.013,0
46,114344.0,4.3,RENT,23.8,5,1,0.221,49130.0,12,5.4,debt_consolidation,0.43,0.442,1
30,45921.0,0.9,MORTGAGE,12.0,8,1,0.053,5977.0,60,7.32,other,0.026,0.031,0
32,182242.0,14.0,RENT,10.8,3,1,0.543,22675.0,24,10.7,debt_consolidation,0.062,0.069,0
52,65132.0,8.3,MORTGAGE,31.0,7,0,0.134,4626.0,36,7.02,credit_card,0.024,0.026,1
36,88312.0,15.5,MORTGAGE,15.8,6,0,0.099,7238.0,12,5.31,small_business,0.082,0.084,0
35,59269.0,6.9,OWN,15.6,5,0,0.449,34754.0,60,13.2,major_purchase,0.117,0.161,0
29,52853.0,1.2,OWN,6.2,3,1,0.252,7788.0,24,9.54,other,0.074,0.081,0
45,47768.0,2.2,MORTGAGE,25.7,9,0,0.287,6669.0,36,8.86,debt_consolidation,0.047,0.053,0
65,48785.0,4.0,RENT,46.2,2,1,0.206,9210.0,48,7.95,debt_consolidation,0.047,0.055,0
27,73442.0,5.6,RENT,7.9,5,0,0.403,3158.0,36,9.08,major_purchase,0.014,0.016,0
40,65095.0,15.7,MORTGAGE,20.3,8,0,0.166,4989.0,48,9.54,other,0.019,0.023,0
57,53331.0,2.9,MORTGAGE,38.3,11,0,0.497,16005.0,48,10.61,other,0.075,0.092,0
39,115239.0,7.3,MORTGAGE,18.2,4,0,0.538,3574.0,36,7.98,debt_consolidation,0.01,0.012,0
45,15000.0,19.5,MORTGAGE,20.5,5,0,0.107,8251.0,36,7.76,other,0.183,0.206,0
27,69909.0,1.0,OWN,6.3,5,0,0.415,25330.0,24,7.35,debt_consolidation,0.181,0.195,0
45,77565.0,11.9,MORTGAGE,25.2,4,0,0.081,5231.0,36,9.63,debt_consolidation,0.022,0.026,0
38,96132.0,3.3,RENT,15.2,2,0,0.066,13471.0,12,10.81,home_improvement,0.14,0.148,1
52,52447.0,7.9,MORTGAGE,29.9,5,0,0.315,10819.0,24,11.16,credit_card,0.103,0.116,0
54,60112.0,2.1,MORTGAGE,34.6,8,4,0.083,17347.0,60,10.01,home_improvement,0.058,0.074,0
71,88696.0,2.4,MORTGAGE,50.2,5,0,0.293,27266.0,12,8.56,debt_consolidation,0.307,0.322,0
47,114186.0,0.2,MORTGAGE,25.1,9,0,0.086,5474.0,24,9.77,credit_card,0.024,0.026,0
44,46618.0,21.3,RENT,25.2,2,0,0.076,8772.0,36,9.28,major_purchase,0.063,0.072,0
42,61913.0,10.1,MORTGAGE,22.6,11,0,0.409,9804.0,36,11.01,debt_consolidation,0.053,0.062,0
36,125403.0,0.6,MORTGAGE,17.7,4,0,0.063,16355.0,60,9.4,other,0.026,0.033,0
44,18732.0,40.0,RENT,12.8,9,2,0.165,2972.0,60,11.82,small_business,0.032,0.042,0
36,38369.0,5.6,RENT,17.7,1,0,0.225,22303.0,36,12.75,major_purchase,0.194,0.234,0
42,112749.0,11.5,OWN,23.4,4,0,0.405,19975.0,36,10.35,major_purchase,0.059,0.069,0
56,93552.0,0.4,RENT,36.0,4,0,0.302,12078.0,48,5.93,debt_consolidation,0.032,0.036,0
28,70349.0,3.0,MORTGAGE,4.0,4,2,0.032,12259.0,36,8.08,medical,0.058,0.066,0
54,43291.0,6.6,OWN,34.7,7,1,0.388,4784.0,48,8.46,credit_card,0.028,0.033,0
56,34860.0,0.7,RENT,33.6,3,0,0.15,2537.0,48,9.86,debt_consolidation,0.018,0.022,0
39,40312.0,4.0,MORTGAGE,17.6,6,0,0.221,9054.0,36,8.51,other,0.075,0.085,0
18,117478.0,3.5,RENT,0.0,2,0,0.394,4128.0,24,7.73,home_improvement,0.018,0.019,0
33,39568.0,1.5,MORTGAGE,9.4,10,0,0.3,10575.0,36,8.93,small_business,0.089,0.102,0
56,56995.0,2.1,RENT,38.0,5,0,0.209,14519.0,36,7.78,credit_card,0.085,0.095,0
40,37166.0,20.5,MORTGAGE,14.1,2,0,0.145,23695.0,60,5.42,small_business,0.128,0.146,0
28,82569.0,2.0,OWN,4.7,8,1,0.532,10659.0,12,11.59,medical,0.129,0.137,1
34,41383.0,1.4,MORTGAGE,7.7,7,0,0.22,5864.0,48,9.71,home_improvement,0.035,0.043,0
50,51596.0,4.6,MORTGAGE,27.3,5,0,0.286,13853.0,36,11.17,credit_card,0.089,0.106,1
47,23349.0,6.7,OWN,22.7,6,0,0.161,23720.0,24,5.85,home_improvement,0.508,0.539,0
37,24181.0,7.7,RENT,18.3,5,0,0.056,16311.0,24,7.19,debt_consolidation,0.337,0.363,0
36,54385.0,8.4,RENT,16.8,2,0,0.628,22706.0,24,7.26,medical,0.209,0.225,0
35,27929.0,0.2,MORTGAGE,15.9,6,0,0.127,9112.0,36,4.0,small_business,0.109,0.116,0
29,155211.0,3.0,RENT,10.7,7,0,0.285,9726.0,60,10.3,major_purchase,0.013,0.016,0
59,19327.0,8.9,RENT,37.1,3,0,0.094,2559.0,12,6.62,home_improvement,0.132,0.137,0
36,36312.0,14.1,MORTGAGE,17.6,8,1,0.25,9438.0,12,6.93,debt_consolidation,0.26,0.27,0
55,54631.0,5.5,RENT,36.8,3,0,0.608,28958.0,36,10.38,debt_consolidation,0.177,0.206,0
58,45136.0,0.3,MORTGAGE,35.5,7,0,0.272,3773.0,12,8.56,debt_consolidation,0.084,0.088,0
52,31192.0,3.0,RENT,26.9,2,1,0.164,17305.0,12,7.7,other,0.555,0.578,1
35,33558.0,0.5,MORTGAGE,12.7,4,0,0.319,18857.0,36,11.89,small_business,0.187,0.224,0
45,33014.0,8.3,RENT,21.8,2,1,0.439,51601.0,36,8.85,credit_card,0.521,0.595,0
40,46941.0,0.4,RENT,19.3,5,0,0.111,3553.0,36,8.64,home_improvement,0.025,0.029,0
29,143769.0,1.2,MORTGAGE,4.4,7,0,0.664,26777.0,36,8.69,small_business,0.062,0.071,0
44,56329.0,3.2,RENT,23.9,4,0,0.776,14558.0,48,8.11,debt_consolidation,0.065,0.076,0
26,97875.0,3.7,MORTGAGE,0.0,7,0,0.284,11426.0,36,8.33,home_improvement,0.039,0.044,0
54,69807.0,3.1,MORTGAGE,35.7,6,0,0.29,20375.0,24,8.69,credit_card,0.146,0.16,0
34,94554.0,3.7,RENT,11.0,9,0,0.016,9940.0,36,6.69,medical,0.035,0.039,0
42,15000.0,7.5,RENT,20.9,9,1,0.22,4704.0,60,5.82,credit_card,0.063,0.072,0
43,46526.0,2.8,OWN,22.4,5,0,0.035,6498.0,36,14.45,credit_card,0.047,0.058,0
37,104148.0,4.8,RENT,15.1,5,1,0.189,8547.0,36,10.33,small_business,0.027,0.032,0
47,40706.0,2.2,MORTGAGE,23.5,3,0,0.344,7715.0,24,10.62,debt_consolidation,0.095,0.106,0
34,130775.0,2.6,MORTGAGE,10.0,1,0,0.381,4314.0,24,12.53,credit_card,0.016,0.019,0
50,113771.0,5.7,MORTGAGE,31.4,5,0,0.178,35522.0,48,7.03,other,0.078,0.09,0
24,42849.0,4.0,RENT,5.3,10,1,0.26,61395.0,36,7.39,debt_consolidation,0.478,0.534,0
42,42126.0,7.7,OWN,24.0,6,1,0.514,13406.0,24,8.12,other,0.159,0.173,1
63,32637.0,4.9,MORTGAGE,44.6,7,0,0.167,10128.0,24,10.54,credit_card,0.155,0.173,0
28,39545.0,9.8,MORTGAGE,9.1,3,0,0.44,5883.0,24,9.53,debt_consolidation,0.074,0.082,0
32,29252.0,3.5,RENT,10.2,6,0,0.404,6804.0,48,11.15,medical,0.058,0.072,0
46,67131.0,4.1,RENT,26.1,6,1,0.503,10935.0,48,11.08,home_improvement,0.041,0.051,0
42,26160.0,6.7,RENT,19.7,4,0,0.393,16670.0,24,10.62,credit_card,0.319,0.355,0
44,73267.0,1.5,OWN,24.0,5,0,0.114,4189.0,36,7.9,medical,0.019,0.021,0
46,74164.0,2.9,MORTGAGE,25.6,6,0,0.165,8834.0,48,10.29,home_improvement,0.03,0.036,0
48,23609.0,5.9,MORTGAGE,29.6,4,0,0.173,7061.0,60,10.96,other,0.06,0.078,0
53,117584.0,0.2,MORTGAGE,30.5,6,0,0.683,85302.0,24,6.94,debt_consolidation,0.363,0.39,0
45,70039.0,3.4,RENT,22.7,2,0,0.25,4886.0,24,9.91,credit_card,0.035,0.039,0
37,78814.0,5.5,RENT,17.9,5,0,0.175,5260.0,36,4.0,debt_consolidation,0.022,0.024,0
48,37074.0,20.5,MORTGAGE,28.8,4,0,0.336,19109.0,48,8.62,other,0.129,0.153,0
63,73953.0,12.6,OWN,44.3,6,0,0.263,6260.0,12,8.76,home_improvement,0.085,0.089,0
38,95149.0,2.0,MORTGAGE,15.0,3,0,0.194,12653.0,48,10.15,small_business,0.033,0.041,0
28,51570.0,4.2,MORTGAGE,5.9,8,1,0.356,19270.0,48,8.35,major_purchase,0.093,0.11,0
53,147408.0,0.3,MORTGAGE,32.2,3,0,0.237,29490.0,36,8.62,credit_card,0.067,0.076,0
39,55383.0,1.7,OWN,20.2,5,0,0.126,12746.0,24,13.51,home_improvement,0.115,0.132,0
18,95836.0,8.9,RENT,0.0,5,0,0.172,3838.0,24,8.09,credit_card,0.02,0.022,0
50,62724.0,0.8,MORTGAGE,31.8,3,0,0.483,16716.0,48,8.13,credit_card,0.067,0.078,0
34,72603.0,1.8,RENT,15.9,5,0,0.102,3318.0,36,9.48,medical,0.015,0.018,0
39,23490.0,17.3,MORTGAGE,20.4,9,0,0.172,4700.0,36,10.34,medical,0.067,0.078,0
44,65220.0,10.4,RENT,25.7,5,0,0.227,32110.0,48,9.1,debt_consolidation,0.123,0.147,0
42,37516.0,9.1,RENT,21.6,4,1,0.193,4594.0,36,8.03,debt_consolidation,0.041,0.046,0
49,35483.0,12.0,OWN,29.7,12,0,0.025,7697.0,48,8.65,debt_consolidation,0.054,0.064,0
35,129580.0,8.3,OWN,15.2,2,0,0.294,11210.0,36,8.9,debt_consolidation,0.029,0.033,0
46,48684.0,0.8,RENT,25.3,3,1,0.273,9490.0,12,5.9,debt_consolidation,0.195,0.201,0
37,32805.0,4.4,RENT,15.8,4,0,0.118,18373.0,60,9.17,other,0.112,0.14,0
49,45272.0,3.5,RENT,27.9,5,1,0.247,8650.0,48,8.03,debt_consolidation,0.048,0.056,0
47,28276.0,2.2,RENT,28.1,6,0,0.198,10773.0,24,5.99,medical,0.19,0.203,0
29,110962.0,10.8,RENT,6.0,4,0,0.522,30229.0,12,8.45,other,0.272,0.285,0
53,38260.0,3.7,RENT,27.5,5,1,0.472,6375.0,24,12.19,small_business,0.083,0.094,0
34,70590.0,0.4,RENT,14.9,0,0,0.266,17287.0,12,10.38,small_business,0.245,0.259,0
50,106730.0,1.9,MORTGAGE,31.9,3,0,0.188,5016.0,60,9.5,debt_consolidation,0.009,0.012,0
44,42189.0,1.6,RENT,19.1,4,1,0.139,11404.0,48,11.74,debt_consolidation,0.068,0.085,0
62,70687.0,13.1,RENT,36.3,5,0,0.163,6669.0,60,8.12,medical,0.019,0.023,0
37,32369.0,6.3,MORTGAGE,18.8,3,0,0.197,10184.0,24,8.07,debt_consolidation,0.157,0.171,0
36,184036.0,4.9,MORTGAGE,18.0,6,0,0.092,24472.0,12,13.63,other,0.133,0.143,0
40,86525.0,4.2,MORTGAGE,16.9,5,0,0.076,11270.0,24,10.25,credit_card,0.065,0.072,0
36,49202.0,6.3,MORTGAGE,16.9,4,1,0.419,9097.0,24,8.56,major_purchase,0.092,0.101,0
50,36812.0,8.4,RENT,24.6,6,0,0.376,10622.0,12,9.64,debt_consolidation,0.289,0.304,0
21,51175.0,4.8,MORTGAGE,2.3,0,0,0.318,10496.0,24,7.87,debt_consolidation,0.103,0.111,0
27,45707.0,16.7,MORTGAGE,3.1,5,1,0.486,4091.0,24,5.77,debt_consolidation,0.045,0.047,0
27,143842.0,22.6,RENT,8.8,3,0,0.212,26436.0,36,8.66,debt_consolidation,0.061,0.07,0
51,29355.0,32.2,MORTGAGE,32.1,5,1,0.217,9385.0,60,11.68,debt_consolidation,0.064,0.085,0
61,57954.0,6.6,MORTGAGE,32.1,8,2,0.319,8974.0,60,9.72,debt_consolidation,0.031,0.039,0
39,53682.0,16.2,RENT,20.2,3,1,0.251,17916.0,24,7.47,major_purchase,0.167,0.18,0
38,51087.0,3.1,RENT,19.6,2,0,0.358,8554.0,60,9.51,debt_consolidation,0.033,0.042,0
41,51313.0,11.8,RENT,17.2,3,0,0.648,28501.0,60,7.82,small_business,0.111,0.135,0
54,51122.0,14.4,MORTGAGE,35.6,6,0,0.081,71493.0,36,8.65,credit_card,0.466,0.531,0
29,83829.0,14.1,MORTGAGE,10.7,7,0,0.345,4272.0,48,11.24,debt_consolidation,0.013,0.016,0
43,73460.0,10.7,RENT,23.8,8,0,0.334,6577.0,24,10.07,other,0.045,0.05,0
52,66800.0,3.1,RENT,31.0,3,0,0.102,21410.0,36,8.55,credit_card,0.107,0.122,0
46,15000.0,1.0,RENT,24.3,4,0,0.111,15547.0,60,11.08,small_business,0.207,0.271,0
42,62937.0,2.4,MORTGAGE,17.6,6,2,0.191,11455.0,36,9.11,home_improvement,0.061,0.07,0
52,23675.0,8.7,RENT,31.7,5,0,0.383,12871.0,36,10.77,debt_consolidation,0.181,0.213,1
18,74844.0,1.6,MORTGAGE,0.0,6,0,0.454,7147.0,12,9.94,major_purchase,0.095,0.101,1
48,113238.0,3.9,OWN,28.7,6,0,0.316,20186.0,48,8.6,credit_card,0.045,0.053,0
32,34094.0,5.0,MORTGAGE,8.4,2,0,0.216,41446.0,36,7.8,other,0.405,0.456,0
18,47530.0,5.6,RENT,0.0,3,1,0.083,12837.0,48,6.07,debt_consolidation,0.068,0.076,0
46,40148.0,16.5,OWN,20.9,8,0,0.147,3520.0,36,7.55,small_business,0.029,0.033,0
56,100480.0,6.5,OWN,28.0,2,0,0.446,8065.0,24,13.01,debt_consolidation,0.04,0.046,0
38,56813.0,9.3,RENT,18.9,3,0,0.391,15334.0,48,5.68,debt_consolidation,0.067,0.076,0
51,128562.0,5.2,RENT,30.7,8,1,0.226,22040.0,36,10.08,debt_consolidation,0.057,0.066,0
59,66628.0,10.8,RENT,38.0,5,2,0.073,10312.0,36,9.16,medical,0.052,0.059,0
56,61159.0,1.8,MORTGAGE,37.5,4,0,0.282,14010.0,60,6.54,small_business,0.046,0.054,0
60,56056.0,1.4,MORTGAGE,41.8,4,1,0.44,14832.0,48,11.62,credit_card,0.066,0.083,0
49,81552.0,15.6,RENT,24.9,3,0,0.64,23757.0,36,8.33,medical,0.097,0.11,0
41,22724.0,7.1,RENT,20.7,5,1,0.394,13976.0,48,5.69,major_purchase,0.154,0.172,1
21,56538.0,6.7,RENT,0.5,3,0,0.067,11525.0,36,13.5,debt_consolidation,0.068,0.083,0
37,52312.0,3.8,OWN,16.6,1,0,0.009,6011.0,36,12.1,debt_consolidation,0.038,0.046,0
30,77863.0,2.8,RENT,7.8,5,0,0.216,2132.0,24,6.63,home_improvement,0.014,0.015,0
66,49323.0,4.9,RENT,47.5,4,0,0.216,20127.0,48,7.8,credit_card,0.102,0.119,0
38,32229.0,0.8,MORTGAGE,17.1,5,0,0.359,7024.0,24,8.45,small_business,0.109,0.119,0
41,54376.0,3.6,RENT,21.1,5,1,0.142,33135.0,36,6.78,major_purchase,0.203,0.225,0
47,31526.0,3.6,RENT,22.2,1,2,0.235,13248.0,48,10.42,home_improvement,0.105,0.129,0
41,20689.0,4.6,MORTGAGE,20.8,2,0,0.087,2916.0,36,5.59,small_business,0.047,0.051,0
60,77930.0,6.0,MORTGAGE,33.4,5,2,0.161,16772.0,36,7.11,credit_card,0.072,0.08,0
33,72369.0,18.9,MORTGAGE,13.7,3,0,0.057,7738.0,60,5.44,debt_consolidation,0.021,0.024,0
42,68429.0,6.3,MORTGAGE,13.8,6,0,0.191,5986.0,60,7.81,debt_consolidation,0.017,0.021,0
31,103929.0,12.9,OWN,6.8,5,1,0.307,9646.0,48,9.72,debt_consolidation,0.023,0.028,0
24,38851.0,4.9,RENT,3.4,6,0,0.05,8737.0,48,6.45,credit_card,0.056,0.064,0
33,26488.0,5.9,MORTGAGE,13.7,7,1,0.405,9527.0,36,9.11,other,0.12,0.137,0
40,52312.0,0.4,RENT,20.6,9,0,0.384,1745.0,24,6.04,medical,0.017,0.018,0
35,45536.0,0.9,MORTGAGE,12.6,4,1,0.123,10105.0,12,10.64,credit_card,0.222,0.235,0
32,35556.0,5.2,RENT,11.4,6,1,0.348,9230.0,48,9.31,credit_card,0.065,0.078,0
23,52056.0,3.0,RENT,3.5,9,0,0.205,58517.0,48,8.73,debt_consolidation,0.281,0.334,0
39,39903.0,9.6,RENT,18.0,7,2,0.359,6244.0,36,10.68,home_improvement,0.052,0.061,0
22,21633.0,4.7,MORTGAGE,0.0,1,0,0.461,8309.0,36,10.03,credit_card,0.128,0.149,0
49,43452.0,12.8,MORTGAGE,30.9,2,1,0.382,12491.0,24,8.61,debt_consolidation,0.144,0.157,0
41,30694.0,21.5,RENT,22.7,5,1,0.517,11771.0,36,10.44,debt_consolidation,0.128,0.149,0
23,60829.0,1.0,RENT,4.7,4,0,0.478,14569.0,36,11.53,debt_consolidation,0.08,0.095,0
36,39026.0,3.0,RENT,17.2,7,0,0.261,11168.0,36,9.18,other,0.095,0.109,0
31,94449.0,6.6,RENT,11.3,5,0,0.044,5895.0,36,10.77,home_improvement,0.021,0.024,0
44,120805.0,2.2,RENT,21.1,5,0,0.576,20947.0,48,5.77,credit_card,0.043,0.049,0
56,76091.0,1.9,MORTGAGE,36.7,7,0,0.087,10626.0,48,7.16,credit_card,0.035,0.04,0
18,24946.0,10.1,RENT,0.0,3,0,0.274,8229.0,24,5.28,debt_consolidation,0.165,0.174,0
41,114990.0,23.6,MORTGAGE,21.0,6,0,0.127,7306.0,24,9.8,major_purchase,0.032,0.035,0
38,119117.0,8.9,RENT,2.9,6,1,0.26,10469.0,36,8.84,medical,0.029,0.033,0
48,54688.0,4.4,MORTGAGE,28.7,11,1,0.115,27314.0,36,9.43,small_business,0.166,0.192,0
43,104973.0,3.5,RENT,15.2,5,0,0.525,5172.0,36,10.21,other,0.016,0.019,0
31,41116.0,4.7,OWN,12.7,9,0,0.167,32019.0,24,4.94,medical,0.389,0.41,0
36,21309.0,3.7,MORTGAGE,17.4,9,0,0.415,13408.0,48,10.08,credit_card,0.157,0.192,0
30,37044.0,4.2,RENT,8.1,10,0,0.32,10556.0,24,9.67,debt_consolidation,0.142,0.157,0
53,128624.0,1.4,MORTGAGE,32.9,7,0,0.088,12212.0,48,10.83,credit_card,0.024,0.029,0
40,25705.0,14.0,RENT,17.7,7,0,0.275,14584.0,48,8.65,debt_consolidation,0.142,0.168,0
63,54163.0,8.4,RENT,39.0,4,0,0.223,17982.0,12,9.75,small_business,0.332,0.35,1
39,55109.0,6.9,MORTGAGE,20.1,4,0,0.17,7278.0,12,9.13,medical,0.132,0.139,0
31,41920.0,18.0,MORTGAGE,9.6,3,0,0.371,38677.0,24,7.29,credit_card,0.461,0.497,0
22,43401.0,2.0,RENT,1.2,4,1,0.383,17748.0,48,4.0,debt_consolidation,0.102,0.111,0
18,56169.0,0.5,RENT,0.0,5,0,0.198,8532.0,36,8.26,major_purchase,0.051,0.057,0
21,40901.0,10.5,MORTGAGE,1.3,7,1,0.194,11604.0,48,9.36,credit_card,0.071,0.085,0
43,26608.0,38.7,RENT,24.8,5,3,0.418,8817.0,48,9.42,credit_card,0.083,0.1,0
46,60326.0,5.2,MORTGAGE,25.4,3,0,0.22,5510.0,36,7.26,debt_consolidation,0.03,0.034,0
21,92659.0,0.4,RENT,0.0,4,0,0.263,12072.0,24,11.12,small_business,0.065,0.073,0
51,83683.0,9.1,RENT,33.0,7,2,0.344,8792.0,48,11.67,other,0.026,0.033,0
34,36139.0,0.5,MORTGAGE,15.2,7,0,0.167,12734.0,24,7.92,home_improvement,0.176,0.191,0
42,28981.0,4.7,RENT,22.9,6,0,0.586,18804.0,60,12.19,debt_consolidation,0.13,0.174,0
59,47000.0,2.0,MORTGAGE,36.6,2,0,0.214,16106.0,48,8.61,home_improvement,0.086,0.102,0
51,118646.0,14.8,MORTGAGE,31.8,7,0,0.089,5165.0,24,5.93,other,0.022,0.023,0
37,74817.0,3.6,MORTGAGE,18.2,6,0,0.055,10132.0,36,9.37,credit_card,0.045,0.052,0
29,77032.0,13.7,MORTGAGE,7.9,4,0,0.689,5388.0,24,7.34,major_purchase,0.035,0.038,0
18,84536.0,2.1,RENT,0.0,4,1,0.172,5734.0,48,6.86,small_business,0.017,0.019,1
31,66862.0,2.9,OWN,12.4,5,0,0.577,5275.0,60,8.62,debt_consolidation,0.016,0.019,0
37,57544.0,17.6,OWN,17.4,6,0,0.366,5969.0,12,8.73,credit_card,0.104,0.109,0
28,75445.0,1.3,OWN,8.7,4,1,0.192,6168.0,36,10.38,debt_consolidation,0.027,0.032,0
38,41230.0,5.2,RENT,18.7,7,1,0.319,2937.0,36,11.52,medical,0.024,0.028,0
41,26709.0,3.0,OWN,22.7,7,0,0.336,10387.0,36,9.36,home_improvement,0.13,0.149,0
37,77769.0,8.9,RENT,17.7,3,0,0.2,6738.0,48,4.0,debt_consolidation,0.022,0.023,0
32,100596.0,0.8,MORTGAGE,9.2,6,1,0.12,7048.0,36,9.87,medical,0.023,0.027,0
42,30973.0,3.4,MORTGAGE,22.4,4,1,0.296,9144.0,60,6.8,debt_consolidation,0.059,0.07,0
45,81712.0,7.2,MORTGAGE,24.4,7,0,0.249,12456.0,36,9.93,debt_consolidation,0.051,0.059,0
27,125540.0,3.1,MORTGAGE,8.5,3,0,0.323,24572.0,36,8.77,debt_consolidation,0.065,0.074,0
57,54116.0,0.4,RENT,38.8,2,0,0.284,7499.0,12,8.93,debt_consolidation,0.139,0.145,0
39,35990.0,7.3,OWN,14.6,4,1,0.123,7957.0,36,7.75,major_purchase,0.074,0.083,0
40,57613.0,4.2,MORTGAGE,20.8,8,1,0.328,5793.0,36,9.26,major_purchase,0.034,0.039,0
48,41140.0,0.1,RENT,28.7,6,0,0.367,12939.0,48,11.42,debt_consolidation,0.079,0.098,0
43,39801.0,5.7,MORTGAGE,18.7,4,1,0.185,26101.0,36,12.57,medical,0.219,0.264,0
51,67278.0,15.1,MORTGAGE,29.3,6,0,0.149,5333.0,36,8.36,major_purchase,0.026,0.03,0
43,24298.0,0.7,OWN,20.8,3,1,0.17,15552.0,48,8.72,home_improvement,0.16,0.19,0
33,26319.0,5.4,RENT,11.6,4,2,0.066,19195.0,60,7.7,debt_consolidation,0.146,0.176,0
44,54701.0,7.8,RENT,25.7,5,0,0.141,14443.0,48,8.62,debt_consolidation,0.066,0.078,0
26,53575.0,0.4,RENT,0.0,4,0,0.126,15640.0,36,9.36,home_improvement,0.097,0.112,0
41,64330.0,0.1,OWN,15.8,4,0,0.043,7066.0,48,8.94,small_business,0.027,0.033,0
40,138360.0,3.7,MORTGAGE,21.2,12,0,0.604,6532.0,36,7.42,small_business,0.016,0.018,0
38,57083.0,9.4,MORTGAGE,15.1,5,0,0.244,33365.0,36,6.0,major_purchase,0.195,0.213,0
38,73064.0,1.1,RENT,18.4,4,0,0.338,8140.0,24,7.38,debt_consolidation,0.056,0.06,0
18,33264.0,10.9,MORTGAGE,0.0,3,2,0.217,9854.0,36,8.83,debt_consolidation,0.099,0.113,0
33,79536.0,6.4,MORTGAGE,14.5,10,0,0.563,13201.0,24,12.0,debt_consolidation,0.083,0.094,0
41,41640.0,2.4,RENT,20.7,4,0,0.26,12251.0,24,7.86,credit_card,0.147,0.159,0
42,56146.0,4.4,OWN,23.6,6,1,0.29,19952.0,36,9.13,credit_card,0.118,0.136,0
28,51307.0,20.2,RENT,7.7,6,0,0.175,3451.0,12,4.97,home_improvement,0.067,0.069,0
55,90807.0,1.5,RENT,36.2,1,0,0.074,3866.0,36,4.47,home_improvement,0.014,0.015,0
30,28142.0,4.2,OWN,10.2,5,0,0.104,7031.0,60,4.0,small_business,0.05,0.055,0
52,17299.0,5.9,MORTGAGE,30.7,5,0,0.335,7852.0,48,12.97,small_business,0.113,0.146,0
45,48693.0,0.9,RENT,20.7,8,1,0.323,8187.0,24,9.52,home_improvement,0.084,0.093,0
32,68478.0,0.3,MORTGAGE,13.5,5,0,0.311,9922.0,48,6.86,other,0.036,0.042,0
61,58462.0,0.1,MORTGAGE,36.3,7,1,0.065,5474.0,24,7.79,credit_card,0.047,0.051,0
26,100318.0,2.4,MORTGAGE,6.5,3,0,0.462,18015.0,48,8.16,other,0.045,0.053,0
51,67419.0,0.5,MORTGAGE,27.4,4,0,0.179,20917.0,36,11.93,debt_consolidation,0.103,0.124,0
52,40867.0,9.8,RENT,31.8,5,1,0.306,15119.0,36,9.41,other,0.123,0.142,0
32,16938.0,35.5,RENT,8.1,5,0,0.585,7111.0,24,9.49,home_improvement,0.21,0.231,0
57,48115.0,0.4,RENT,35.7,8,0,0.334,22985.0,36,11.73,debt_consolidation,0.159,0.19,0
37,90579.0,3.4,RENT,16.9,8,0,0.19,9690.0,36,10.42,debt_consolidation,0.036,0.042,0
43,44533.0,0.2,MORTGAGE,23.9,3,0,0.42,14254.0,48,10.83,small_business,0.08,0.099,0
43,54949.0,0.9,RENT,14.6,3,0,0.187,6165.0,36,4.0,debt_consolidation,0.037,0.04,0
38,66882.0,2.3,MORTGAGE,15.2,6,0,0.033,4491.0,36,6.67,home_improvement,0.022,0.025,0
50,32609.0,3.0,MORTGAGE,30.6,6,0,0.143,11563.0,60,14.06,home_improvement,0.071,0.099,0
50,73985.0,16.9,MORTGAGE,31.5,4,0,0.329,32836.0,60,7.19,debt_consolidation,0.089,0.106,0
19,122831.0,3.0,MORTGAGE,0.0,2,0,0.332,13152.0,48,9.94,major_purchase,0.027,0.033,0
56,49692.0,4.1,RENT,24.2,8,0,0.286,22106.0,24,7.5,debt_consolidation,0.222,0.24,0
20,30806.0,1.7,OWN,1.0,6,0,0.6,15657.0,24,9.95,credit_card,0.254,0.281,0
52,52402.0,0.0,RENT,26.6,3,0,0.055,6524.0,48,13.22,credit_card,0.031,0.04,0
54,17815.0,13.8,MORTGAGE,35.6,3,0,0.02,9887.0,36,9.58,debt_consolidation,0.185,0.214,0
27,64116.0,0.5,RENT,0.0,6,1,0.507,18202.0,60,14.81,debt_consolidation,0.057,0.081,1
35,67923.0,20.0,MORTGAGE,12.9,2,0,0.341,23420.0,48,11.11,debt_consolidation,0.086,0.107,0
27,125219.0,0.8,MORTGAGE,7.7,11,0,0.493,10024.0,60,6.12,credit_card,0.016,0.019,0
37,49168.0,5.6,OWN,17.9,5,0,0.119,2804.0,24,5.02,home_improvement,0.029,0.03,0
36,66452.0,40.0,OWN,14.9,7,0,0.647,15812.0,36,4.0,debt_consolidation,0.079,0.084,0
49,35220.0,0.9,OWN,28.3,7,1,0.369,17625.0,24,8.2,small_business,0.25,0.272,1
56,45333.0,3.3,OWN,30.5,4,0,0.047,14905.0,36,7.82,medical,0.11,0.123,0
57,25271.0,9.1,MORTGAGE,34.6,2,0,0.128,2149.0,12,8.59,home_improvement,0.085,0.089,0
33,49149.0,0.2,MORTGAGE,12.7,5,0,0.187,8886.0,48,8.44,other,0.045,0.053,0
37,46506.0,7.0,MORTGAGE,11.1,3,0,0.297,3589.0,60,11.82,other,0.015,0.021,0
20,62919.0,0.5,MORTGAGE,0.0,3,2,0.674,8891.0,60,5.64,debt_consolidation,0.028,0.032,0
30,39664.0,1.6,RENT,6.3,7,0,0.268,18396.0,60,10.52,other,0.093,0.12,0
52,56482.0,1.0,MORTGAGE,28.5,9,1,0.145,18468.0,24,9.76,credit_card,0.163,0.181,0
59,45858.0,14.3,MORTGAGE,33.5,2,0,0.185,11769.0,36,11.38,home_improvement,0.086,0.101,1
25,45901.0,1.2,RENT,6.8,4,1,0.447,25186.0,36,10.15,debt_consolidation,0.183,0.213,0
33,56398.0,0.2,RENT,12.4,5,0,0.255,13925.0,36,12.43,debt_consolidation,0.082,0.099,0
40,55285.0,5.3,RENT,20.1,3,0,0.108,27471.0,12,7.0,medical,0.497,0.516,1
43,79268.0,2.5,MORTGAGE,23.0,7,2,0.186,17960.0,36,10.37,major_purchase,0.076,0.088,0
30,51005.0,3.1,MORTGAGE,10.2,8,0,0.406,13466.0,48,10.3,small_business,0.066,0.081,0
45,45481.0,0.8,MORTGAGE,21.5,4,1,0.14,6216.0,12,7.85,debt_consolidation,0.137,0.143,0
34,49493.0,8.3,MORTGAGE,14.8,2,0,0.211,4248.0,12,8.69,other,0.086,0.09,0
40,37899.0,5.5,RENT,20.1,9,0,0.29,8686.0,36,8.84,home_improvement,0.076,0.087,0
47,45254.0,2.7,MORTGAGE,28.3,2,1,0.164,9752.0,36,10.9,home_improvement,0.072,0.085,0
40,149579.0,1.1,RENT,21.1,5,1,0.212,9400.0,36,8.86,debt_consolidation,0.021,0.024,0
35,34326.0,5.4,OWN,13.8,2,1,0.167,16475.0,36,9.58,credit_card,0.16,0.185,0
39,47130.0,9.0,OWN,20.6,9,0,0.27,24173.0,24,5.52,credit_card,0.256,0.271,0
39,44634.0,2.2,RENT,20.4,3,1,0.482,28109.0,36,13.85,medical,0.21,0.258,0
36,47878.0,0.2,RENT,15.7,4,1,0.522,4658.0,60,8.82,debt_consolidation,0.019,0.024,0
37,45907.0,1.4,RENT,18.9,5,0,0.511,13517.0,36,6.81,credit_card,0.098,0.109,0
59,62294.0,6.9,RENT,40.6,4,1,0.024,13047.0,48,8.91,credit_card,0.052,0.062,0
47,23038.0,27.1,MORTGAGE,23.0,9,0,0.189,5663.0,36,8.24,home_improvement,0.082,0.093,0
36,90997.0,0.1,RENT,12.4,4,0,0.206,4172.0,48,7.99,major_purchase,0.011,0.013,0
48,74332.0,2.2,OWN,28.7,7,1,0.33,4574.0,12,9.81,home_improvement,0.062,0.065,0
36,29102.0,0.4,MORTGAGE,16.7,4,1,0.246,4041.0,36,6.03,home_improvement,0.046,0.051,0
54,17422.0,2.3,RENT,27.7,1,0,0.36,7093.0,48,7.48,debt_consolidation,0.102,0.118,0
44,33238.0,3.1,OWN,25.9,4,0,0.36,15139.0,12,9.52,credit_card,0.455,0.479,1
39,47986.0,15.2,RENT,18.4,5,1,0.123,8725.0,60,12.47,credit_card,0.036,0.049,0
45,196840.0,0.5,MORTGAGE,24.3,4,0,0.331,5261.0,60,4.85,credit_card,0.005,0.006,0
21,71085.0,9.0,RENT,0.0,6,0,0.258,4393.0,48,8.39,home_improvement,0.015,0.018,0
26,21943.0,3.0,RENT,0.0,5,0,0.276,8664.0,24,10.8,other,0.197,0.22,0
26,38375.0,10.0,RENT,6.7,4,0,0.38,10287.0,12,11.12,credit_card,0.268,0.284,0
42,52754.0,4.3,MORTGAGE,22.3,9,0,0.294,5776.0,36,10.4,debt_consolidation,0.036,0.043,0
61,61503.0,0.2,MORTGAGE,39.7,2,0,0.224,7894.0,36,7.46,debt_consolidation,0.043,0.048,0
67,28075.0,17.5,OWN,38.7,5,0,0.372,9266.0,12,8.4,debt_consolidation,0.33,0.345,0
48,50640.0,0.5,MORTGAGE,23.4,7,1,0.339,21074.0,36,7.62,major_purchase,0.139,0.156,0
46,37842.0,5.5,MORTGAGE,24.7,4,0,0.699,9410.0,60,8.06,debt_consolidation,0.05,0.061,0
18,31198.0,12.6,RENT,0.0,6,0,0.376,6162.0,48,9.84,credit_card,0.049,0.06,0
33,61685.0,0.5,RENT,14.7,9,0,0.248,60515.0,60,11.64,home_improvement,0.196,0.26,0
31,79773.0,4.8,MORTGAGE,11.6,8,0,0.155,5296.0,12,7.86,credit_card,0.066,0.069,0
33,82497.0,10.4,MORTGAGE,15.0,1,0,0.128,16558.0,24,4.74,debt_consolidation,0.1,0.105,1
38,72200.0,25.8,RENT,19.4,4,1,0.229,6447.0,48,11.66,debt_consolidation,0.022,0.028,0
34,42248.0,7.7,MORTGAGE,13.0,7,0,0.293,5729.0,48,7.31,home_improvement,0.034,0.039,0
18,77441.0,2.0,MORTGAGE,0.0,8,0,0.08,3179.0,24,7.63,credit_card,0.021,0.022,0
49,63230.0,7.2,RENT,28.0,5,0,0.371,16059.0,60,10.36,debt_consolidation,0.051,0.065,0
27,57929.0,7.3,RENT,5.7,8,2,0.078,5923.0,36,5.45,credit_card,0.034,0.037,0
43,39901.0,7.2,MORTGAGE,24.7,4,0,0.116,19204.0,36,8.36,debt_consolidation,0.16,0.182,0
65,42259.0,11.6,OWN,43.7,8,2,0.358,10019.0,36,10.99,credit_card,0.079,0.093,0
29,56215.0,0.5,MORTGAGE,9.2,3,1,0.353,11219.0,60,7.65,small_business,0.04,0.048,1
18,183494.0,0.7,MORTGAGE,0.0,3,1,0.216,22092.0,36,9.22,major_purchase,0.04,0.046,0
37,62983.0,6.1,MORTGAGE,17.8,2,1,0.306,25042.0,36,7.67,debt_consolidation,0.133,0.149,0
53,39911.0,18.5,MORTGAGE,32.4,6,2,0.392,15132.0,60,6.35,debt_consolidation,0.076,0.089,0
64,35732.0,3.8,OWN,44.3,4,0,0.268,18562.0,24,4.67,credit_card,0.26,0.273,0
25,42367.0,19.4,RENT,4.5,14,0,0.547,12067.0,48,9.5,other,0.071,0.086,0
46,160917.0,16.7,OWN,27.5,4,0,0.354,4910.0,60,13.41,debt_consolidation,0.006,0.008,1
34,44372.0,14.0,OWN,14.5,7,0,0.36,22000.0,36,10.24,debt_consolidation,0.165,0.193,0
39,85258.0,14.4,OWN,19.6,8,0,0.105,12127.0,60,8.39,medical,0.028,0.035,0
72,44893.0,13.7,OWN,50.0,4,1,0.586,14360.0,24,12.45,major_purchase,0.16,0.181,0
22,61734.0,10.3,MORTGAGE,0.3,7,0,0.442,10598.0,36,9.3,debt_consolidation,0.057,0.066,0
43,80489.0,7.1,RENT,17.8,4,0,0.23,14803.0,48,6.87,medical,0.046,0.053,0
46,40703.0,0.1,OWN,25.0,3,0,0.027,9468.0,60,8.42,medical,0.047,0.057,0
53,39318.0,0.9,RENT,33.9,2,0,0.089,19875.0,48,8.66,debt_consolidation,0.126,0.15,0
41,124173.0,0.9,OWN,18.4,5,0,0.47,18468.0,24,11.12,debt_consolidation,0.074,0.083,0
44,88636.0,0.1,RENT,23.9,8,0,0.215,7571.0,48,9.74,home_improvement,0.021,0.026,0
35,80446.0,0.7,MORTGAGE,16.4,3,0,0.528,9629.0,12,7.26,credit_card,0.12,0.124,0
43,80309.0,15.1,MORTGAGE,20.9,2,0,0.137,14230.0,36,6.93,other,0.059,0.066,0
36,68172.0,6.5,RENT,17.6,9,0,0.569,3590.0,60,9.55,credit_card,0.011,0.013,0
47,148581.0,2.2,OWN,28.4,2,1,0.263,7315.0,24,10.16,credit_card,0.025,0.027,0
36,55379.0,9.5,RENT,13.7,4,0,0.462,10362.0,24,9.46,home_improvement,0.094,0.103,0
45,72304.0,4.0,MORTGAGE,22.6,7,0,0.061,7584.0,60,10.75,small_business,0.021,0.027,0
40,26227.0,0.9,RENT,17.3,6,0,0.197,12626.0,12,5.83,other,0.481,0.497,0
54,35865.0,13.0,RENT,35.0,5,0,0.314,5595.0,24,9.5,medical,0.078,0.086,0
39,29720.0,2.5,OWN,15.0,4,0,0.391,10270.0,48,8.78,credit_card,0.086,0.103,0
19,102440.0,7.2,MORTGAGE,0.0,5,0,0.176,3767.0,12,8.75,major_purchase,0.037,0.039,0
55,15119.0,2.1,MORTGAGE,31.6,5,0,0.317,8054.0,36,5.47,other,0.178,0.193,1
29,44305.0,4.2,OWN,7.3,8,1,0.3,10179.0,12,7.41,debt_consolidation,0.23,0.239,0
32,15000.0,10.2,RENT,11.4,3,0,0.198,5837.0,36,9.96,debt_consolidation,0.13,0.151,0
33,35752.0,1.0,RENT,14.7,3,0,0.48,13328.0,48,6.51,credit_card,0.093,0.106,1
56,42384.0,22.7,RENT,34.3,2,1,0.008,13211.0,48,12.74,home_improvement,0.078,0.1,0
18,108276.0,0.4,MORTGAGE,0.0,3,1,0.365,16308.0,48,9.85,medical,0.038,0.046,0
75,66060.0,4.6,RENT,55.9,9,1,0.465,3174.0,24,11.54,debt_consolidation,0.024,0.027,0
53,35719.0,14.9,RENT,31.0,6,0,0.163,17568.0,48,7.39,credit_card,0.123,0.142,0
43,92317.0,17.5,MORTGAGE,22.6,2,2,0.305,18550.0,48,6.49,debt_consolidation,0.05,0.057,0
39,54662.0,1.6,RENT,18.5,5,1,0.618,16996.0,60,12.7,other,0.062,0.084,0
43,55204.0,0.9,OWN,23.6,5,0,0.186,8043.0,60,7.48,medical,0.029,0.035,0
46,29693.0,7.7,OWN,27.6,6,0,0.391,8371.0,60,7.77,small_business,0.056,0.068,1
48,33024.0,0.3,MORTGAGE,29.3,6,0,0.112,8411.0,48,4.74,debt_consolidation,0.064,0.07,0
47,35863.0,4.0,RENT,24.6,7,0,0.184,12762.0,48,4.9,small_business,0.089,0.098,0
41,55450.0,9.5,OWN,22.0,2,1,0.144,6886.0,60,8.64,debt_consolidation,0.025,0.031,0
38,56328.0,4.9,MORTGAGE,20.0,1,0,0.102,5714.0,36,7.99,debt_consolidation,0.034,0.038,0
38,117248.0,1.2,MORTGAGE,2.6,2,0,0.199,7574.0,36,7.35,small_business,0.022,0.024,0
38,65679.0,4.0,MORTGAGE,19.3,4,0,0.703,19119.0,24,9.78,debt_consolidation,0.146,0.161,0
54,15000.0,15.3,MORTGAGE,32.8,7,0,0.68,4461.0,24,10.48,small_business,0.149,0.165,0
47,61779.0,5.8,MORTGAGE,21.2,6,1,0.295,18155.0,36,10.58,medical,0.098,0.115,0
18,26239.0,7.7,RENT,0.0,6,0,0.298,5748.0,24,8.67,debt_consolidation,0.11,0.12,0
48,33424.0,2.5,RENT,25.2,8,0,0.218,35004.0,48,6.76,debt_consolidation,0.262,0.3,0
42,36095.0,1.3,MORTGAGE,12.8,5,0,0.394,25582.0,24,8.78,credit_card,0.354,0.388,0
40,38884.0,1.8,OWN,16.1,7,0,0.383,31559.0,36,9.98,other,0.271,0.314,0
35,27240.0,4.6,MORTGAGE,14.6,7,1,0.086,6164.0,24,9.47,home_improvement,0.113,0.125,0
53,59978.0,2.0,RENT,33.6,5,1,0.256,13081.0,60,8.44,debt_consolidation,0.044,0.054,0
51,26758.0,4.7,RENT,31.0,5,0,0.126,6865.0,48,7.79,small_business,0.064,0.075,0
31,64753.0,7.4,RENT,7.5,7,0,0.082,6591.0,36,7.14,medical,0.034,0.038,0
45,165791.0,8.0,RENT,21.2,10,0,0.36,15111.0,36,10.26,major_purchase,0.03,0.035,0
28,27870.0,1.1,RENT,4.4,6,0,0.274,8700.0,60,11.43,debt_consolidation,0.062,0.082,0
23,46993.0,8.3,RENT,2.3,1,2,0.073,12446.0,24,6.51,debt_consolidation,0.132,0.142,0
32,15341.0,6.7,OWN,12.1,5,0,0.145,10069.0,60,10.59,debt_consolidation,0.131,0.17,0
50,46608.0,0.1,OWN,30.9,6,0,0.377,4692.0,24,7.59,small_business,0.05,0.054,0
51,74709.0,0.4,MORTGAGE,33.0,5,0,0.529,17659.0,48,12.44,credit_card,0.059,0.075,0
46,77677.0,6.2,RENT,23.7,2,1,0.148,27366.0,36,8.15,debt_consolidation,0.117,0.133,0
49,56313.0,2.9,RENT,30.0,5,2,0.259,32275.0,36,10.59,debt_consolidation,0.191,0.224,0
46,84511.0,0.9,RENT,26.8,6,0,0.147,6430.0,12,7.04,credit_card,0.076,0.079,0
32,193499.0,0.3,RENT,8.4,7,1,0.32,5055.0,36,9.9,credit_card,0.009,0.01,0
45,127536.0,1.0,MORTGAGE,26.8,3,0,0.154,5179.0,60,7.18,major_purchase,0.008,0.01,0
50,41720.0,19.0,MORTGAGE,24.1,5,1,0.431,10430.0,36,9.54,home_improvement,0.083,0.096,0
49,26224.0,7.8,MORTGAGE,31.0,5,0,0.343,48361.0,48,9.21,credit_card,0.461,0.553,0
54,44220.0,4.5,MORTGAGE,27.6,3,0,0.483,9757.0,36,10.62,major_purchase,0.074,0.086,0
48,33742.0,17.0,RENT,28.2,3,0,0.127,18822.0,36,9.98,major_purchase,0.186,0.216,0
44,67892.0,5.8,MORTGAGE,25.7,1,1,0.11,8682.0,24,9.3,debt_consolidation,0.064,0.07,0
53,30014.0,7.8,MORTGAGE,31.6,4,0,0.068,8704.0,60,7.66,other,0.058,0.07,0
40,52239.0,2.0,MORTGAGE,15.2,5,0,0.306,4985.0,60,6.22,major_purchase,0.019,0.022,0
29,82373.0,5.3,MORTGAGE,9.3,8,2,0.41,15770.0,60,7.12,home_improvement,0.038,0.046,0
38,51516.0,0.9,RENT,16.5,4,2,0.437,7626.0,36,8.04,debt_consolidation,0.049,0.056,0
31,33754.0,3.1,OWN,1.4,7,1,0.304,10598.0,24,7.79,credit_card,0.157,0.17,0
32,97480.0,0.2,RENT,13.2,3,1,0.11,22765.0,36,11.97,home_improvement,0.078,0.093,0
38,21174.0,1.5,OWN,14.8,6,0,0.374,4447.0,36,10.29,debt_consolidation,0.07,0.082,1
30,45986.0,0.5,MORTGAGE,11.0,4,0,0.014,8950.0,36,4.24,debt_consolidation,0.065,0.069,0
36,53060.0,2.9,OWN,16.3,7,0,0.054,13701.0,48,9.59,small_business,0.065,0.078,0
18,54609.0,11.1,OWN,0.0,2,1,0.132,11177.0,24,9.58,debt_consolidation,0.102,0.113,0
43,59293.0,2.8,OWN,23.2,6,1,0.358,4762.0,12,11.45,other,0.08,0.085,0
40,73513.0,10.7,RENT,22.0,6,2,0.361,9157.0,36,8.05,medical,0.042,0.047,0
30,53226.0,6.4,OWN,10.9,4,0,0.165,28408.0,48,11.38,debt_consolidation,0.133,0.167,0
48,45070.0,4.3,OWN,28.2,7,0,0.495,11624.0,24,9.77,small_business,0.129,0.142,1
51,44188.0,1.6,RENT,30.0,8,1,0.358,7560.0,48,9.23,credit_card,0.043,0.051,0
21,39904.0,15.3,RENT,0.0,4,0,0.432,7766.0,48,9.38,credit_card,0.049,0.059,0
31,80320.0,0.3,RENT,10.4,9,0,0.256,14458.0,24,8.05,credit_card,0.09,0.098,0
31,39212.0,7.0,MORTGAGE,12.0,3,0,0.275,24833.0,36,10.28,home_improvement,0.211,0.246,0
29,82734.0,5.8,RENT,2.2,6,0,0.142,25936.0,12,12.54,major_purchase,0.313,0.335,0
50,54693.0,3.5,MORTGAGE,30.5,4,1,0.226,6739.0,36,7.08,other,0.041,0.046,0
38,41747.0,1.6,MORTGAGE,19.3,1,0,0.396,30440.0,24,6.53,medical,0.365,0.39,0
37,73807.0,3.4,OWN,16.6,6,1,0.12,10299.0,48,9.3,major_purchase,0.035,0.042,0
18,37657.0,12.4,OWN,0.0,6,2,0.482,18144.0,36,13.6,home_improvement,0.161,0.196,0
48,74540.0,10.9,MORTGAGE,30.0,4,1,0.424,16695.0,48,9.03,credit_card,0.056,0.067,0
25,60256.0,17.0,RENT,6.0,8,0,0.116,22177.0,36,14.12,credit_card,0.123,0.151,0
41,40209.0,2.2,RENT,17.8,4,1,0.305,32462.0,36,6.47,small_business,0.269,0.297,1
43,70567.0,2.9,OWN,22.9,7,1,0.605,23268.0,12,10.22,major_purchase,0.33,0.348,0
56,71203.0,0.1,RENT,36.4,7,1,0.103,14517.0,24,8.46,debt_consolidation,0.102,0.111,0
24,96641.0,17.2,MORTGAGE,0.0,4,0,0.307,22193.0,36,10.18,home_improvement,0.077,0.089,0
18,87823.0,2.4,MORTGAGE,0.0,7,1,0.411,5922.0,36,8.46,debt_consolidation,0.022,0.026,0
42,69261.0,3.1,RENT,21.1,2,0,0.19,3884.0,48,5.48,debt_consolidation,0.014,0.016,0
62,30829.0,14.3,MORTGAGE,42.7,9,2,0.083,6776.0,36,11.85,home_improvement,0.073,0.087,0
55,184295.0,4.5,RENT,36.8,5,0,0.552,5888.0,48,10.17,home_improvement,0.008,0.01,0
43,26855.0,5.0,RENT,24.3,9,1,0.402,10080.0,36,9.43,major_purchase,0.125,0.144,0
34,87084.0,1.2,OWN,13.0,10,0,0.186,14220.0,48,13.74,medical,0.041,0.053,0
50,67214.0,4.1,RENT,31.9,4,1,0.172,9104.0,36,10.05,credit_card,0.045,0.052,0
28,30120.0,15.0,RENT,7.3,9,1,0.345,11324.0,24,9.59,debt_consolidation,0.188,0.207,0
46,50912.0,4.9,MORTGAGE,18.6,5,0,0.051,21828.0,36,9.6,home_improvement,0.143,0.165,0
46,52085.0,1.8,RENT,23.2,3,0,0.303,9451.0,60,7.53,debt_consolidation,0.036,0.044,0
53,104067.0,0.2,MORTGAGE,33.7,3,0,0.053,11635.0,12,8.23,home_improvement,0.112,0.117,0
73,37924.0,2.5,MORTGAGE,54.6,6,0,0.091,17448.0,36,11.77,debt_consolidation,0.153,0.183,0
45,47526.0,5.1,RENT,25.1,3,1,0.333,7974.0,36,7.59,major_purchase,0.056,0.063,1
34,16848.0,0.3,MORTGAGE,14.5,7,0,0.464,10900.0,36,9.79,debt_consolidation,0.216,0.25,0
40,128976.0,5.6,RENT,11.3,3,0,0.527,3099.0,36,9.93,small_business,0.008,0.009,0
19,31722.0,4.4,MORTGAGE,0.0,6,0,0.455,4117.0,48,7.49,credit_card,0.032,0.038,1
32,63797.0,9.2,MORTGAGE,12.4,2,0,0.202,23637.0,60,8.68,debt_consolidation,0.074,0.092,0
35,51498.0,0.2,MORTGAGE,16.5,5,0,0.148,29606.0,60,8.52,credit_card,0.115,0.142,0
34,51586.0,9.1,MORTGAGE,8.8,5,0,0.136,4343.0,24,9.83,credit_card,0.042,0.047,0
42,81221.0,4.4,RENT,19.3,4,0,0.198,7415.0,36,5.92,debt_consolidation,0.03,0.033,0
30,124945.0,2.8,RENT,9.9,8,1,0.378,28473.0,36,10.85,small_business,0.076,0.089,0
53,61436.0,20.2,MORTGAGE,33.6,7,1,0.127,12226.0,12,10.93,credit_card,0.199,0.211,0
40,75172.0,1.0,RENT,20.2,4,0,0.52,10499.0,24,6.7,credit_card,0.07,0.075,0
40,63860.0,4.7,RENT,15.0,4,1,0.742,18737.0,36,9.88,home_improvement,0.098,0.113,1
36,90108.0,2.3,MORTGAGE,17.4,3,1,0.549,31460.0,36,12.6,credit_card,0.116,0.14,1
42,42982.0,4.5,RENT,19.1,4,2,0.463,12092.0,36,8.44,major_purchase,0.094,0.106,1
50,92753.0,4.8,RENT,31.9,3,1,0.259,5321.0,48,8.28,other,0.014,0.017,0
30,94396.0,0.6,MORTGAGE,4.4,2,0,0.32,11671.0,36,12.3,debt_consolidation,0.041,0.049,0
32,93085.0,6.5,MORTGAGE,11.9,5,0,0.238,21110.0,12,6.72,major_purchase,0.227,0.235,0
36,38946.0,6.0,MORTGAGE,17.2,8,0,0.522,24161.0,36,9.45,debt_consolidation,0.207,0.238,0
24,49803.0,8.8,OWN,6.0,7,0,0.441,2603.0,48,8.41,other,0.013,0.015,0
30,61067.0,0.6,MORTGAGE,9.5,7,1,0.119,15500.0,24,10.62,other,0.127,0.141,0
34,27298.0,2.1,MORTGAGE,15.2,4,0,0.035,16069.0,36,10.19,debt_consolidation,0.196,0.229,1
50,120266.0,6.3,OWN,29.0,3,0,0.46,8352.0,12,5.78,credit_card,0.069,0.072,0
43,53845.0,0.9,MORTGAGE,24.0,4,0,0.262,29873.0,36,7.78,debt_consolidation,0.185,0.208,0
42,62440.0,6.8,MORTGAGE,23.7,5,0,0.284,12960.0,36,10.49,debt_consolidation,0.069,0.081,0
50,40599.0,0.4,RENT,29.9,2,0,0.296,13950.0,48,7.17,debt_consolidation,0.086,0.099,0
38,27905.0,2.4,OWN,17.5,7,0,0.372,11305.0,36,9.29,debt_consolidation,0.135,0.155,0
45,40054.0,11.3,OWN,25.2,2,0,0.182,8999.0,48,9.68,credit_card,0.056,0.068,0
39,60452.0,8.9,MORTGAGE,19.2,6,2,0.432,11494.0,24,12.69,debt_consolidation,0.095,0.108,0
43,75865.0,6.2,MORTGAGE,22.3,9,2,0.434,27881.0,48,9.07,other,0.092,0.11,1
33,58741.0,12.3,RENT,12.8,6,1,0.097,8687.0,36,8.89,home_improvement,0.049,0.056,0
18,64432.0,7.4,MORTGAGE,0.0,9,1,0.207,13653.0,36,11.81,debt_consolidation,0.071,0.084,0
38,45775.0,4.4,MORTGAGE,19.3,2,1,0.117,14387.0,24,9.67,small_business,0.157,0.173,0
57,69433.0,23.4,MORTGAGE,38.5,4,0,0.398,5279.0,48,13.09,credit_card,0.019,0.025,0
51,113711.0,7.1,MORTGAGE,29.5,4,0,0.38,15496.0,24,11.54,major_purchase,0.068,0.077,0
52,77064.0,5.5,MORTGAGE,31.7,5,0,0.408,9284.0,60,7.95,medical,0.024,0.029,0
55,81208.0,3.2,RENT,35.3,4,0,0.583,7212.0,36,7.69,debt_consolidation,0.03,0.033,0
41,62756.0,14.0,RENT,18.2,6,1,0.146,36632.0,36,9.73,home_improvement,0.195,0.225,0
42,25551.0,2.1,MORTGAGE,22.8,5,0,0.204,20936.0,36,10.99,home_improvement,0.273,0.322,0
33,32134.0,0.1,RENT,12.5,3,0,0.264,17106.0,36,10.5,medical,0.177,0.208,0
36,68012.0,1.3,OWN,17.8,6,2,0.669,2981.0,36,6.44,medical,0.015,0.016,0
47,53881.0,0.7,RENT,24.9,5,0,0.504,6523.0,36,11.42,debt_consolidation,0.04,0.048,0
54,67503.0,2.3,OWN,32.4,5,0,0.428,12474.0,24,8.46,debt_consolidation,0.092,0.101,0
38,125268.0,10.5,MORTGAGE,15.1,5,1,0.276,11890.0,24,5.08,home_improvement,0.047,0.05,0
35,77887.0,6.3,MORTGAGE,10.5,3,0,0.006,9881.0,36,10.38,debt_consolidation,0.042,0.049,0
40,101665.0,1.1,OWN,17.7,8,0,0.44,6916.0,60,9.95,debt_consolidation,0.014,0.017,0
47,56803.0,9.3,RENT,23.4,8,0,0.106,6393.0,36,9.09,debt_consolidation,0.038,0.043,0
23,36185.0,4.2,RENT,3.7,4,0,0.196,7771.0,36,11.19,home_improvement,0.072,0.085,0
18,52631.0,4.3,RENT,0.0,2,1,0.251,7497.0,36,8.68,small_business,0.047,0.054,0
33,36229.0,2.7,MORTGAGE,6.3,6,0,0.329,9225.0,48,6.85,debt_consolidation,0.064,0.073,0
25,118084.0,12.0,RENT,0.0,7,0,0.524,5907.0,48,8.26,small_business,0.013,0.015,0
34,80434.0,2.3,RENT,13.6,9,0,0.115,4117.0,60,6.97,debt_consolidation,0.01,0.012,0
38,70281.0,0.6,MORTGAGE,18.6,7,1,0.095,19107.0,24,7.16,debt_consolidation,0.136,0.146,0
35,100506.0,2.2,MORTGAGE,11.0,5,0,0.232,14424.0,48,9.3,home_improvement,0.036,0.043,0
57,19732.0,7.5,RENT,37.8,7,0,0.415,3299.0,36,10.12,debt_consolidation,0.056,0.065,0
44,72698.0,6.4,RENT,25.5,4,0,0.431,6324.0,48,6.93,credit_card,0.022,0.025,0
44,28132.0,1.2,MORTGAGE,22.9,8,0,0.632,16673.0,24,9.09,home_improvement,0.296,0.325,0
47,53980.0,0.7,OWN,28.9,6,0,0.075,13208.0,24,7.36,major_purchase,0.122,0.132,0
26,46358.0,6.5,MORTGAGE,6.6,2,1,0.353,22056.0,48,7.42,debt_consolidation,0.119,0.138,0
52,75423.0,6.8,MORTGAGE,29.1,5,0,0.188,14211.0,24,7.95,medical,0.094,0.102,0
39,60724.0,2.7,RENT,20.0,4,0,0.313,13479.0,36,4.6,debt_consolidation,0.074,0.079,0
48,106145.0,11.1,RENT,22.0,4,0,0.339,25123.0,24,9.57,debt_consolidation,0.118,0.13,0
27,40097.0,23.0,MORTGAGE,0.0,5,0,0.069,21590.0,48,6.88,debt_consolidation,0.135,0.154,0
21,77231.0,1.4,RENT,0.0,6,1,0.274,12677.0,36,10.46,debt_consolidation,0.055,0.064,0
50,58754.0,5.2,MORTGAGE,18.8,4,0,0.266,23360.0,36,5.57,debt_consolidation,0.133,0.144,0
45,23917.0,0.0,RENT,24.7,6,1,0.198,32299.0,48,8.11,medical,0.338,0.396,0
29,34224.0,7.5,OWN,8.5,4,2,0.321,9182.0,12,9.19,debt_consolidation,0.268,0.282,0
30,50265.0,3.2,RENT,6.6,4,0,0.334,7352.0,12,6.91,medical,0.146,0.152,0
54,94480.0,1.3,RENT,34.0,8,0,0.238,2643.0,24,7.6,debt_consolidation,0.014,0.015,0
26,68313.0,8.4,MORTGAGE,6.4,4,0,0.304,19067.0,36,10.84,home_improvement,0.093,0.109,0
60,30220.0,10.0,RENT,39.1,4,1,0.146,8825.0,36,7.07,medical,0.097,0.108,0
29,50506.0,0.7,MORTGAGE,7.8,5,0,0.237,24805.0,24,8.94,debt_consolidation,0.246,0.269,0
48,148584.0,0.3,OWN,25.8,4,1,0.185,9156.0,60,9.39,credit_card,0.012,0.015,0
36,57275.0,2.4,RENT,14.7,4,0,0.512,11859.0,60,6.45,home_improvement,0.041,0.049,1
47,45997.0,5.9,OWN,24.9,5,0,0.19,19744.0,24,8.89,credit_card,0.215,0.235,0
33,69277.0,9.5,MORTGAGE,11.6,3,0,0.177,3375.0,48,8.89,credit_card,0.012,0.015,0
38,79356.0,4.7,OWN,18.0,10,0,0.181,16527.0,36,10.56,other,0.069,0.081,0
40,43127.0,5.2,OWN,21.6,5,1,0.129,10185.0,48,11.4,other,0.059,0.074,0
28,69653.0,9.7,RENT,5.4,7,1,0.347,11659.0,36,9.77,home_improvement,0.056,0.065,0
49,45961.0,4.5,MORTGAGE,30.9,3,0,0.108,4072.0,36,6.97,major_purchase,0.03,0.033,0
34,77626.0,5.7,RENT,1.3,4,0,0.298,10015.0,24,11.48,debt_consolidation,0.065,0.073,0
37,58974.0,4.4,MORTGAGE,13.7,2,0,0.294,7186.0,60,9.47,credit_card,0.024,0.031,0
28,68939.0,12.7,MORTGAGE,6.7,10,0,0.296,15698.0,36,9.87,major_purchase,0.076,0.088,0
18,37064.0,1.6,OWN,0.0,6,2,0.668,9137.0,36,8.03,major_purchase,0.082,0.093,0
38,35931.0,1.8,MORTGAGE,17.2,6,0,0.216,8810.0,36,10.01,other,0.082,0.095,1
69,86920.0,0.8,RENT,50.8,5,1,0.058,9496.0,24,12.03,other,0.055,0.062,0
49,52068.0,10.3,MORTGAGE,28.5,5,0,0.161,19479.0,12,9.02,credit_card,0.374,0.393,0
40,62475.0,3.2,RENT,21.0,9,1,0.255,8869.0,36,12.05,debt_consolidation,0.047,0.057,0
37,46481.0,2.6,RENT,17.6,6,2,0.468,37123.0,36,10.63,debt_consolidation,0.266,0.312,1
40,84911.0,23.9,MORTGAGE,20.2,2,0,0.389,3094.0,48,12.04,home_improvement,0.009,0.012,1
47,39978.0,15.7,RENT,24.5,2,0,0.31,10643.0,12,10.16,debt_consolidation,0.266,0.281,0
26,50625.0,21.5,RENT,5.9,5,0,0.228,15651.0,12,9.12,other,0.309,0.325,0
53,80258.0,0.9,MORTGAGE,33.1,6,2,0.25,11194.0,48,5.14,home_improvement,0.035,0.039,0
49,97390.0,13.3,MORTGAGE,29.9,7,2,0.32,3937.0,48,9.28,debt_consolidation,0.01,0.012,0
49,41694.0,2.4,MORTGAGE,28.7,5,0,0.598,13387.0,24,4.05,small_business,0.161,0.167,0
45,144328.0,0.1,MORTGAGE,26.1,6,0,0.146,6060.0,24,8.93,debt_consolidation,0.021,0.023,0
40,63362.0,3.0,RENT,21.1,10,0,0.263,7884.0,36,10.48,home_improvement,0.041,0.049,0
48,32162.0,4.3,MORTGAGE,25.8,6,1,0.13,8833.0,36,11.25,other,0.092,0.108,0
47,65155.0,0.7,RENT,27.7,5,0,0.205,11088.0,48,7.49,debt_consolidation,0.043,0.049,0
36,44735.0,4.6,MORTGAGE,17.8,4,1,0.239,16249.0,36,7.57,debt_consolidation,0.121,0.136,0
33,67308.0,10.3,MORTGAGE,13.7,3,0,0.325,20072.0,24,12.21,medical,0.149,0.169,1
41,53028.0,2.8,RENT,19.9,4,0,0.15,4905.0,12,9.39,debt_consolidation,0.092,0.097,0
59,56226.0,2.6,RENT,36.0,1,0,0.461,7680.0,36,9.99,medical,0.046,0.053,0
25,34345.0,2.5,RENT,0.0,7,0,0.48,3066.0,36,11.53,debt_consolidation,0.03,0.035,0
22,88879.0,15.4,OWN,0.0,5,0,0.422,10694.0,60,10.44,major_purchase,0.024,0.031,0
42,30392.0,0.3,MORTGAGE,22.3,6,1,0.14,7612.0,24,7.73,debt_consolidation,0.125,0.136,1
41,31120.0,3.5,OWN,21.9,2,0,0.518,22619.0,60,8.0,home_improvement,0.145,0.177,0
42,65100.0,1.8,MORTGAGE,23.6,3,0,0.42,17599.0,48,7.5,debt_consolidation,0.068,0.078,0
43,120743.0,13.5,OWN,22.0,4,0,0.184,25959.0,36,14.08,other,0.072,0.088,0
37,45420.0,0.6,RENT,16.9,4,1,0.06,20136.0,24,10.16,small_business,0.222,0.246,0
58,76917.0,3.2,RENT,36.6,3,0,0.199,12087.0,12,10.98,debt_consolidation,0.157,0.167,1
21,92658.0,3.1,MORTGAGE,2.2,4,2,0.152,14980.0,12,8.14,debt_consolidation,0.162,0.169,0
30,81417.0,13.2,MORTGAGE,10.8,3,2,0.213,12090.0,12,8.73,small_business,0.148,0.156,1
39,46369.0,1.5,RENT,20.0,3,0,0.258,2755.0,48,12.25,debt_consolidation,0.015,0.019,0
20,31397.0,6.2,RENT,0.0,3,0,0.375,8056.0,36,7.43,debt_consolidation,0.086,0.096,0
38,17966.0,0.9,OWN,19.4,7,0,0.571,5866.0,48,7.67,debt_consolidation,0.082,0.095,0
60,47505.0,18.5,MORTGAGE,39.2,8,0,0.44,36764.0,36,9.28,debt_consolidation,0.258,0.297,1
40,97640.0,5.4,RENT,21.8,7,0,0.131,3068.0,48,7.18,credit_card,0.008,0.009,0
43,30882.0,5.9,RENT,22.6,4,1,0.17,8284.0,48,7.57,debt_consolidation,0.067,0.078,0
25,76888.0,3.4,MORTGAGE,6.8,4,0,0.147,18014.0,24,9.6,debt_consolidation,0.117,0.129,0
33,33689.0,2.5,MORTGAGE,14.4,6,0,0.31,25828.0,24,8.1,major_purchase,0.383,0.417,0
35,57127.0,1.4,RENT,16.6,7,1,0.297,3337.0,12,10.51,other,0.058,0.062,0
36,77180.0,5.6,RENT,16.7,4,0,0.123,35377.0,36,7.72,credit_card,0.153,0.172,0
55,38959.0,18.5,RENT,35.7,3,1,0.105,17073.0,36,12.43,major_purchase,0.146,0.176,0
47,58997.0,2.7,RENT,23.7,6,1,0.14,12908.0,60,14.9,home_improvement,0.044,0.062,0
27,44022.0,12.9,RENT,8.2,1,0,0.141,6718.0,12,10.71,credit_card,0.153,0.162,0
43,77078.0,1.0,OWN,24.7,6,0,0.544,18772.0,60,12.04,small_business,0.049,0.065,0
46,60941.0,16.5,OWN,25.2,10,0,0.762,8311.0,48,5.09,debt_consolidation,0.034,0.038,0
54,55729.0,2.6,RENT,32.5,2,2,0.311,12103.0,48,6.95,home_improvement,0.054,0.062,0
59,118087.0,2.9,MORTGAGE,40.0,7,0,0.311,11695.0,24,11.56,major_purchase,0.05,0.056,0
28,75445.0,3.7,MORTGAGE,7.2,9,0,0.494,20275.0,60,9.34,debt_consolidation,0.054,0.067,1
30,38362.0,7.6,RENT,7.5,8,3,0.184,10589.0,12,8.51,home_improvement,0.276,0.289,0
25,51900.0,7.6,RENT,5.7,4,0,0.256,36212.0,36,9.19,home_improvement,0.233,0.267,0
37,52159.0,3.9,RENT,16.8,6,1,0.103,29398.0,36,7.18,debt_consolidation,0.188,0.209,0
46,56396.0,4.4,MORTGAGE,27.5,5,0,0.416,14838.0,36,9.65,home_improvement,0.088,0.101,0
52,191426.0,0.2,MORTGAGE,33.9,4,0,0.538,9883.0,48,13.48,major_purchase,0.013,0.017,0
39,65214.0,2.2,OWN,9.1,6,0,0.497,12320.0,48,11.2,credit_card,0.047,0.059,0
36,19576.0,2.5,RENT,16.9,6,1,0.301,14071.0,24,12.82,debt_consolidation,0.359,0.409,1
42,41299.0,4.9,MORTGAGE,23.0,5,0,0.089,9731.0,48,10.11,major_purchase,0.059,0.072,0
30,20616.0,4.9,MORTGAGE,1.1,10,1,0.56,23309.0,48,5.92,credit_card,0.283,0.318,1
65,45940.0,7.4,MORTGAGE,43.1,4,0,0.406,11173.0,60,6.02,debt_consolidation,0.049,0.056,0
21,20057.0,7.6,MORTGAGE,0.4,9,0,0.144,4723.0,24,4.0,home_improvement,0.118,0.123,0
42,35039.0,1.6,MORTGAGE,20.4,5,0,0.133,8336.0,60,13.19,major_purchase,0.048,0.065,0
64,25327.0,8.8,RENT,42.3,5,0,0.215,5710.0,12,8.36,debt_consolidation,0.225,0.236,0
40,65649.0,0.1,MORTGAGE,17.7,7,0,0.45,6408.0,60,11.32,home_improvement,0.02,0.026,0
38,54191.0,7.6,RENT,19.8,6,0,0.163,9196.0,60,7.92,medical,0.034,0.041,0
36,63037.0,0.6,MORTGAGE,16.4,5,1,0.349,5572.0,24,9.68,other,0.044,0.049,0
38,51417.0,7.8,MORTGAGE,19.0,3,0,0.389,41844.0,12,9.06,home_improvement,0.814,0.854,0
56,26980.0,4.5,RENT,37.8,9,0,0.098,8664.0,12,9.05,debt_consolidation,0.321,0.337,0
18,70036.0,3.4,RENT,0.0,6,1,0.05,3964.0,48,7.38,small_business,0.014,0.016,0
58,141650.0,7.0,MORTGAGE,37.1,1,0,0.13,25421.0,36,5.53,debt_consolidation,0.06,0.065,0
23,66477.0,0.2,RENT,4.4,5,0,0.196,15887.0,48,9.61,debt_consolidation,0.06,0.072,1
37,43785.0,1.5,RENT,17.9,3,1,0.111,6984.0,48,8.72,credit_card,0.04,0.047,1
35,26528.0,5.7,RENT,13.9,5,0,0.053,4240.0,48,8.0,debt_consolidation,0.04,0.047,0
47,34405.0,11.3,MORTGAGE,26.4,3,0,0.39,25094.0,12,6.53,small_business,0.729,0.755,1
21,67949.0,2.9,RENT,0.0,3,0,0.33,16656.0,12,7.81,home_improvement,0.245,0.256,0
46,92648.0,1.8,OWN,23.3,3,0,0.431,5932.0,24,11.88,credit_card,0.032,0.036,0
64,61724.0,4.4,RENT,35.9,3,1,0.524,7561.0,48,7.74,debt_consolidation,0.031,0.036,0
24,80817.0,5.8,RENT,3.3,4,0,0.231,34226.0,36,12.8,medical,0.141,0.171,0
42,77176.0,3.3,RENT,20.4,1,0,0.164,15108.0,36,4.0,other,0.065,0.069,0
32,69791.0,12.6,MORTGAGE,8.1,0,0,0.149,9598.0,24,6.82,credit_card,0.069,0.074,0
45,38978.0,4.4,MORTGAGE,21.5,2,2,0.306,6535.0,48,10.96,small_business,0.042,0.052,0
40,59099.0,0.2,MORTGAGE,18.2,4,1,0.378,15493.0,36,8.96,credit_card,0.087,0.1,0
32,35448.0,1.5,MORTGAGE,11.9,6,0,0.415,15634.0,36,6.5,credit_card,0.147,0.162,0
46,54651.0,3.6,RENT,27.0,4,0,0.119,9038.0,48,10.45,credit_card,0.041,0.051,0
62,63923.0,7.2,MORTGAGE,37.7,6,0,0.022,6802.0,36,9.87,major_purchase,0.035,0.041,0
38,125416.0,1.5,OWN,15.5,2,0,0.528,6919.0,24,9.14,home_improvement,0.028,0.03,0
49,28145.0,22.4,OWN,25.5,3,2,0.273,10187.0,36,6.32,medical,0.121,0.133,0
24,68924.0,2.3,RENT,5.5,5,1,0.606,7523.0,36,8.38,major_purchase,0.036,0.041,0
29,113620.0,4.6,MORTGAGE,9.9,4,0,0.026,29055.0,12,5.8,debt_consolidation,0.256,0.264,0
46,79176.0,0.1,RENT,26.3,4,0,0.287,7128.0,24,7.67,credit_card,0.045,0.049,0
58,82164.0,13.0,RENT,34.5,7,1,0.409,5474.0,48,9.48,medical,0.017,0.02,0
44,72682.0,9.3,MORTGAGE,19.3,4,0,0.491,4799.0,36,13.1,debt_consolidation,0.022,0.027,0
36,103691.0,1.3,OWN,17.0,6,0,0.274,26297.0,24,9.12,small_business,0.127,0.139,0
40,31453.0,16.2,MORTGAGE,18.5,2,0,0.417,4928.0,12,9.86,medical,0.157,0.165,0
25,27093.0,2.3,MORTGAGE,6.8,9,0,0.162,10420.0,36,6.14,small_business,0.128,0.141,1
47,54005.0,7.1,MORTGAGE,27.4,3,0,0.131,9476.0,36,9.41,debt_consolidation,0.058,0.067,0
51,18387.0,10.3,RENT,31.0,6,0,0.453,19681.0,36,11.77,credit_card,0.357,0.425,1
35,100240.0,8.1,RENT,12.6,6,0,0.299,11280.0,24,6.97,other,0.056,0.06,0
34,99744.0,15.0,RENT,9.3,4,1,0.097,17412.0,60,8.31,debt_consolidation,0.035,0.043,0
43,43622.0,12.0,MORTGAGE,23.8,6,0,0.683,7049.0,48,12.22,other,0.04,0.051,0
35,45009.0,31.3,MORTGAGE,14.7,6,0,0.034,9034.0,36,6.11,home_improvement,0.067,0.073,0
39,52252.0,1.2,RENT,17.9,7,0,0.503,1752.0,36,10.0,major_purchase,0.011,0.013,0
65,55604.0,2.2,MORTGAGE,45.8,8,0,0.486,10677.0,36,8.79,debt_consolidation,0.064,0.073,0
37,57733.0,6.1,MORTGAGE,6.3,2,0,0.527,19869.0,24,7.4,debt_consolidation,0.172,0.186,0
36,71619.0,7.9,RENT,11.7,5,1,0.192,5479.0,48,9.32,debt_consolidation,0.019,0.023,0
32,49696.0,4.6,RENT,12.9,4,1,0.153,14330.0,60,9.91,home_improvement,0.058,0.073,0
49,86820.0,0.5,MORTGAGE,28.9,5,0,0.286,10623.0,36,8.69,debt_consolidation,0.041,0.046,0
38,67709.0,11.1,RENT,19.2,7,0,0.256,12432.0,60,12.02,credit_card,0.037,0.049,0
32,39995.0,19.4,MORTGAGE,11.8,3,0,0.144,19252.0,36,7.12,home_improvement,0.16,0.179,0
56,105615.0,3.1,MORTGAGE,34.6,8,0,0.288,8971.0,36,6.67,debt_consolidation,0.028,0.031,0
57,27471.0,1.5,RENT,38.7,7,0,0.101,15594.0,36,10.17,debt_consolidation,0.189,0.22,0
33,51736.0,0.1,OWN,8.9,3,0,0.06,7046.0,36,9.68,other,0.045,0.052,0
18,87856.0,1.6,MORTGAGE,0.0,2,0,0.26,23454.0,36,8.46,home_improvement,0.089,0.101,0
52,37740.0,7.2,OWN,20.3,9,1,0.09,4677.0,60,9.2,debt_consolidation,0.025,0.031,0
32,63245.0,14.6,MORTGAGE,13.9,6,0,0.197,12747.0,60,11.99,debt_consolidation,0.04,0.054,0
49,71088.0,0.6,MORTGAGE,25.7,2,2,0.245,13684.0,36,9.43,major_purchase,0.064,0.074,0
18,35233.0,4.8,MORTGAGE,0.0,6,0,0.245,14851.0,24,10.61,major_purchase,0.211,0.235,0
51,52248.0,7.1,MORTGAGE,32.6,7,1,0.147,36542.0,36,6.08,small_business,0.233,0.256,0
25,50099.0,1.9,RENT,5.8,5,0,0.103,11529.0,48,14.73,debt_consolidation,0.058,0.076,0
49,41115.0,5.1,MORTGAGE,24.5,8,1,0.377,8272.0,24,5.49,credit_card,0.101,0.106,0
40,171243.0,7.5,OWN,19.8,4,1,0.437,3321.0,36,10.34,debt_consolidation,0.006,0.008,0
29,36992.0,10.9,MORTGAGE,9.5,7,1,0.288,7871.0,48,7.45,credit_card,0.053,0.062,0
35,89542.0,3.6,RENT,9.9,2,1,0.098,5146.0,36,10.52,debt_consolidation,0.019,0.022,0
48,44516.0,8.3,MORTGAGE,29.7,5,0,0.103,9932.0,36,6.83,home_improvement,0.074,0.082,0
41,31467.0,2.2,MORTGAGE,21.1,2,1,0.199,15388.0,36,6.88,debt_consolidation,0.163,0.181,0
47,57034.0,1.4,OWN,25.8,4,2,0.129,16335.0,48,7.52,major_purchase,0.072,0.083,0
64,74948.0,1.2,RENT,43.2,11,0,0.302,15303.0,24,10.58,debt_consolidation,0.102,0.114,0
21,85841.0,2.7,MORTGAGE,2.1,4,0,0.179,22583.0,12,9.84,home_improvement,0.263,0.277,0
59,118318.0,0.2,MORTGAGE,38.5,6,0,0.239,9516.0,60,10.37,credit_card,0.016,0.021,0
41,236245.0,2.0,OWN,19.3,7,0,0.222,16703.0,24,6.98,home_improvement,0.035,0.038,0
29,61406.0,6.3,RENT,8.4,5,0,0.161,29664.0,48,10.12,debt_consolidation,0.121,0.147,0
24,38889.0,6.3,RENT,2.5,4,1,0.038,12185.0,36,11.13,medical,0.104,0.123,0
38,67944.0,0.5,OWN,19.1,7,3,0.206,2870.0,48,4.92,debt_consolidation,0.011,0.012,0
51,47424.0,2.0,MORTGAGE,27.6,6,2,0.369,5515.0,48,8.6,debt_consolidation,0.029,0.034,0
38,86076.0,5.1,RENT,18.2,8,0,0.051,14251.0,36,10.59,debt_consolidation,0.055,0.065,0
58,28323.0,2.3,MORTGAGE,26.9,5,0,0.217,2966.0,12,11.3,other,0.105,0.111,0
23,177046.0,3.2,RENT,4.9,4,0,0.247,15188.0,24,15.46,home_improvement,0.043,0.05,0
40,83119.0,7.5,RENT,20.6,4,1,0.186,8169.0,36,9.58,credit_card,0.033,0.038,0
25,23342.0,0.1,MORTGAGE,6.4,6,1,0.223,24129.0,12,7.72,home_improvement,1.034,1.077,0
44,38005.0,1.9,MORTGAGE,23.6,6,0,0.428,4123.0,60,8.63,debt_consolidation,0.022,0.027,0
51,81474.0,0.9,RENT,32.2,11,1,0.079,12561.0,24,7.18,credit_card,0.077,0.083,0
35,97555.0,0.8,RENT,13.0,5,0,0.382,5532.0,60,10.45,small_business,0.011,0.015,0
18,28678.0,19.2,OWN,0.0,3,0,0.27,6142.0,24,8.84,debt_consolidation,0.107,0.117,0
42,77382.0,2.8,MORTGAGE,23.3,6,0,0.349,5796.0,48,8.38,small_business,0.019,0.022,0
45,20462.0,4.5,OWN,26.5,9,0,0.408,7870.0,36,10.2,debt_consolidation,0.128,0.149,0
45,51810.0,7.9,RENT,20.8,2,0,0.345,17293.0,24,8.38,major_purchase,0.167,0.182,0
55,94469.0,0.3,RENT,35.7,4,1,0.264,26443.0,48,8.3,debt_consolidation,0.07,0.082,0
27,41120.0,1.7,RENT,7.3,2,0,0.399,13970.0,36,10.23,credit_card,0.113,0.132,0
48,25503.0,10.7,MORTGAGE,29.3,3,0,0.218,13326.0,48,9.96,major_purchase,0.131,0.159,0
54,58285.0,11.9,RENT,34.3,5,0,0.216,11599.0,36,9.39,credit_card,0.066,0.076,0
19,40040.0,2.8,MORTGAGE,0.2,2,0,0.375,9764.0,12,11.28,debt_consolidation,0.244,0.259,0
44,74219.0,2.8,RENT,22.7,6,0,0.103,9734.0,60,7.28,credit_card,0.026,0.031,0
34,34799.0,8.5,MORTGAGE,13.9,5,0,0.226,24419.0,36,10.73,credit_card,0.234,0.275,0
39,36816.0,2.1,RENT,16.3,5,0,0.164,11418.0,48,14.06,debt_consolidation,0.078,0.102,0
44,19722.0,0.7,RENT,24.9,2,0,0.239,9892.0,24,8.93,debt_consolidation,0.251,0.275,0
34,58981.0,1.8,RENT,13.9,5,0,0.427,21641.0,36,8.51,credit_card,0.122,0.139,0
32,49988.0,2.9,RENT,13.1,5,1,0.281,11922.0,48,10.85,credit_card,0.06,0.074,0
40,29906.0,0.3,MORTGAGE,13.8,7,1,0.307,2603.0,36,8.52,credit_card,0.029,0.033,0
27,59689.0,3.9,RENT,6.8,5,1,0.017,14686.0,36,6.76,credit_card,0.082,0.091,0
27,90539.0,8.1,RENT,8.4,4,0,0.313,10740.0,48,4.0,debt_consolidation,0.03,0.032,0
48,48641.0,4.3,OWN,29.0,3,0,0.224,11522.0,60,6.36,debt_consolidation,0.047,0.055,0
26,61950.0,0.4,RENT,7.7,5,0,0.3,25422.0,36,7.96,medical,0.137,0.154,0
48,62110.0,3.5,RENT,29.9,5,0,0.392,17654.0,36,7.12,credit_card,0.095,0.106,0
46,29668.0,7.4,MORTGAGE,25.8,7,1,0.152,6097.0,36,11.33,credit_card,0.069,0.081,0
19,151493.0,0.4,MORTGAGE,0.0,4,0,0.682,16124.0,24,9.17,debt_consolidation,0.053,0.058,0
32,42812.0,0.4,MORTGAGE,4.0,5,1,0.398,32161.0,60,7.36,debt_consolidation,0.15,0.18,0
54,75211.0,2.8,RENT,35.4,4,0,0.191,47068.0,12,8.01,debt_consolidation,0.626,0.653,0
28,79587.0,1.3,MORTGAGE,5.3,7,1,0.388,4472.0,48,9.79,major_purchase,0.014,0.017,0
34,50524.0,16.4,RENT,14.9,4,0,0.137,6165.0,36,6.21,other,0.041,0.045,0
46,73379.0,5.2,RENT,27.2,7,1,0.124,6303.0,48,8.59,home_improvement,0.021,0.025,0
49,61262.0,2.0,RENT,20.5,5,0,0.367,38055.0,60,5.84,home_improvement,0.124,0.144,0
37,26667.0,7.3,OWN,14.1,4,0,0.09,18646.0,48,14.07,credit_card,0.175,0.23,0
33,45884.0,2.8,OWN,12.0,7,1,0.313,9343.0,36,9.98,debt_consolidation,0.068,0.079,0
57,39884.0,0.9,MORTGAGE,35.4,3,0,0.334,10680.0,36,8.67,debt_consolidation,0.089,0.102,0
61,43007.0,1.6,OWN,28.7,0,0,0.405,9307.0,36,8.97,other,0.072,0.083,0
52,28226.0,6.2,RENT,31.3,8,1,0.208,7089.0,36,10.05,credit_card,0.084,0.097,0
41,95151.0,0.3,MORTGAGE,22.7,5,0,0.662,8125.0,48,12.05,debt_consolidation,0.021,0.027,0
30,120692.0,1.9,MORTGAGE,11.8,4,1,0.147,16730.0,48,6.73,debt_consolidation,0.035,0.04,0
30,88345.0,1.4,MORTGAGE,8.7,4,0,0.407,8332.0,36,11.84,credit_card,0.031,0.038,0
46,102259.0,1.3,OWN,24.8,5,0,0.093,15129.0,36,10.34,medical,0.049,0.058,0
45,45601.0,6.9,RENT,22.9,4,0,0.186,15116.0,60,7.77,small_business,0.066,0.08,0
57,39414.0,10.5,RENT,38.7,6,0,0.041,5997.0,60,9.67,debt_consolidation,0.03,0.038,0
48,36706.0,7.5,MORTGAGE,21.3,10,0,0.051,6236.0,24,7.96,home_improvement,0.085,0.092,0
22,74760.0,6.2,MORTGAGE,1.6,6,1,0.302,11550.0,36,8.6,credit_card,0.051,0.059,0
53,60690.0,14.9,OWN,31.9,5,0,0.387,11703.0,60,8.94,debt_consolidation,0.039,0.048,0
28,52124.0,0.4,OWN,9.9,2,0,0.202,5801.0,12,12.7,other,0.111,0.119,0
35,103526.0,1.1,MORTGAGE,7.3,5,1,0.139,29792.0,60,8.89,home_improvement,0.058,0.071,0
43,66335.0,3.2,OWN,22.5,8,1,0.135,13027.0,60,9.54,credit_card,0.039,0.05,0
64,35620.0,2.8,OWN,43.5,6,0,0.064,7603.0,12,11.35,debt_consolidation,0.213,0.227,0
75,38544.0,3.2,RENT,48.4,4,0,0.356,4211.0,24,8.56,other,0.055,0.06,0
47,76191.0,1.4,MORTGAGE,21.0,6,0,0.361,25037.0,12,13.93,debt_consolidation,0.329,0.354,0
38,91205.0,1.0,RENT,19.3,7,1,0.53,16169.0,60,9.34,major_purchase,0.035,0.045,0
46,71385.0,4.3,RENT,20.0,6,1,0.547,12045.0,24,9.94,other,0.084,0.093,0
51,139867.0,15.8,RENT,29.0,5,0,0.466,19311.0,24,7.87,debt_consolidation,0.069,0.075,0
36,122701.0,3.0,RENT,17.9,9,0,0.426,11633.0,60,8.15,debt_consolidation,0.019,0.023,0
62,67543.0,0.3,MORTGAGE,43.2,4,0,0.232,5067.0,36,10.82,medical,0.025,0.029,0
43,35622.0,7.3,MORTGAGE,23.4,6,0,0.445,6690.0,36,11.22,major_purchase,0.063,0.074,0
46,28142.0,2.1,RENT,25.4,5,0,0.068,2293.0,36,4.49,credit_card,0.027,0.029,0
48,44637.0,1.7,MORTGAGE,26.4,5,0,0.201,21834.0,60,8.51,medical,0.098,0.12,0
45,78953.0,2.4,MORTGAGE,26.3,3,0,0.55,12264.0,60,7.32,home_improvement,0.031,0.037,0
50,135040.0,7.7,MORTGAGE,26.6,6,0,0.013,6154.0,60,8.3,debt_consolidation,0.009,0.011,0
33,66751.0,10.2,RENT,9.4,10,0,0.235,15205.0,24,8.48,credit_card,0.114,0.124,0
33,97184.0,5.3,MORTGAGE,12.0,6,1,0.173,8061.0,36,6.36,credit_card,0.028,0.03,0
27,47923.0,2.3,RENT,1.4,5,1,0.542,10335.0,36,9.51,debt_consolidation,0.072,0.083,0
45,73968.0,2.2,RENT,22.0,5,2,0.431,4981.0,48,8.01,small_business,0.017,0.02,0
49,81771.0,0.8,MORTGAGE,30.2,9,1,0.515,10877.0,48,9.42,credit_card,0.033,0.04,1
45,20135.0,16.2,RENT,22.2,7,0,0.795,13179.0,36,7.77,credit_card,0.218,0.245,0
60,44059.0,6.1,MORTGAGE,32.8,5,2,0.284,18732.0,60,13.16,small_business,0.085,0.116,0
40,87103.0,0.2,RENT,21.6,7,0,0.3,8321.0,24,8.67,credit_card,0.048,0.052,0
48,62146.0,6.5,MORTGAGE,18.5,6,0,0.287,5819.0,36,9.81,debt_consolidation,0.031,0.036,0
27,29784.0,3.6,OWN,8.9,5,1,0.199,8251.0,60,9.6,small_business,0.055,0.07,0
35,16074.0,21.6,MORTGAGE,14.8,6,0,0.312,6777.0,36,9.04,major_purchase,0.141,0.161,0
48,45121.0,10.3,RENT,25.5,5,0,0.422,2922.0,60,9.85,other,0.013,0.016,0
50,52272.0,1.1,RENT,27.3,6,1,0.326,9465.0,36,9.81,major_purchase,0.06,0.07,1
36,34823.0,7.6,MORTGAGE,14.0,3,3,0.151,8480.0,36,6.3,credit_card,0.081,0.089,0
39,58194.0,4.0,RENT,18.7,8,2,0.082,26712.0,36,9.06,medical,0.153,0.175,0
22,69786.0,1.2,RENT,0.8,3,0,0.336,12310.0,60,12.23,debt_consolidation,0.035,0.047,0
36,75761.0,7.2,MORTGAGE,14.4,3,1,0.126,6066.0,48,12.73,small_business,0.02,0.026,0
51,16681.0,4.8,RENT,31.0,4,1,0.41,4108.0,36,7.64,debt_consolidation,0.082,0.092,0
47,28081.0,0.2,MORTGAGE,26.3,6,0,0.223,9805.0,36,11.73,debt_consolidation,0.116,0.139,0
46,46522.0,6.2,RENT,22.4,4,4,0.284,4337.0,60,10.32,home_improvement,0.019,0.024,0
41,72120.0,6.0,MORTGAGE,21.9,5,0,0.236,16792.0,48,7.75,home_improvement,0.058,0.068,0
40,69190.0,0.9,OWN,19.8,6,1,0.482,5089.0,48,9.53,credit_card,0.018,0.022,0
32,68592.0,2.6,RENT,14.0,3,0,0.393,16594.0,24,6.65,major_purchase,0.121,0.13,0
48,44725.0,5.3,OWN,26.5,5,0,0.334,34959.0,60,8.72,other,0.156,0.193,0
45,45990.0,0.9,MORTGAGE,26.3,6,0,0.228,30316.0,48,11.31,home_improvement,0.165,0.206,0
46,37640.0,11.5,MORTGAGE,26.0,6,0,0.406,14396.0,48,7.58,small_business,0.096,0.111,0
34,79547.0,0.2,MORTGAGE,15.3,8,0,0.426,10387.0,12,4.25,debt_consolidation,0.131,0.134,0
18,34192.0,0.7,RENT,0.0,8,0,0.082,7215.0,36,6.54,credit_card,0.07,0.078,0
53,82869.0,0.7,RENT,33.0,4,1,0.243,14145.0,36,8.27,medical,0.057,0.064,0
34,60110.0,4.5,RENT,14.3,5,2,0.591,33150.0,24,11.51,small_business,0.276,0.31,0
30,52970.0,5.8,RENT,10.3,4,0,0.368,2951.0,60,8.56,debt_consolidation,0.011,0.014,0
48,39013.0,3.1,RENT,29.3,6,0,0.224,5429.0,60,8.59,medical,0.028,0.034,0
35,27508.0,2.0,OWN,8.2,4,1,0.036,8861.0,36,9.22,home_improvement,0.107,0.123,0
53,39190.0,9.9,MORTGAGE,35.0,6,0,0.367,9951.0,48,11.46,credit_card,0.063,0.079,0
47,45936.0,0.4,RENT,22.3,4,1,0.428,40174.0,36,11.37,home_improvement,0.292,0.345,0
48,16572.0,2.0,RENT,26.0,5,1,0.134,11811.0,48,6.26,major_purchase,0.178,0.202,0
24,49086.0,0.2,RENT,5.4,4,0,0.163,12908.0,36,11.32,debt_consolidation,0.088,0.104,1
55,86007.0,0.1,RENT,35.1,5,1,0.183,8586.0,60,5.43,debt_consolidation,0.02,0.023,0
43,71942.0,2.6,MORTGAGE,11.5,3,0,0.327,7274.0,24,7.67,debt_consolidation,0.051,0.055,0
36,42273.0,1.3,MORTGAGE,14.9,6,0,0.496,40317.0,48,6.75,debt_consolidation,0.238,0.273,0
42,55463.0,1.9,MORTGAGE,23.6,8,0,0.29,3941.0,24,9.25,small_business,0.036,0.039,0
19,41024.0,10.3,MORTGAGE,0.0,3,1,0.18,4333.0,36,6.11,major_purchase,0.035,0.039,0
45,58360.0,1.1,OWN,25.1,4,2,0.353,41130.0,36,8.85,other,0.235,0.268,0
28,117015.0,9.1,MORTGAGE,5.1,8,2,0.154,9272.0,12,11.34,other,0.079,0.084,0
24,87926.0,6.7,RENT,0.0,3,0,0.232,19357.0,48,8.79,other,0.055,0.065,0
22,70291.0,2.4,MORTGAGE,3.7,5,0,0.312,7361.0,60,10.43,medical,0.021,0.027,0
53,42343.0,4.7,MORTGAGE,33.9,2,0,0.135,22509.0,36,7.89,debt_consolidation,0.177,0.2,0
32,78824.0,3.5,RENT,12.9,4,2,0.558,6240.0,12,6.82,debt_consolidation,0.079,0.082,0
58,23308.0,0.8,MORTGAGE,23.4,3,0,0.453,5019.0,36,9.2,debt_consolidation,0.072,0.082,0
34,47754.0,14.3,MORTGAGE,13.5,6,2,0.189,5905.0,12,10.03,credit_card,0.124,0.13,0
20,72537.0,5.1,MORTGAGE,0.0,2,0,0.297,27521.0,36,11.64,other,0.126,0.15,0
27,78450.0,12.7,MORTGAGE,7.3,3,0,0.109,13136.0,48,8.81,major_purchase,0.042,0.05,0
55,75731.0,10.4,OWN,33.2,1,0,0.137,4919.0,36,11.44,other,0.022,0.026,0
38,62781.0,0.5,MORTGAGE,19.0,12,0,0.689,12861.0,24,6.16,credit_card,0.102,0.109,0
33,49126.0,1.4,MORTGAGE,7.7,6,1,0.223,5566.0,12,7.88,major_purchase,0.113,0.118,0
42,70897.0,0.9,RENT,22.2,6,1,0.503,13800.0,60,9.82,small_business,0.039,0.049,0
46,33643.0,10.7,RENT,23.1,5,1,0.443,11265.0,36,7.82,debt_consolidation,0.112,0.126,0
53,35513.0,11.9,MORTGAGE,34.1,3,0,0.392,11982.0,12,10.07,debt_consolidation,0.337,0.356,0
57,55875.0,4.5,RENT,35.5,6,1,0.306,9970.0,36,7.03,debt_consolidation,0.059,0.066,0
36,59077.0,0.7,RENT,16.4,3,0,0.754,8398.0,36,8.2,debt_consolidation,0.047,0.054,0
24,21746.0,0.9,OWN,5.9,3,0,0.207,15486.0,36,9.17,credit_card,0.237,0.272,0
35,68021.0,10.1,MORTGAGE,15.4,8,1,0.24,6295.0,60,10.94,credit_card,0.019,0.024,0
43,79727.0,15.9,MORTGAGE,22.6,5,0,0.341,3315.0,36,10.26,medical,0.014,0.016,0
28,52123.0,1.3,MORTGAGE,9.5,6,0,0.103,22739.0,24,9.41,debt_consolidation,0.218,0.24,0
29,177590.0,0.1,RENT,10.4,7,0,0.275,29473.0,36,7.83,debt_consolidation,0.055,0.062,0
44,38505.0,2.4,MORTGAGE,24.1,4,1,0.608,18010.0,36,8.89,debt_consolidation,0.156,0.178,0
39,45227.0,0.2,MORTGAGE,19.7,7,0,0.414,20526.0,12,8.6,home_improvement,0.454,0.475,0
40,44465.0,10.6,RENT,20.3,4,0,0.522,16291.0,60,6.32,major_purchase,0.073,0.086,0
31,52151.0,4.1,MORTGAGE,11.1,4,0,0.044,11476.0,36,13.02,home_improvement,0.073,0.089,0
37,45965.0,6.2,MORTGAGE,18.5,4,0,0.058,6238.0,24,11.86,debt_consolidation,0.068,0.077,0
29,26812.0,3.2,RENT,10.4,3,0,0.471,5107.0,36,6.91,major_purchase,0.063,0.07,0
51,41222.0,2.5,OWN,27.3,5,0,0.195,25629.0,36,9.31,home_improvement,0.207,0.238,0
52,51595.0,1.5,MORTGAGE,33.5,5,0,0.259,4903.0,36,8.38,debt_consolidation,0.032,0.036,0
18,100136.0,8.8,RENT,0.0,9,0,0.019,5120.0,36,9.2,debt_consolidation,0.017,0.02,0
29,162937.0,7.1,MORTGAGE,9.4,6,0,0.255,5752.0,48,10.06,debt_consolidation,0.009,0.011,0
22,105634.0,2.7,RENT,0.0,4,0,0.144,8030.0,48,8.74,debt_consolidation,0.019,0.023,0
32,36765.0,2.3,RENT,13.8,7,0,0.366,5756.0,36,12.84,debt_consolidation,0.052,0.063,0
39,38258.0,0.0,RENT,15.7,5,0,0.242,5975.0,36,10.13,debt_consolidation,0.052,0.061,0
23,50028.0,0.4,MORTGAGE,3.0,6,0,0.203,21756.0,24,9.26,credit_card,0.217,0.239,0
29,132228.0,5.9,MORTGAGE,11.0,2,0,0.326,7770.0,36,7.9,debt_consolidation,0.02,0.022,0
28,49876.0,4.3,MORTGAGE,9.1,4,0,0.416,28723.0,36,8.78,other,0.192,0.219,1
42,27896.0,3.4,RENT,22.4,7,0,0.436,15872.0,24,13.29,major_purchase,0.284,0.326,0
41,42168.0,10.5,MORTGAGE,21.9,6,1,0.1,13447.0,24,9.8,debt_consolidation,0.159,0.176,0
31,79105.0,4.2,MORTGAGE,11.6,2,0,0.308,10295.0,24,9.64,debt_consolidation,0.065,0.072,0
42,76494.0,2.9,RENT,16.5,2,0,0.144,9028.0,60,8.48,other,0.024,0.029,0
33,49015.0,1.1,MORTGAGE,13.7,5,0,0.412,21638.0,48,9.6,debt_consolidation,0.11,0.133,0
37,76245.0,10.3,MORTGAGE,17.4,3,0,0.351,3462.0,24,10.51,home_improvement,0.023,0.025,0
60,17386.0,5.2,RENT,37.7,9,0,0.548,36132.0,48,9.97,home_improvement,0.52,0.632,0
56,57063.0,0.6,MORTGAGE,33.3,1,0,0.572,11330.0,36,6.72,major_purchase,0.066,0.073,0
24,83312.0,6.3,RENT,5.7,3,1,0.053,32275.0,36,11.25,home_improvement,0.129,0.153,0
50,35724.0,3.3,MORTGAGE,28.3,8,0,0.227,17862.0,12,7.95,small_business,0.5,0.522,0
50,35662.0,10.0,OWN,30.0,0,0,0.226,5176.0,48,9.15,small_business,0.036,0.043,1
26,21307.0,15.1,OWN,7.6,6,0,0.258,7241.0,24,9.88,debt_consolidation,0.17,0.188,0
50,119964.0,5.5,MORTGAGE,31.1,3,0,0.26,16780.0,36,9.73,major_purchase,0.047,0.054,0
58,37795.0,7.9,MORTGAGE,39.9,9,1,0.165,13477.0,24,5.3,home_improvement,0.178,0.188,1
27,61116.0,0.3,OWN,7.7,5,0,0.268,10825.0,48,11.4,small_business,0.044,0.055,0
29,73274.0,4.9,MORTGAGE,10.1,9,0,0.571,4787.0,36,8.59,credit_card,0.022,0.025,0
52,115385.0,8.4,OWN,32.6,3,2,0.525,18626.0,60,9.53,credit_card,0.032,0.041,0
43,50164.0,4.1,OWN,22.4,4,0,0.394,4640.0,24,7.07,debt_consolidation,0.046,0.05,0
47,41369.0,5.4,RENT,25.0,2,0,0.023,15716.0,12,8.97,major_purchase,0.38,0.399,0
44,59073.0,13.8,MORTGAGE,23.2,3,0,0.406,14833.0,36,7.88,medical,0.084,0.094,0
45,102954.0,1.3,MORTGAGE,23.6,3,1,0.111,1449.0,36,8.94,debt_consolidation,0.005,0.005,0
24,49757.0,0.6,RENT,0.0,2,0,0.246,20729.0,36,6.16,credit_card,0.139,0.152,0
53,33610.0,7.0,MORTGAGE,28.8,6,2,0.336,14935.0,48,11.36,other,0.111,0.139,0
54,25075.0,10.4,RENT,30.1,2,1,0.153,14502.0,36,12.98,major_purchase,0.193,0.234,0
37,29418.0,11.4,RENT,18.5,2,1,0.163,13236.0,24,11.16,home_improvement,0.225,0.252,1
39,83466.0,6.2,MORTGAGE,20.1,6,2,0.803,4356.0,36,9.8,medical,0.017,0.02,0
22,46152.0,10.7,MORTGAGE,1.9,2,1,0.253,7895.0,24,8.04,credit_card,0.086,0.093,1
46,39984.0,7.2,MORTGAGE,26.7,8,0,0.197,18292.0,48,5.52,credit_card,0.114,0.128,0
47,37874.0,0.5,RENT,28.6,5,0,0.682,13414.0,12,12.2,other,0.354,0.378,0
39,56530.0,8.6,MORTGAGE,20.0,2,0,0.146,19066.0,24,9.75,home_improvement,0.169,0.186,0
53,48063.0,1.2,MORTGAGE,23.9,5,0,0.249,3348.0,36,7.46,medical,0.023,0.026,0
36,47261.0,1.6,RENT,16.7,6,1,0.476,5105.0,24,8.91,major_purchase,0.054,0.059,0
47,106368.0,3.0,RENT,27.4,5,0,0.472,67836.0,36,7.01,home_improvement,0.213,0.236,0
28,116892.0,2.3,MORTGAGE,10.0,7,0,0.213,9295.0,48,6.89,credit_card,0.02,0.023,0
40,24221.0,2.3,MORTGAGE,18.2,4,1,0.036,14141.0,48,9.34,home_improvement,0.146,0.175,0
38,63818.0,1.1,MORTGAGE,18.4,6,0,0.048,15927.0,24,7.48,small_business,0.125,0.135,0
43,36738.0,2.1,MORTGAGE,24.7,5,0,0.162,12054.0,60,8.87,credit_card,0.066,0.081,0
36,47852.0,0.1,MORTGAGE,7.6,5,1,0.367,11905.0,24,7.86,major_purchase,0.124,0.135,0
38,63237.0,3.8,RENT,15.5,6,1,0.568,12211.0,24,7.63,small_business,0.097,0.104,0
50,48710.0,8.8,MORTGAGE,28.1,6,0,0.08,13399.0,36,7.23,home_improvement,0.092,0.102,0
35,60793.0,11.9,MORTGAGE,7.5,6,1,0.371,5831.0,12,10.73,debt_consolidation,0.096,0.102,1
21,75848.0,10.3,RENT,1.4,3,2,0.181,15701.0,24,8.93,small_business,0.104,0.113,0
61,62774.0,3.2,RENT,39.2,5,0,0.193,16969.0,36,7.05,debt_consolidation,0.09,0.1,0
57,39206.0,7.9,MORTGAGE,38.3,5,0,0.284,10588.0,12,8.44,debt_consolidation,0.27,0.283,0
24,39553.0,2.0,MORTGAGE,2.4,5,1,0.213,5650.0,36,10.26,home_improvement,0.048,0.056,0
48,26374.0,0.3,MORTGAGE,30.0,3,0,0.607,4387.0,48,8.35,home_improvement,0.042,0.049,0
34,35350.0,6.8,RENT,15.6,7,1,0.455,12382.0,24,10.86,credit_card,0.175,0.196,0
43,144500.0,6.3,RENT,23.3,2,0,0.317,5589.0,48,8.94,home_improvement,0.01,0.012,0
44,36461.0,9.7,RENT,26.0,3,0,0.253,16062.0,60,9.7,credit_card,0.088,0.112,0
37,29831.0,5.7,RENT,17.1,5,0,0.156,6287.0,36,8.27,major_purchase,0.07,0.08,0
31,63574.0,1.0,MORTGAGE,10.8,5,0,0.184,4927.0,60,11.67,credit_card,0.016,0.021,0
32,51268.0,11.5,MORTGAGE,11.1,7,0,0.16,13668.0,48,11.93,debt_consolidation,0.067,0.084,0
29,49129.0,5.9,MORTGAGE,10.7,6,0,0.25,19115.0,36,9.04,debt_consolidation,0.13,0.149,0
30,109592.0,9.9,RENT,11.4,6,0,0.033,25500.0,36,8.43,credit_card,0.078,0.088,0
39,71294.0,8.9,MORTGAGE,18.1,5,2,0.205,18024.0,36,9.07,debt_consolidation,0.084,0.097,0
31,41565.0,2.1,RENT,9.8,3,0,0.131,8155.0,48,8.69,debt_consolidation,0.049,0.058,0
48,43816.0,0.5,RENT,29.9,5,0,0.05,10406.0,24,9.46,home_improvement,0.119,0.131,0
58,42138.0,1.2,RENT,37.7,3,0,0.294,4721.0,60,6.14,medical,0.022,0.026,0
33,83899.0,0.6,RENT,10.4,5,1,0.283,8464.0,24,10.26,major_purchase,0.05,0.056,1
43,46440.0,1.7,MORTGAGE,24.8,6,0,0.363,19134.0,48,8.14,home_improvement,0.103,0.121,0
46,22102.0,3.7,MORTGAGE,26.4,5,0,0.148,11033.0,48,9.78,small_business,0.125,0.151,0
46,52883.0,14.2,MORTGAGE,26.8,4,0,0.581,15327.0,36,7.89,major_purchase,0.097,0.109,0
41,25122.0,12.3,MORTGAGE,15.7,9,0,0.567,5004.0,12,7.77,credit_card,0.199,0.208,0
49,161477.0,7.6,RENT,30.4,3,0,0.158,3587.0,36,10.04,small_business,0.007,0.009,0
46,33429.0,0.1,RENT,26.9,3,0,0.483,9321.0,24,7.2,debt_consolidation,0.139,0.15,0
25,49964.0,2.5,OWN,0.1,6,0,0.55,7302.0,36,7.77,debt_consolidation,0.049,0.055,0
50,61642.0,6.9,MORTGAGE,30.8,3,1,0.691,10068.0,24,8.45,medical,0.082,0.089,0
51,46895.0,0.8,MORTGAGE,30.7,5,1,0.227,13764.0,60,10.79,debt_consolidation,0.059,0.076,1
31,46863.0,9.7,MORTGAGE,12.9,3,0,0.309,16622.0,48,7.5,debt_consolidation,0.089,0.103,0
40,66897.0,14.8,MORTGAGE,9.4,4,1,0.129,7847.0,60,9.65,debt_consolidation,0.023,0.03,0
48,116205.0,2.6,RENT,24.8,5,0,0.354,13605.0,48,5.21,debt_consolidation,0.029,0.032,0
37,79519.0,7.3,MORTGAGE,16.0,8,0,0.394,8009.0,36,7.83,debt_consolidation,0.034,0.038,0
53,113466.0,1.0,RENT,34.8,4,0,0.435,9023.0,36,8.5,debt_consolidation,0.027,0.03,0
68,32103.0,7.0,MORTGAGE,49.8,4,3,0.416,16141.0,60,13.28,credit_card,0.101,0.138,0
31,63493.0,0.1,MORTGAGE,10.6,2,0,0.139,4851.0,48,6.85,credit_card,0.019,0.022,0
23,58549.0,1.0,MORTGAGE,4.0,6,0,0.267,20933.0,60,10.68,home_improvement,0.072,0.093,0
44,64573.0,7.4,OWN,23.1,4,0,0.235,3660.0,36,6.02,credit_card,0.019,0.021,0
49,107809.0,7.5,RENT,28.3,4,0,0.124,12074.0,12,9.8,debt_consolidation,0.112,0.118,0
37,48514.0,6.1,RENT,13.5,8,1,0.605,31849.0,36,8.28,debt_consolidation,0.219,0.248,1
57,44234.0,3.9,MORTGAGE,38.0,7,1,0.292,6116.0,48,5.99,credit_card,0.035,0.039,0
24,70756.0,6.7,MORTGAGE,3.4,5,1,0.309,7809.0,60,11.49,major_purchase,0.022,0.029,1
48,22268.0,8.9,MORTGAGE,25.5,10,1,0.53,11786.0,60,10.07,major_purchase,0.106,0.135,0
33,48126.0,20.4,MORTGAGE,13.0,4,0,0.455,5921.0,36,8.11,home_improvement,0.041,0.046,0
61,50660.0,13.2,MORTGAGE,37.7,4,0,0.257,10354.0,48,11.41,small_business,0.051,0.064,0
64,34195.0,9.5,RENT,45.6,7,0,0.424,17274.0,36,8.3,small_business,0.168,0.191,0
31,91907.0,7.1,MORTGAGE,9.0,6,0,0.12,9161.0,48,7.79,medical,0.025,0.029,0
33,31853.0,5.1,OWN,6.4,3,1,0.151,3551.0,36,10.95,home_improvement,0.037,0.044,0
50,50618.0,0.8,RENT,30.8,5,0,0.347,15742.0,24,10.08,major_purchase,0.155,0.172,0
35,62729.0,1.1,RENT,15.6,4,1,0.362,7608.0,60,6.56,credit_card,0.024,0.029,0
39,106588.0,10.3,MORTGAGE,20.7,4,2,0.186,46259.0,36,9.29,major_purchase,0.145,0.166,1
40,53891.0,9.8,RENT,18.9,5,0,0.27,26573.0,24,8.77,other,0.247,0.27,0
18,86515.0,5.7,RENT,0.0,7,0,0.169,9087.0,36,11.76,medical,0.035,0.042,0
40,76903.0,3.5,RENT,21.9,4,0,0.113,14814.0,48,8.42,credit_card,0.048,0.057,0
32,57626.0,0.2,RENT,9.8,4,0,0.226,6394.0,36,7.48,medical,0.037,0.041,0
34,31421.0,2.4,MORTGAGE,10.7,6,1,0.194,19254.0,36,10.21,debt_consolidation,0.204,0.238,0
57,26442.0,3.3,MORTGAGE,31.9,3,0,0.621,14200.0,48,11.17,debt_consolidation,0.134,0.167,0
25,57140.0,4.0,MORTGAGE,4.6,6,2,0.223,22584.0,36,8.09,other,0.132,0.149,1
50,41301.0,15.9,RENT,30.2,2,0,0.337,5648.0,60,10.21,credit_card,0.027,0.035,0
37,85788.0,0.7,RENT,12.7,4,1,0.329,9603.0,36,9.06,credit_card,0.037,0.043,0
37,78663.0,4.4,OWN,17.5,5,0,0.335,34441.0,36,6.17,debt_consolidation,0.146,0.16,0
49,49399.0,2.8,RENT,27.8,2,1,0.214,31523.0,48,11.06,credit_card,0.16,0.198,0
44,30368.0,27.7,MORTGAGE,23.1,4,0,0.789,8066.0,24,7.96,small_business,0.133,0.144,0
47,69938.0,11.9,RENT,27.6,5,0,0.202,4998.0,36,7.08,credit_card,0.024,0.027,0
52,32566.0,3.5,MORTGAGE,33.7,8,1,0.148,10131.0,48,8.83,debt_consolidation,0.078,0.093,0
36,37078.0,40.0,RENT,17.9,5,0,0.319,7998.0,24,8.2,medical,0.108,0.117,0
33,33200.0,4.3,RENT,13.3,3,0,0.33,15258.0,36,7.89,medical,0.153,0.173,0
27,50552.0,1.1,RENT,7.0,6,1,0.181,15549.0,36,7.4,debt_consolidation,0.103,0.115,0
30,97255.0,4.9,RENT,6.8,1,0,0.16,6859.0,48,8.09,credit_card,0.018,0.021,0
75,54040.0,1.5,OWN,55.4,2,1,0.202,7012.0,36,11.24,major_purchase,0.043,0.051,0
55,43408.0,6.1,RENT,36.0,7,0,0.236,7000.0,24,5.95,medical,0.081,0.086,0
24,25265.0,16.6,MORTGAGE,4.1,5,0,0.261,8535.0,60,6.05,other,0.068,0.078,0
24,71401.0,9.3,MORTGAGE,5.2,6,0,0.071,12071.0,48,10.17,major_purchase,0.042,0.052,0
46,36673.0,1.9,RENT,27.7,6,1,0.174,8998.0,24,10.05,debt_consolidation,0.123,0.136,1
47,57455.0,2.1,RENT,28.6,6,0,0.393,4541.0,36,8.28,debt_consolidation,0.026,0.03,0
47,45383.0,0.4,OWN,27.8,6,0,0.329,18818.0,36,10.22,credit_card,0.138,0.161,0
37,82379.0,2.0,MORTGAGE,19.0,1,3,0.221,4851.0,48,12.37,debt_consolidation,0.015,0.019,0
38,50080.0,0.6,MORTGAGE,19.3,1,2,0.113,9801.0,48,10.96,credit_card,0.049,0.061,0
44,52603.0,4.2,RENT,21.4,9,0,0.182,6803.0,60,8.65,small_business,0.026,0.032,0
41,69070.0,7.4,RENT,22.2,6,0,0.286,20708.0,24,6.11,credit_card,0.15,0.16,0
18,155355.0,8.3,MORTGAGE,0.0,6,1,0.344,16951.0,36,10.81,other,0.036,0.043,0
37,84476.0,0.4,RENT,10.1,1,0,0.16,8880.0,24,9.96,medical,0.053,0.058,0
30,51829.0,2.5,RENT,9.1,7,1,0.637,26000.0,24,6.37,home_improvement,0.251,0.268,0
42,54263.0,2.0,MORTGAGE,23.8,4,0,0.149,21434.0,12,15.67,major_purchase,0.395,0.429,0
75,41671.0,0.7,RENT,56.8,7,2,0.061,5397.0,60,11.16,debt_consolidation,0.026,0.034,0
44,33692.0,2.7,MORTGAGE,23.2,6,0,0.126,13232.0,60,8.03,credit_card,0.079,0.096,0
36,41094.0,2.1,MORTGAGE,15.7,7,0,0.446,9713.0,48,9.68,debt_consolidation,0.059,0.071,0
51,36825.0,6.0,RENT,32.8,8,0,0.17,7737.0,36,9.83,medical,0.07,0.081,0
46,75108.0,12.9,MORTGAGE,27.2,2,1,0.189,5627.0,48,9.05,other,0.019,0.022,0
45,31710.0,3.6,MORTGAGE,19.1,6,2,0.576,18365.0,60,5.93,debt_consolidation,0.116,0.134,0
47,105515.0,8.2,RENT,26.5,1,0,0.232,16010.0,60,8.38,debt_consolidation,0.03,0.037,0
65,78907.0,0.9,MORTGAGE,45.3,5,0,0.156,8470.0,24,7.18,credit_card,0.054,0.058,0
26,54735.0,13.5,MORTGAGE,7.1,2,0,0.331,7279.0,48,8.28,credit_card,0.033,0.039,0
46,54185.0,1.0,RENT,27.6,3,0,0.273,8120.0,24,5.16,debt_consolidation,0.075,0.079,0
29,41001.0,1.3,OWN,9.5,3,0,0.151,7364.0,60,10.06,home_improvement,0.036,0.046,0
47,62009.0,0.7,RENT,21.3,2,0,0.539,18164.0,48,11.59,major_purchase,0.073,0.092,0
29,93344.0,2.2,MORTGAGE,10.9,5,0,0.147,7297.0,36,8.66,debt_consolidation,0.026,0.03,0
35,38117.0,4.8,RENT,2.9,2,0,0.085,12739.0,36,11.92,small_business,0.111,0.133,0
36,25167.0,26.5,MORTGAGE,17.3,9,1,0.468,6150.0,48,10.25,credit_card,0.061,0.075,0
52,77004.0,9.5,RENT,32.4,6,0,0.057,10147.0,12,8.59,debt_consolidation,0.132,0.138,0
51,63715.0,2.9,MORTGAGE,32.9,4,0,0.088,3826.0,48,7.17,debt_consolidation,0.015,0.017,0
25,30943.0,5.1,RENT,4.4,3,0,0.126,19788.0,12,5.74,debt_consolidation,0.639,0.66,1
41,37545.0,5.9,MORTGAGE,21.0,5,0,0.498,5474.0,36,8.25,medical,0.049,0.055,0
31,35258.0,10.4,MORTGAGE,9.7,8,1,0.155,4888.0,24,11.14,credit_card,0.069,0.078,0
25,37712.0,8.0,MORTGAGE,4.7,11,0,0.415,18229.0,24,11.98,other,0.242,0.273,0
37,46081.0,5.1,RENT,17.5,9,1,0.188,5836.0,12,8.64,home_improvement,0.127,0.133,0
36,47417.0,6.6,MORTGAGE,14.0,6,0,0.452,12528.0,12,7.6,debt_consolidation,0.264,0.275,0
69,39128.0,8.2,RENT,50.9,4,0,0.428,16753.0,24,6.06,home_improvement,0.214,0.228,0
45,37083.0,0.9,RENT,24.7,3,0,0.322,10724.0,36,10.16,debt_consolidation,0.096,0.112,0
23,48320.0,1.3,OWN,4.6,4,0,0.192,10710.0,24,9.16,small_business,0.111,0.122,0
33,58915.0,7.0,MORTGAGE,13.3,3,0,0.234,7510.0,24,7.76,small_business,0.064,0.069,0
52,46252.0,11.4,MORTGAGE,29.3,7,1,0.378,9750.0,36,9.6,debt_consolidation,0.07,0.081,0
65,96697.0,3.2,MORTGAGE,46.5,4,1,0.165,24003.0,24,9.37,major_purchase,0.124,0.137,0
21,69846.0,23.4,OWN,0.0,5,1,0.108,7136.0,36,10.85,major_purchase,0.034,0.04,0
18,24455.0,1.5,MORTGAGE,0.0,2,0,0.38,7804.0,24,11.69,debt_consolidation,0.16,0.18,0
62,70394.0,3.2,OWN,42.4,5,0,0.615,6208.0,24,5.03,home_improvement,0.044,0.046,0
45,73333.0,2.9,OWN,27.0,5,1,0.28,37213.0,24,10.81,debt_consolidation,0.254,0.283,0
30,43592.0,16.0,RENT,7.3,3,0,0.217,6376.0,60,8.67,credit_card,0.029,0.036,0
46,25653.0,2.0,OWN,21.6,6,0,0.283,8888.0,48,6.74,debt_consolidation,0.087,0.099,0
18,54395.0,3.8,MORTGAGE,0.0,4,0,0.227,3768.0,36,6.61,debt_consolidation,0.023,0.026,0
40,53968.0,1.2,RENT,14.6,7,0,0.188,16316.0,48,8.62,major_purchase,0.076,0.09,0
44,30921.0,4.4,RENT,18.6,7,0,0.1,37224.0,48,9.6,debt_consolidation,0.301,0.364,0
51,26223.0,11.7,RENT,31.1,4,0,0.201,7219.0,60,8.21,debt_consolidation,0.055,0.067,0
28,51856.0,2.2,MORTGAGE,5.2,4,0,0.443,4303.0,12,7.67,home_improvement,0.083,0.086,0
41,48217.0,10.0,RENT,21.2,4,1,0.179,4474.0,48,6.9,medical,0.023,0.027,0
29,43975.0,14.5,RENT,8.5,4,0,0.418,30797.0,48,10.09,home_improvement,0.175,0.214,1
43,51963.0,0.5,MORTGAGE,23.8,6,1,0.389,2657.0,48,11.62,debt_consolidation,0.013,0.016,0
29,31214.0,8.5,RENT,10.5,5,0,0.216,4186.0,36,10.99,small_business,0.045,0.053,0
35,43590.0,1.8,RENT,12.9,2,0,0.602,32752.0,60,9.58,credit_card,0.15,0.19,0
28,70733.0,1.2,MORTGAGE,10.0,4,0,0.206,20132.0,48,8.9,debt_consolidation,0.071,0.085,0
48,45479.0,5.5,RENT,27.4,7,0,0.126,5635.0,36,8.56,other,0.041,0.047,0
50,23483.0,7.3,RENT,26.0,5,0,0.427,10060.0,36,7.49,credit_card,0.143,0.16,0
37,42773.0,3.0,MORTGAGE,18.2,6,0,0.069,30898.0,48,7.91,small_business,0.181,0.211,0
40,31727.0,0.2,RENT,20.8,6,1,0.234,7047.0,60,7.67,major_purchase,0.044,0.054,0
23,61918.0,14.4,RENT,2.3,2,0,0.286,16405.0,24,11.01,home_improvement,0.132,0.148,0
36,63540.0,7.9,MORTGAGE,17.1,5,1,0.179,11879.0,48,6.9,debt_consolidation,0.047,0.054,0
39,23638.0,1.9,MORTGAGE,15.4,5,0,0.343,2354.0,48,8.05,small_business,0.025,0.029,0
71,79182.0,4.1,MORTGAGE,51.6,2,0,0.374,28708.0,48,11.75,medical,0.091,0.114,0
27,31067.0,0.2,OWN,6.4,9,1,0.086,9431.0,12,8.88,other,0.304,0.318,0
58,118136.0,2.5,RENT,39.2,3,1,0.188,4673.0,48,8.24,debt_consolidation,0.01,0.012,0
52,52871.0,4.4,OWN,33.9,6,0,0.108,22331.0,24,10.15,home_improvement,0.211,0.234,0
43,29051.0,4.4,RENT,24.4,4,0,0.013,3929.0,36,10.56,small_business,0.045,0.053,0
61,30608.0,1.4,OWN,42.9,8,0,0.119,10788.0,60,8.72,other,0.07,0.087,0
44,64476.0,9.0,MORTGAGE,24.1,5,1,0.667,6191.0,36,8.2,credit_card,0.032,0.036,1
45,44549.0,2.1,RENT,24.3,0,1,0.21,12248.0,48,8.13,debt_consolidation,0.069,0.081,0
39,51620.0,5.2,RENT,20.9,7,0,0.462,11870.0,60,7.05,medical,0.046,0.055,0
55,121345.0,1.9,MORTGAGE,36.7,5,1,0.157,9283.0,60,8.76,small_business,0.015,0.019,0
53,38192.0,3.3,RENT,33.0,4,0,0.457,16758.0,60,8.94,medical,0.088,0.109,1
32,55825.0,1.4,OWN,9.2,5,0,0.062,29518.0,60,5.29,debt_consolidation,0.106,0.121,0
24,110186.0,6.0,MORTGAGE,3.0,7,0,0.374,6529.0,36,8.28,debt_consolidation,0.02,0.022,0
38,62023.0,3.3,RENT,19.7,4,1,0.142,8049.0,48,8.22,debt_consolidation,0.032,0.038,0
30,24263.0,0.1,MORTGAGE,5.4,8,0,0.347,6073.0,36,7.85,home_improvement,0.083,0.094,0
39,69752.0,0.2,MORTGAGE,13.5,6,1,0.326,10130.0,36,8.49,medical,0.048,0.055,0
55,30288.0,3.8,RENT,35.8,8,1,0.405,14522.0,24,8.58,small_business,0.24,0.262,0
35,109470.0,1.2,MORTGAGE,14.1,9,0,0.076,39963.0,12,8.7,debt_consolidation,0.365,0.382,0
39,35903.0,5.3,MORTGAGE,19.0,11,0,0.162,8343.0,60,11.59,small_business,0.046,0.061,0
41,239128.0,3.1,MORTGAGE,14.5,6,0,0.076,10546.0,36,7.46,home_improvement,0.015,0.016,0
50,112836.0,6.4,RENT,29.9,9,1,0.086,16647.0,36,9.11,debt_consolidation,0.049,0.056,0
18,36377.0,18.3,RENT,0.0,5,1,0.315,13673.0,36,7.19,debt_consolidation,0.125,0.14,0
33,54721.0,4.5,RENT,14.3,7,0,0.048,13847.0,48,10.79,home_improvement,0.063,0.078,0
43,78970.0,9.3,MORTGAGE,23.7,3,0,0.385,33655.0,24,9.89,home_improvement,0.213,0.236,0
54,80164.0,8.4,MORTGAGE,31.4,0,0,0.372,18268.0,24,8.64,debt_consolidation,0.114,0.124,0
34,67587.0,15.3,MORTGAGE,11.4,3,0,0.304,18747.0,36,7.34,other,0.092,0.103,0
18,101324.0,1.4,MORTGAGE,0.0,8,0,0.075,6605.0,12,7.63,debt_consolidation,0.065,0.068,0
47,50946.0,10.5,MORTGAGE,23.1,7,0,0.297,16985.0,48,9.52,major_purchase,0.083,0.101,0
32,45100.0,14.2,OWN,10.4,1,0,0.568,4849.0,48,7.86,other,0.027,0.031,0
26,45550.0,3.0,MORTGAGE,5.0,1,1,0.586,11065.0,48,5.65,major_purchase,0.061,0.068,0
33,83215.0,2.3,RENT,13.2,3,0,0.309,6991.0,60,10.73,major_purchase,0.017,0.022,0
38,65029.0,18.2,RENT,18.1,4,1,0.344,10071.0,36,11.17,debt_consolidation,0.052,0.061,0
33,62670.0,5.9,RENT,13.4,3,0,0.488,15555.0,24,6.32,small_business,0.124,0.132,0
18,80629.0,2.9,MORTGAGE,0.0,4,1,0.158,7032.0,60,5.51,debt_consolidation,0.017,0.02,0
51,19428.0,9.4,RENT,31.4,5,0,0.143,5498.0,36,12.29,debt_consolidation,0.094,0.113,0
55,63262.0,2.2,OWN,36.5,5,0,0.202,13055.0,60,12.73,credit_card,0.041,0.056,0
48,60433.0,1.2,RENT,29.7,3,1,0.353,22498.0,36,8.37,credit_card,0.124,0.141,0
26,124792.0,4.7,RENT,0.3,6,0,0.112,42053.0,48,10.38,debt_consolidation,0.084,0.103,0
38,25228.0,5.0,MORTGAGE,19.9,7,0,0.326,14096.0,48,8.65,debt_consolidation,0.14,0.166,0
40,118018.0,10.5,MORTGAGE,21.7,3,0,0.075,11987.0,36,7.13,debt_consolidation,0.034,0.038,0
47,56258.0,3.7,MORTGAGE,27.2,3,0,0.432,6359.0,36,9.35,major_purchase,0.038,0.043,0
48,69182.0,10.1,MORTGAGE,29.1,3,1,0.002,5314.0,48,8.29,other,0.019,0.023,0
31,125237.0,2.2,OWN,11.4,5,0,0.2,27702.0,24,8.2,home_improvement,0.111,0.12,0
41,71710.0,5.1,MORTGAGE,22.6,5,1,0.032,9909.0,48,13.16,other,0.035,0.045,0
45,66183.0,1.4,RENT,26.6,8,0,0.12,9866.0,36,10.82,debt_consolidation,0.05,0.058,0
57,61154.0,2.9,RENT,34.2,3,1,0.477,33035.0,36,11.58,small_business,0.18,0.214,0
48,42543.0,11.7,MORTGAGE,25.7,6,1,0.367,14176.0,60,12.87,credit_card,0.067,0.091,0
49,53410.0,1.5,MORTGAGE,30.7,5,1,0.382,22405.0,48,13.01,debt_consolidation,0.105,0.135,1
41,37882.0,10.0,MORTGAGE,19.7,5,0,0.254,10567.0,36,9.42,medical,0.093,0.107,0
57,52982.0,2.0,MORTGAGE,36.2,6,0,0.314,16646.0,36,10.8,debt_consolidation,0.105,0.123,0
45,16849.0,0.2,RENT,23.3,9,0,0.135,15466.0,24,9.2,home_improvement,0.459,0.504,0
30,67139.0,0.7,RENT,10.1,3,1,0.285,9427.0,36,8.16,credit_card,0.047,0.053,0
57,50977.0,8.2,MORTGAGE,38.1,4,1,0.188,16027.0,24,11.4,debt_consolidation,0.157,0.177,0
48,45794.0,1.8,MORTGAGE,26.7,3,0,0.413,11093.0,36,8.5,home_improvement,0.081,0.092,0
35,60469.0,6.4,RENT,15.6,7,0,0.145,10857.0,36,10.92,credit_card,0.06,0.07,0
34,26455.0,7.2,RENT,15.3,1,0,0.352,9627.0,24,10.75,major_purchase,0.182,0.203,0
44,142150.0,2.5,MORTGAGE,24.4,3,0,0.179,6344.0,60,8.75,medical,0.009,0.011,0
46,51463.0,3.9,RENT,23.7,3,0,0.323,22414.0,36,6.99,debt_consolidation,0.145,0.161,0
42,50366.0,3.1,RENT,22.1,4,0,0.286,5145.0,36,12.42,credit_card,0.034,0.041,0
44,33433.0,17.7,RENT,24.9,3,0,0.237,10090.0,48,7.38,debt_consolidation,0.075,0.087,0
60,54829.0,2.3,RENT,36.7,7,0,0.51,13010.0,48,9.56,home_improvement,0.059,0.072,0
53,108389.0,1.2,MORTGAGE,28.6,4,1,0.288,2019.0,24,9.52,debt_consolidation,0.009,0.01,0
42,90940.0,2.7,RENT,22.3,13,2,0.131,6478.0,24,8.16,credit_card,0.036,0.039,0
51,83052.0,6.6,MORTGAGE,31.6,8,1,0.05,44093.0,60,8.74,credit_card,0.106,0.131,0
28,71197.0,7.2,MORTGAGE,7.2,3,0,0.062,16080.0,36,7.08,credit_card,0.075,0.084,0
45,45285.0,15.5,RENT,26.8,7,0,0.093,15362.0,36,11.17,credit_card,0.113,0.134,0
62,26237.0,12.8,MORTGAGE,40.5,5,0,0.112,20326.0,48,8.86,debt_consolidation,0.194,0.231,1
37,48995.0,2.0,MORTGAGE,14.4,0,1,0.558,14043.0,36,9.1,debt_consolidation,0.096,0.11,0
30,48149.0,3.6,MORTGAGE,10.5,5,1,0.152,23360.0,36,7.35,medical,0.162,0.181,0
32,91528.0,8.3,RENT,13.4,7,0,0.15,13523.0,36,8.27,debt_consolidation,0.049,0.056,0
27,63240.0,14.9,RENT,8.9,12,0,0.245,6212.0,24,5.78,small_business,0.049,0.052,0
31,121316.0,2.5,RENT,10.0,7,0,0.15,24521.0,48,8.6,home_improvement,0.051,0.06,0
36,98592.0,3.5,RENT,17.1,0,1,0.204,6386.0,36,9.68,major_purchase,0.022,0.025,0
23,43120.0,13.8,MORTGAGE,3.1,10,0,0.181,8541.0,48,8.86,other,0.05,0.059,0
40,22080.0,2.7,RENT,20.5,6,0,0.091,10464.0,36,12.52,debt_consolidation,0.158,0.19,0
51,108314.0,3.9,MORTGAGE,32.4,3,0,0.184,7057.0,36,5.68,debt_consolidation,0.022,0.024,0
29,106905.0,14.1,MORTGAGE,8.9,3,1,0.426,6442.0,48,8.46,major_purchase,0.015,0.018,0
58,27362.0,9.7,MORTGAGE,38.2,5,0,0.393,10057.0,48,7.55,debt_consolidation,0.092,0.107,0
46,115222.0,1.7,RENT,25.1,5,0,0.179,6223.0,36,7.0,home_improvement,0.018,0.02,0
52,65582.0,2.4,MORTGAGE,33.1,4,0,0.374,14595.0,36,6.19,credit_card,0.074,0.081,0
32,58709.0,2.6,OWN,13.3,3,0,0.46,8985.0,48,8.96,medical,0.038,0.046,0
50,121466.0,14.6,RENT,26.9,8,0,0.171,5886.0,48,7.53,small_business,0.012,0.014,0
27,106122.0,40.0,RENT,5.4,6,1,0.396,13380.0,36,11.56,credit_card,0.042,0.05,1
51,75032.0,8.9,MORTGAGE,28.6,7,1,0.327,9419.0,48,12.11,credit_card,0.031,0.04,0
42,68638.0,4.0,OWN,23.6,9,1,0.362,17234.0,24,7.02,credit_card,0.126,0.135,0
47,73732.0,0.1,MORTGAGE,28.2,5,0,0.466,17564.0,12,8.89,home_improvement,0.238,0.25,0
26,44355.0,7.2,RENT,5.4,6,0,0.143,11753.0,12,11.15,credit_card,0.265,0.281,0
29,52704.0,3.0,OWN,5.2,5,1,0.119,74286.0,60,8.88,credit_card,0.282,0.35,0
47,34504.0,6.0,MORTGAGE,22.3,4,0,0.133,17472.0,24,12.08,small_business,0.253,0.286,0
29,45866.0,5.6,MORTGAGE,5.7,5,1,0.17,17683.0,36,12.05,home_improvement,0.129,0.154,0
46,45102.0,3.9,MORTGAGE,27.9,4,0,0.446,5478.0,36,5.37,medical,0.04,0.044,0
24,39433.0,17.3,MORTGAGE,0.8,9,0,0.152,6303.0,12,11.46,home_improvement,0.16,0.17,0
50,58010.0,0.1,OWN,25.1,5,0,0.321,16159.0,60,6.92,other,0.056,0.066,0
25,46074.0,7.5,MORTGAGE,6.8,7,1,0.102,8105.0,24,10.56,medical,0.088,0.098,0
47,69642.0,3.2,MORTGAGE,27.4,5,0,0.43,25272.0,48,10.51,credit_card,0.091,0.112,0
48,24073.0,7.5,RENT,27.7,4,0,0.395,6875.0,36,8.76,other,0.095,0.109,0
32,51191.0,6.7,MORTGAGE,13.2,7,1,0.135,4237.0,48,12.18,credit_card,0.021,0.026,0
47,57860.0,0.1,RENT,26.8,3,0,0.096,3703.0,60,7.31,debt_consolidation,0.013,0.015,0
43,46383.0,2.0,MORTGAGE,18.5,4,0,0.116,29272.0,36,8.33,debt_consolidation,0.21,0.238,0
34,49702.0,1.3,MORTGAGE,9.9,5,0,0.563,15427.0,48,7.31,debt_consolidation,0.078,0.09,0
28,24523.0,1.1,MORTGAGE,1.6,3,0,0.639,16589.0,36,6.97,credit_card,0.225,0.251,0
18,64747.0,7.8,RENT,0.0,5,0,0.351,8506.0,48,6.89,major_purchase,0.033,0.038,0
44,74892.0,1.6,RENT,24.4,4,2,0.807,3448.0,12,10.45,medical,0.046,0.049,0
21,69339.0,3.9,MORTGAGE,0.0,2,1,0.549,6290.0,24,8.68,credit_card,0.045,0.05,0
41,91068.0,1.7,MORTGAGE,21.4,4,1,0.532,6583.0,24,7.17,credit_card,0.036,0.039,0
37,59920.0,5.2,RENT,18.9,6,0,0.493,5546.0,36,8.44,debt_consolidation,0.031,0.035,0
48,68826.0,7.7,MORTGAGE,26.2,4,1,0.379,8648.0,36,8.49,home_improvement,0.042,0.048,0
36,58574.0,2.4,RENT,17.0,5,0,0.206,5956.0,60,11.47,credit_card,0.02,0.027,0
36,76403.0,5.5,MORTGAGE,17.8,9,0,0.193,13223.0,36,7.32,debt_consolidation,0.058,0.064,0
49,24622.0,10.5,MORTGAGE,30.9,3,0,0.471,5415.0,24,4.63,medical,0.11,0.115,1
44,34655.0,0.6,OWN,18.0,4,0,0.091,7695.0,36,8.0,debt_consolidation,0.074,0.083,0
44,119785.0,7.4,MORTGAGE,25.1,7,1,0.262,14349.0,48,11.25,debt_consolidation,0.03,0.037,0
46,15832.0,2.3,RENT,26.2,3,0,0.426,12652.0,24,10.88,debt_consolidation,0.4,0.446,0
22,50509.0,0.8,OWN,0.0,2,0,0.046,10466.0,60,6.98,credit_card,0.041,0.049,0
49,97357.0,4.7,RENT,29.1,3,1,0.432,6490.0,60,9.21,small_business,0.013,0.017,0
47,51708.0,1.5,RENT,28.8,5,0,0.058,6501.0,36,9.71,credit_card,0.042,0.048,0
28,44245.0,10.3,RENT,7.6,4,0,0.124,8340.0,36,7.34,debt_consolidation,0.063,0.07,0
37,57798.0,0.3,RENT,18.7,4,0,0.153,6926.0,36,9.69,small_business,0.04,0.046,0
40,45408.0,0.6,RENT,21.7,7,2,0.331,16719.0,24,8.88,home_improvement,0.184,0.202,1
38,55018.0,4.4,RENT,14.3,7,0,0.094,25769.0,36,7.12,debt_consolidation,0.156,0.174,0
44,38496.0,5.3,MORTGAGE,25.0,5,1,0.158,12338.0,24,9.21,home_improvement,0.16,0.176,0
57,94310.0,7.9,OWN,35.6,5,0,0.244,5498.0,36,9.62,credit_card,0.019,0.022,0
53,110374.0,1.8,MORTGAGE,32.9,1,1,0.302,17502.0,60,8.66,major_purchase,0.032,0.039,1
24,50681.0,11.1,MORTGAGE,5.2,4,0,0.415,14193.0,12,6.6,credit_card,0.28,0.29,1
47,27086.0,18.4,RENT,26.8,5,0,0.437,9114.0,36,11.62,other,0.112,0.133,0
56,41693.0,4.1,RENT,37.8,6,1,0.186,15807.0,48,10.14,debt_consolidation,0.095,0.116,0
45,49415.0,8.6,RENT,25.7,7,0,0.45,19615.0,36,8.23,home_improvement,0.132,0.15,0
53,69757.0,4.5,MORTGAGE,32.8,4,0,0.777,31950.0,36,11.6,debt_consolidation,0.153,0.181,0
64,32728.0,0.4,OWN,45.2,5,1,0.083,5449.0,36,6.0,major_purchase,0.055,0.061,0
52,36880.0,2.4,OWN,30.8,4,0,0.186,7222.0,36,12.67,medical,0.065,0.079,0
43,69936.0,0.5,MORTGAGE,24.8,5,1,0.287,12348.0,36,8.48,credit_card,0.059,0.067,0
53,86635.0,27.0,OWN,33.0,3,0,0.076,10257.0,36,7.66,debt_consolidation,0.039,0.044,0
42,39704.0,1.6,MORTGAGE,20.2,2,0,0.688,18304.0,36,7.08,debt_consolidation,0.154,0.171,0
40,27817.0,6.1,MORTGAGE,20.3,3,0,0.451,4381.0,60,10.73,debt_consolidation,0.031,0.041,0
36,279864.0,2.0,RENT,11.8,9,1,0.24,15009.0,60,8.91,credit_card,0.011,0.013,0
59,80150.0,6.4,OWN,38.0,7,0,0.106,13809.0,24,9.48,other,0.086,0.095,0
30,47406.0,1.4,OWN,2.5,5,1,0.32,9526.0,36,8.74,medical,0.067,0.076,0
58,83660.0,9.2,OWN,39.0,6,2,0.187,9819.0,36,7.52,small_business,0.039,0.044,0
46,50908.0,0.7,MORTGAGE,19.6,6,1,0.223,44322.0,36,10.1,small_business,0.29,0.338,1
23,83582.0,13.5,MORTGAGE,2.2,4,0,0.331,8204.0,48,10.0,debt_consolidation,0.025,0.03,0
44,58671.0,11.0,RENT,21.9,4,0,0.152,5535.0,60,11.4,major_purchase,0.019,0.025,0
18,56706.0,6.8,OWN,0.0,2,0,0.451,8645.0,36,7.99,debt_consolidation,0.051,0.057,0
48,51185.0,0.4,RENT,27.6,7,0,0.146,14073.0,36,6.18,credit_card,0.092,0.101,0
51,26273.0,1.4,MORTGAGE,27.1,7,0,0.687,24510.0,24,11.58,major_purchase,0.466,0.525,0
33,142778.0,11.8,MORTGAGE,12.7,4,1,0.154,16284.0,24,11.34,debt_consolidation,0.057,0.064,0
41,33834.0,0.8,RENT,20.3,4,0,0.394,15539.0,12,9.01,debt_consolidation,0.459,0.482,1
63,27446.0,1.0,RENT,43.2,5,0,0.619,7204.0,60,12.21,major_purchase,0.052,0.07,0
34,48707.0,4.7,RENT,15.5,6,0,0.066,15232.0,36,11.3,home_improvement,0.104,0.123,0
27,33499.0,1.9,OWN,6.6,4,0,0.308,11675.0,24,7.76,home_improvement,0.174,0.189,0
58,52794.0,1.5,RENT,28.6,5,1,0.143,22910.0,60,11.87,home_improvement,0.087,0.116,0
64,76411.0,5.1,MORTGAGE,41.4,6,1,0.507,12262.0,36,12.4,other,0.053,0.064,0
40,89112.0,2.8,RENT,17.9,5,2,0.122,19571.0,36,7.79,other,0.073,0.082,0
52,81419.0,0.9,RENT,30.9,4,0,0.132,23037.0,48,8.58,debt_consolidation,0.071,0.084,0
56,46499.0,4.6,MORTGAGE,36.7,9,0,0.331,23090.0,36,10.45,home_improvement,0.166,0.194,0
31,55537.0,2.9,RENT,12.4,5,0,0.391,9206.0,60,7.54,home_improvement,0.033,0.04,0
34,66432.0,8.0,MORTGAGE,15.2,8,0,0.216,15073.0,36,10.48,debt_consolidation,0.076,0.088,0
55,22496.0,0.7,MORTGAGE,37.0,7,0,0.118,7582.0,36,7.84,debt_consolidation,0.112,0.126,0
60,72063.0,5.8,RENT,38.6,6,0,0.242,9632.0,36,8.78,credit_card,0.045,0.051,0
47,26143.0,3.4,RENT,24.0,5,0,0.332,2701.0,36,9.5,debt_consolidation,0.034,0.04,0
29,150268.0,3.1,MORTGAGE,10.1,12,1,0.214,16967.0,24,9.25,debt_consolidation,0.056,0.062,0
64,44256.0,1.6,MORTGAGE,45.7,6,0,0.536,16268.0,48,11.76,debt_consolidation,0.092,0.116,0
34,49393.0,0.2,MORTGAGE,14.8,3,0,0.289,11775.0,36,7.08,other,0.079,0.088,0
36,36870.0,11.3,RENT,17.0,4,0,0.443,14199.0,36,8.95,medical,0.128,0.147,0
44,39538.0,2.4,MORTGAGE,24.2,11,0,0.623,5013.0,36,7.67,debt_consolidation,0.042,0.047,0
59,168897.0,6.9,MORTGAGE,40.1,2,2,0.423,8082.0,36,7.9,other,0.016,0.018,0
50,86698.0,17.7,RENT,30.8,4,0,0.116,6733.0,24,7.22,debt_consolidation,0.039,0.042,0
45,24969.0,5.0,RENT,19.9,4,1,0.268,3874.0,36,6.98,debt_consolidation,0.052,0.057,0
46,114933.0,3.0,MORTGAGE,26.8,7,0,0.208,24772.0,36,8.47,home_improvement,0.072,0.082,0
41,98383.0,1.9,RENT,18.4,6,1,0.484,18945.0,60,9.76,debt_consolidation,0.039,0.049,0
47,47070.0,16.3,OWN,26.1,4,1,0.056,8652.0,24,9.23,debt_consolidation,0.092,0.101,0
18,63155.0,6.9,RENT,0.0,10,1,0.17,12009.0,60,12.53,debt_consolidation,0.038,0.051,0
36,53773.0,6.6,RENT,12.9,1,1,0.239,20735.0,60,10.91,other,0.077,0.1,0
43,145261.0,3.3,RENT,22.3,3,0,0.172,10784.0,36,5.61,credit_card,0.025,0.027,0
26,36383.0,11.2,MORTGAGE,8.0,6,0,0.35,20639.0,60,11.07,credit_card,0.113,0.148,0
45,58279.0,7.5,RENT,26.8,5,1,0.529,5742.0,48,8.59,home_improvement,0.025,0.029,0
38,43736.0,2.0,MORTGAGE,15.8,6,0,0.142,9199.0,60,8.54,medical,0.042,0.052,0
61,26462.0,5.5,RENT,41.2,6,0,0.254,9792.0,48,9.06,credit_card,0.093,0.111,0
59,162076.0,3.4,RENT,39.4,2,0,0.346,6796.0,36,10.87,debt_consolidation,0.014,0.016,0
34,30008.0,0.0,OWN,15.5,8,0,0.596,22217.0,48,7.43,debt_consolidation,0.185,0.215,0
38,60480.0,9.9,RENT,19.5,8,0,0.262,6836.0,48,10.81,debt_consolidation,0.028,0.035,0
39,22689.0,0.8,MORTGAGE,16.2,0,0,0.33,6650.0,48,9.34,credit_card,0.073,0.088,0
35,44376.0,4.3,MORTGAGE,11.7,6,0,0.25,3719.0,36,9.98,other,0.028,0.032,0
42,66902.0,2.5,RENT,21.5,2,1,0.045,11657.0,48,8.09,home_improvement,0.044,0.051,0
31,35869.0,2.5,RENT,12.0,5,0,0.035,11092.0,12,6.53,other,0.309,0.32,0
26,72649.0,3.9,MORTGAGE,0.0,4,0,0.337,4407.0,36,11.79,other,0.02,0.024,0
47,47357.0,34.9,OWN,26.1,5,0,0.5,24318.0,48,9.67,debt_consolidation,0.128,0.155,0
48,96765.0,3.1,RENT,25.2,3,1,0.157,5817.0,36,8.64,small_business,0.02,0.023,0
30,107032.0,1.2,RENT,12.0,3,1,0.365,17239.0,48,10.92,credit_card,0.04,0.05,0
51,40402.0,5.7,RENT,31.2,5,0,0.277,11150.0,24,10.04,other,0.138,0.153,0
32,56295.0,1.6,MORTGAGE,7.9,8,0,0.075,11977.0,36,6.52,other,0.071,0.078,0
43,59381.0,0.7,RENT,23.8,5,1,0.056,28736.0,36,9.39,debt_consolidation,0.161,0.186,0
50,73841.0,0.3,RENT,28.1,1,1,0.475,23851.0,48,7.96,debt_consolidation,0.081,0.095,0
40,54567.0,0.1,MORTGAGE,18.8,2,1,0.27,14357.0,36,10.11,debt_consolidation,0.088,0.102,0
45,59582.0,3.4,MORTGAGE,26.5,3,1,0.518,18487.0,12,9.97,credit_card,0.31,0.327,0
34,47968.0,3.3,MORTGAGE,11.5,4,0,0.464,17420.0,24,6.66,debt_consolidation,0.182,0.194,0
38,57390.0,1.2,RENT,19.6,7,0,0.27,9984.0,48,8.47,debt_consolidation,0.043,0.051,0
38,103670.0,9.2,MORTGAGE,16.1,4,1,0.208,7740.0,36,8.12,other,0.025,0.028,0
31,74835.0,0.8,RENT,0.0,4,0,0.173,3543.0,12,7.31,major_purchase,0.047,0.049,0
38,76928.0,14.8,MORTGAGE,10.5,6,0,0.304,7301.0,36,10.96,credit_card,0.032,0.037,0
21,77772.0,5.3,MORTGAGE,0.0,7,0,0.165,10643.0,48,7.78,other,0.034,0.04,0
34,50166.0,0.2,RENT,13.7,6,0,0.251,3041.0,48,5.64,debt_consolidation,0.015,0.017,0
37,63539.0,19.8,RENT,15.6,6,0,0.413,6569.0,36,7.5,debt_consolidation,0.034,0.039,0
37,31490.0,2.2,MORTGAGE,15.1,8,0,0.272,7996.0,60,7.55,debt_consolidation,0.051,0.061,0
37,102171.0,3.6,MORTGAGE,19.0,3,0,0.276,8687.0,36,11.42,debt_consolidation,0.028,0.034,0
39,15000.0,2.0,MORTGAGE,20.7,7,0,0.247,41422.0,36,9.33,medical,0.92,1.059,0
46,51866.0,7.8,RENT,25.3,5,0,0.168,36173.0,60,6.34,credit_card,0.139,0.163,0
50,95841.0,4.0,MORTGAGE,32.0,4,1,0.174,19874.0,36,11.8,credit_card,0.069,0.082,0
32,27394.0,0.9,MORTGAGE,6.8,4,0,0.25,29767.0,36,11.07,debt_consolidation,0.362,0.427,0
26,66164.0,0.7,RENT,6.0,1,0,0.113,12994.0,24,10.46,home_improvement,0.098,0.109,0
27,38546.0,7.8,MORTGAGE,8.1,4,0,0.352,22219.0,48,4.48,major_purchase,0.144,0.158,0
34,45053.0,1.6,RENT,14.5,6,0,0.051,14693.0,48,9.24,credit_card,0.082,0.098,0
36,86940.0,0.9,OWN,12.3,9,1,0.405,9169.0,48,13.06,medical,0.026,0.034,0
31,59816.0,4.2,MORTGAGE,5.1,5,0,0.029,9342.0,60,11.14,debt_consolidation,0.031,0.041,0
24,19591.0,9.7,RENT,5.6,2,0,0.19,14432.0,36,6.73,debt_consolidation,0.246,0.272,0
35,33249.0,2.0,RENT,12.5,4,0,0.251,10051.0,60,12.13,major_purchase,0.06,0.081,0
42,88227.0,1.9,RENT,21.4,5,0,0.255,5648.0,24,9.47,home_improvement,0.032,0.035,0
47,67810.0,10.8,MORTGAGE,26.4,7,0,0.347,7219.0,24,10.08,medical,0.053,0.059,0
33,129841.0,1.0,MORTGAGE,10.5,3,1,0.261,19140.0,24,9.19,debt_consolidation,0.074,0.081,0
35,125659.0,5.8,MORTGAGE,16.2,2,0,0.677,17158.0,24,9.99,debt_consolidation,0.068,0.076,0
29,45655.0,18.6,OWN,8.7,6,0,0.106,5639.0,36,9.67,debt_consolidation,0.041,0.048,0
40,189400.0,11.0,MORTGAGE,20.8,4,1,0.159,21458.0,12,7.58,credit_card,0.113,0.118,0
30,54844.0,0.4,MORTGAGE,11.7,6,0,0.066,15534.0,48,8.29,other,0.071,0.083,0
47,33479.0,2.3,MORTGAGE,28.7,7,1,0.112,10967.0,24,11.45,credit_card,0.164,0.184,0
19,39465.0,0.9,RENT,0.6,5,0,0.187,22275.0,60,12.6,debt_consolidation,0.113,0.153,0
36,17529.0,17.9,MORTGAGE,15.1,8,0,0.307,7760.0,12,10.88,other,0.443,0.469,0
44,120996.0,25.6,MORTGAGE,25.7,1,1,0.52,23745.0,36,8.71,other,0.065,0.075,0
42,120256.0,1.6,MORTGAGE,21.5,2,0,0.469,3082.0,24,6.15,major_purchase,0.013,0.014,0
72,32606.0,6.6,MORTGAGE,51.3,6,0,0.078,8481.0,60,9.97,major_purchase,0.052,0.066,0
44,48342.0,11.1,RENT,19.0,2,1,0.083,10265.0,24,9.03,small_business,0.106,0.116,0
28,56829.0,1.6,MORTGAGE,7.0,5,1,0.71,8265.0,60,7.35,credit_card,0.029,0.035,0
39,33518.0,1.2,MORTGAGE,8.3,7,0,0.199,7703.0,48,7.76,debt_consolidation,0.057,0.067,0
19,22527.0,0.1,MORTGAGE,0.9,5,0,0.186,18397.0,36,7.45,credit_card,0.272,0.305,0
39,48768.0,3.2,OWN,17.3,2,0,0.325,24138.0,12,7.76,credit_card,0.495,0.516,0
30,46141.0,13.8,OWN,11.9,7,0,0.129,9860.0,36,9.87,small_business,0.071,0.083,0
51,44614.0,14.0,OWN,29.1,4,1,0.385,9720.0,60,5.66,debt_consolidation,0.044,0.05,0
33,60558.0,0.8,MORTGAGE,13.5,6,0,0.062,27623.0,12,8.9,home_improvement,0.456,0.478,0
39,110720.0,1.4,RENT,18.2,4,0,0.146,10978.0,48,10.97,other,0.025,0.031,0
32,46558.0,3.1,MORTGAGE,12.9,8,0,0.051,9728.0,36,10.87,credit_card,0.07,0.082,0
61,58996.0,9.1,RENT,42.5,4,0,0.379,5288.0,24,10.88,other,0.045,0.05,0
36,77920.0,5.7,MORTGAGE,14.1,6,0,0.369,11220.0,60,6.65,credit_card,0.029,0.034,0
62,71473.0,4.3,RENT,37.0,2,1,0.163,21026.0,12,7.54,other,0.294,0.306,0
50,39846.0,5.4,MORTGAGE,31.4,8,0,0.333,12409.0,12,14.04,debt_consolidation,0.311,0.336,0
46,56851.0,0.6,MORTGAGE,20.4,5,2,0.618,12460.0,24,6.08,debt_consolidation,0.11,0.117,0
44,71237.0,3.9,MORTGAGE,25.5,5,1,0.094,17932.0,48,13.66,home_improvement,0.063,0.082,0
45,30817.0,29.0,MORTGAGE,23.0,5,0,0.468,16089.0,48,6.31,other,0.131,0.148,0
18,101902.0,0.6,RENT,0.0,3,0,0.098,4110.0,48,9.17,debt_consolidation,0.01,0.012,0
37,110835.0,4.4,MORTGAGE,18.5,5,3,0.226,10114.0,48,10.8,debt_consolidation,0.023,0.028,0
50,37745.0,2.1,MORTGAGE,30.3,7,2,0.234,50032.0,36,7.8,credit_card,0.442,0.497,0
39,59685.0,4.7,RENT,19.8,4,0,0.458,13187.0,60,9.62,debt_consolidation,0.044,0.056,0
23,74693.0,5.1,RENT,3.5,3,1,0.15,17010.0,36,6.98,medical,0.076,0.084,0
39,41241.0,5.2,RENT,16.8,8,0,0.069,5179.0,24,9.88,other,0.063,0.069,0
60,68927.0,11.5,RENT,38.8,2,0,0.45,4604.0,24,7.69,debt_consolidation,0.033,0.036,0
55,58784.0,3.0,MORTGAGE,26.6,4,1,0.582,8389.0,12,11.34,debt_consolidation,0.143,0.152,0
39,26005.0,4.4,MORTGAGE,20.4,7,0,0.534,5452.0,60,9.5,major_purchase,0.042,0.053,0
51,68158.0,0.1,OWN,30.6,6,1,0.317,3608.0,12,8.73,other,0.053,0.055,0
36,31255.0,9.4,RENT,16.2,6,0,0.457,5789.0,36,8.77,debt_consolidation,0.062,0.07,0
20,86647.0,1.8,MORTGAGE,0.0,4,0,0.324,8120.0,24,10.47,credit_card,0.047,0.052,0
29,38731.0,10.2,MORTGAGE,11.0,3,1,0.42,9929.0,36,9.34,small_business,0.085,0.098,0
59,49979.0,1.9,OWN,27.4,4,0,0.442,2057.0,36,9.52,credit_card,0.014,0.016,0
37,107596.0,0.1,MORTGAGE,17.0,5,0,0.094,13910.0,12,8.59,other,0.129,0.135,0
37,69438.0,1.0,MORTGAGE,16.1,2,0,0.349,24852.0,36,9.73,medical,0.119,0.138,0
36,31579.0,25.5,OWN,16.7,5,2,0.272,27551.0,48,10.27,home_improvement,0.218,0.267,0
63,32615.0,2.3,RENT,39.3,9,0,0.384,4249.0,48,9.17,debt_consolidation,0.033,0.039,0
60,40149.0,0.7,OWN,39.5,6,2,0.157,3975.0,24,10.16,debt_consolidation,0.05,0.055,0
67,65994.0,0.8,RENT,45.7,2,2,0.583,19968.0,12,5.96,medical,0.303,0.312,1
38,64806.0,2.2,RENT,16.9,5,1,0.242,20622.0,36,5.39,credit_card,0.106,0.115,0
44,35541.0,0.2,OWN,24.6,1,1,0.612,16256.0,36,10.02,debt_consolidation,0.152,0.177,0
22,30224.0,4.3,MORTGAGE,3.8,6,0,0.6,2528.0,36,8.11,home_improvement,0.028,0.032,0
58,62367.0,1.4,MORTGAGE,35.1,6,0,0.494,9877.0,24,7.61,home_improvement,0.079,0.086,0
26,49467.0,4.4,MORTGAGE,7.0,4,1,0.167,4865.0,24,9.12,major_purchase,0.049,0.054,0
43,159310.0,0.9,RENT,19.3,8,0,0.513,8203.0,60,11.27,credit_card,0.01,0.014,0
27,55177.0,3.4,MORTGAGE,6.2,6,0,0.113,12249.0,24,8.14,debt_consolidation,0.111,0.121,0
33,134205.0,5.5,MORTGAGE,13.7,6,0,0.372,5716.0,36,9.49,debt_consolidation,0.014,0.016,0
30,30176.0,0.4,MORTGAGE,9.3,5,0,0.456,6774.0,36,7.69,other,0.075,0.084,0
33,24671.0,3.1,MORTGAGE,11.9,4,0,0.135,15455.0,48,6.94,credit_card,0.157,0.18,0
34,30945.0,2.2,RENT,12.3,4,0,0.141,24237.0,60,9.37,home_improvement,0.157,0.197,0
33,98181.0,1.6,OWN,9.8,4,1,0.36,32838.0,60,5.73,debt_consolidation,0.067,0.077,0
50,130359.0,5.6,OWN,31.5,7,0,0.517,18531.0,24,6.16,debt_consolidation,0.071,0.076,0
27,36641.0,5.3,MORTGAGE,0.3,2,0,0.079,19161.0,24,6.9,major_purchase,0.261,0.281,0
43,43033.0,6.0,MORTGAGE,23.4,7,0,0.603,15331.0,36,8.27,major_purchase,0.119,0.135,0
55,30197.0,1.0,MORTGAGE,31.1,8,0,0.709,9673.0,48,8.54,credit_card,0.08,0.095,0
34,21899.0,2.0,RENT,15.3,4,0,0.41,7658.0,48,10.1,debt_consolidation,0.087,0.107,0
31,77591.0,1.4,MORTGAGE,12.9,2,0,0.544,14320.0,36,8.97,medical,0.062,0.07,0
37,60567.0,4.7,RENT,16.4,10,0,0.163,35338.0,24,8.46,medical,0.292,0.318,0
54,54461.0,3.7,MORTGAGE,34.8,5,0,0.44,9123.0,12,11.38,major_purchase,0.168,0.178,0
42,26902.0,2.4,MORTGAGE,11.5,3,0,0.341,13536.0,48,6.92,debt_consolidation,0.126,0.144,0
34,123005.0,9.3,RENT,15.7,3,1,0.307,16386.0,36,8.69,medical,0.044,0.051,0
46,42122.0,0.6,MORTGAGE,27.9,5,0,0.455,6055.0,48,8.34,credit_card,0.036,0.042,0
27,70743.0,22.1,RENT,8.9,2,0,0.234,10208.0,60,8.54,debt_consolidation,0.029,0.036,0
48,26179.0,0.7,MORTGAGE,29.3,4,1,0.312,13246.0,36,7.94,other,0.169,0.19,0
45,49254.0,8.9,RENT,24.4,2,0,0.256,27912.0,36,5.58,major_purchase,0.189,0.206,0
36,62673.0,2.8,MORTGAGE,15.9,4,0,0.329,10994.0,48,7.62,home_improvement,0.044,0.051,0
30,63802.0,12.0,OWN,10.7,4,0,0.176,14992.0,24,11.08,credit_card,0.117,0.132,0
29,58532.0,0.5,MORTGAGE,10.7,6,0,0.436,6510.0,36,12.12,home_improvement,0.037,0.044,1
46,69374.0,2.8,MORTGAGE,27.2,6,1,0.501,6853.0,24,6.54,home_improvement,0.049,0.053,0
55,30784.0,2.5,RENT,36.4,5,1,0.171,18673.0,36,8.61,other,0.202,0.23,0
32,59796.0,29.9,RENT,9.9,3,0,0.208,25988.0,36,5.03,debt_consolidation,0.145,0.156,0
46,57347.0,25.4,RENT,23.5,14,1,0.09,13461.0,36,11.17,major_purchase,0.078,0.092,0
18,60830.0,1.3,MORTGAGE,0.0,6,0,0.293,8054.0,60,7.96,credit_card,0.026,0.032,0
33,56172.0,6.0,MORTGAGE,4.6,6,0,0.127,7059.0,36,14.54,other,0.042,0.052,0
40,28664.0,4.6,RENT,15.5,4,0,0.356,17988.0,24,12.22,debt_consolidation,0.314,0.355,0
29,28032.0,1.0,MORTGAGE,8.9,6,0,0.459,12035.0,48,7.98,credit_card,0.107,0.126,0
29,17906.0,1.1,MORTGAGE,9.4,6,0,0.622,3209.0,60,12.07,debt_consolidation,0.036,0.048,0
32,81533.0,27.2,RENT,6.6,6,0,0.346,5300.0,24,9.62,other,0.033,0.036,0
44,81947.0,3.6,MORTGAGE,23.2,11,0,0.296,9265.0,36,7.15,credit_card,0.038,0.042,0
38,82601.0,0.8,OWN,19.0,4,1,0.12,21830.0,48,9.95,credit_card,0.066,0.08,0
18,63158.0,1.5,RENT,0.0,6,1,0.075,11110.0,48,8.97,debt_consolidation,0.044,0.053,0
18,18647.0,1.9,OWN,0.0,3,0,0.254,5830.0,24,7.05,major_purchase,0.156,0.168,0
33,32424.0,4.3,RENT,9.3,1,0,0.326,2727.0,60,9.16,other,0.017,0.021,1
45,58995.0,2.5,OWN,26.0,11,2,0.12,14176.0,12,7.54,debt_consolidation,0.24,0.25,0
18,57975.0,3.6,OWN,0.0,6,0,0.387,7467.0,48,8.98,small_business,0.032,0.038,0
34,48466.0,1.1,MORTGAGE,4.0,4,0,0.185,14727.0,12,9.57,home_improvement,0.304,0.32,1
34,65151.0,2.4,RENT,15.2,2,0,0.144,6468.0,24,8.74,debt_consolidation,0.05,0.054,0
57,54493.0,0.4,MORTGAGE,32.2,5,0,0.461,16684.0,36,12.4,debt_consolidation,0.102,0.123,0
35,57549.0,13.2,MORTGAGE,10.6,6,0,0.2,27916.0,36,5.95,debt_consolidation,0.162,0.177,0
45,39359.0,1.3,RENT,26.9,7,0,0.295,30393.0,24,8.62,credit_card,0.386,0.422,0
42,88522.0,8.5,OWN,20.7,10,2,0.175,7554.0,36,9.32,small_business,0.028,0.033,0
18,43679.0,2.6,RENT,0.0,3,0,0.165,3153.0,48,9.08,debt_consolidation,0.018,0.022,0
49,27852.0,3.9,RENT,27.6,6,1,0.397,8034.0,60,13.41,credit_card,0.058,0.079,0
43,36846.0,2.1,RENT,17.7,5,1,0.653,6962.0,48,8.99,debt_consolidation,0.047,0.056,0
46,45514.0,7.2,RENT,25.9,5,0,0.469,6978.0,48,8.72,debt_consolidation,0.038,0.046,0
75,89054.0,11.2,RENT,55.4,4,0,0.094,8006.0,36,10.87,home_improvement,0.03,0.035,0
18,53043.0,2.0,OWN,0.0,7,0,0.191,17660.0,36,5.25,credit_card,0.111,0.12,1
61,49361.0,1.7,RENT,32.0,8,0,0.187,5109.0,36,8.74,debt_consolidation,0.035,0.039,0
37,29018.0,6.9,MORTGAGE,18.8,5,0,0.67,15708.0,12,6.82,debt_consolidation,0.541,0.562,0
43,80237.0,1.3,RENT,17.3,4,0,0.232,10915.0,36,7.14,debt_consolidation,0.045,0.051,0
39,39106.0,6.1,OWN,20.7,3,0,0.263,12799.0,24,11.09,debt_consolidation,0.164,0.183,0
35,51533.0,0.6,RENT,15.8,3,1,0.367,11405.0,24,9.11,small_business,0.111,0.121,0
33,113561.0,5.8,RENT,10.7,3,1,0.082,12547.0,60,11.49,other,0.022,0.029,0
44,69869.0,4.3,MORTGAGE,21.5,7,1,0.159,33280.0,36,8.97,debt_consolidation,0.159,0.182,0
22,24002.0,0.7,MORTGAGE,0.1,2,0,0.422,8326.0,36,12.93,debt_consolidation,0.116,0.14,1
49,22365.0,6.3,RENT,30.9,6,0,0.399,8886.0,12,7.77,small_business,0.397,0.414,0
35,52462.0,3.5,MORTGAGE,16.6,3,0,0.104,8132.0,48,9.94,debt_consolidation,0.039,0.047,0
26,29544.0,1.5,OWN,0.0,9,1,0.163,21484.0,12,6.8,debt_consolidation,0.727,0.754,0
35,74927.0,2.6,RENT,16.7,8,0,0.373,13627.0,36,9.12,major_purchase,0.061,0.07,0
55,55333.0,4.1,RENT,36.8,4,1,0.232,3596.0,36,8.65,home_improvement,0.022,0.025,0
34,58847.0,0.6,MORTGAGE,10.6,5,0,0.416,9798.0,24,10.91,debt_consolidation,0.083,0.093,0
44,38049.0,19.0,MORTGAGE,22.9,4,1,0.434,14135.0,24,5.5,other,0.186,0.197,0
31,129404.0,6.6,MORTGAGE,11.7,3,0,0.231,4986.0,36,8.82,debt_consolidation,0.013,0.015,0
49,224425.0,0.6,MORTGAGE,30.5,3,1,0.172,29292.0,60,7.22,home_improvement,0.026,0.031,0
48,47132.0,10.4,RENT,23.5,4,0,0.158,13086.0,36,7.33,debt_consolidation,0.093,0.103,0
62,64636.0,2.3,RENT,30.6,11,1,0.388,21171.0,36,9.67,other,0.109,0.126,0
38,56881.0,5.4,MORTGAGE,19.8,6,0,0.311,11963.0,24,10.59,medical,0.105,0.117,0
48,47579.0,1.9,RENT,27.6,3,0,0.778,5491.0,48,6.99,debt_consolidation,0.029,0.033,1
41,35738.0,7.9,RENT,22.1,11,0,0.079,7857.0,60,10.54,major_purchase,0.044,0.057,0
56,31493.0,7.7,RENT,32.6,6,0,0.155,6161.0,24,11.79,other,0.098,0.11,0
31,30706.0,4.8,OWN,11.7,5,0,0.267,3407.0,24,8.49,major_purchase,0.055,0.061,0
49,66345.0,1.7,MORTGAGE,27.2,4,0,0.143,20446.0,60,14.08,debt_consolidation,0.062,0.086,0
38,41780.0,1.8,RENT,17.7,5,1,0.403,36054.0,60,8.24,home_improvement,0.173,0.211,0
39,15000.0,2.9,RENT,18.7,1,0,0.157,26661.0,36,8.37,home_improvement,0.592,0.672,0
41,67672.0,0.9,RENT,17.1,7,0,0.454,10306.0,36,6.41,debt_consolidation,0.051,0.056,0
43,53150.0,2.5,MORTGAGE,23.1,2,1,0.192,11956.0,48,7.73,debt_consolidation,0.056,0.066,0
39,106227.0,6.9,MORTGAGE,15.4,8,1,0.499,16601.0,36,9.83,credit_card,0.052,0.06,0
43,65288.0,10.7,OWN,23.6,4,0,0.168,32031.0,48,11.55,medical,0.123,0.154,0
59,25865.0,2.4,RENT,40.4,9,0,0.355,14755.0,24,8.94,other,0.285,0.313,0
52,17768.0,1.6,RENT,32.2,3,1,0.263,3656.0,36,12.71,debt_consolidation,0.069,0.083,0
50,37808.0,10.7,RENT,29.9,3,0,0.3,9680.0,36,9.59,debt_consolidation,0.085,0.099,0
35,39634.0,13.3,MORTGAGE,15.0,3,1,0.351,4299.0,24,8.13,credit_card,0.054,0.059,0
29,86819.0,3.2,MORTGAGE,6.0,4,1,0.334,26587.0,48,12.07,credit_card,0.077,0.097,0
51,53937.0,0.2,RENT,30.5,3,2,0.239,9623.0,12,12.02,debt_consolidation,0.178,0.19,1
51,95496.0,7.1,OWN,26.4,6,2,0.453,9516.0,24,10.12,credit_card,0.05,0.055,0
58,27934.0,9.2,MORTGAGE,37.8,7,0,0.413,5157.0,48,5.67,home_improvement,0.046,0.052,0
33,87784.0,0.1,RENT,14.2,5,0,0.367,8586.0,36,8.53,debt_consolidation,0.033,0.037,1
37,77691.0,5.4,MORTGAGE,18.6,5,1,0.201,17269.0,12,10.6,debt_consolidation,0.222,0.235,0
20,19749.0,5.3,MORTGAGE,0.0,6,0,0.078,6945.0,36,6.99,major_purchase,0.117,0.13,0
35,104957.0,2.9,MORTGAGE,16.8,4,0,0.228,11534.0,24,9.45,small_business,0.055,0.061,0
52,56768.0,8.3,OWN,33.6,2,0,0.385,8629.0,36,10.08,major_purchase,0.051,0.059,0
34,65908.0,3.4,RENT,15.8,4,0,0.168,7320.0,36,8.71,other,0.037,0.042,0
48,35156.0,6.8,MORTGAGE,28.3,8,0,0.252,9197.0,24,10.65,medical,0.131,0.146,0
38,102501.0,4.4,OWN,17.7,5,0,0.324,7841.0,36,7.76,credit_card,0.025,0.029,0
44,29944.0,1.7,OWN,25.9,8,0,0.089,12305.0,24,6.05,medical,0.205,0.219,0
26,82129.0,5.6,MORTGAGE,5.8,4,0,0.107,6149.0,36,8.2,credit_card,0.025,0.028,1
41,81659.0,8.0,MORTGAGE,21.5,5,1,0.323,16088.0,24,14.18,debt_consolidation,0.099,0.114,0
18,33287.0,21.9,RENT,0.0,4,1,0.262,4485.0,36,11.2,home_improvement,0.045,0.053,0
38,146047.0,2.9,MORTGAGE,14.7,8,0,0.202,5646.0,24,8.49,other,0.019,0.021,0
20,60825.0,0.4,MORTGAGE,0.0,2,2,0.221,10478.0,48,9.46,small_business,0.043,0.052,0
54,75128.0,26.5,OWN,34.1,3,0,0.216,10995.0,48,9.96,home_improvement,0.037,0.045,0
49,25246.0,5.9,MORTGAGE,30.3,3,0,0.346,13081.0,12,8.84,small_business,0.518,0.543,1
46,156196.0,17.6,RENT,22.4,5,0,0.493,16229.0,48,9.11,debt_consolidation,0.026,0.031,0
58,29370.0,0.7,OWN,38.7,4,0,0.331,13373.0,12,9.54,debt_consolidation,0.455,0.479,0
29,90440.0,2.5,RENT,9.7,5,1,0.165,7258.0,12,6.82,major_purchase,0.08,0.083,0
61,32946.0,0.9,RENT,35.6,9,1,0.223,5875.0,60,9.33,credit_card,0.036,0.045,0
51,39756.0,10.8,OWN,21.9,6,1,0.043,10684.0,48,9.04,medical,0.067,0.08,0
37,80368.0,12.7,MORTGAGE,12.1,3,0,0.223,10432.0,36,7.89,debt_consolidation,0.043,0.049,1
54,90561.0,4.2,MORTGAGE,17.0,4,0,0.246,18452.0,12,11.58,credit_card,0.204,0.217,0
27,28692.0,1.2,RENT,2.9,5,0,0.304,15605.0,60,11.56,home_improvement,0.109,0.144,0
30,93455.0,0.8,MORTGAGE,8.3,5,0,0.446,12096.0,36,10.16,debt_consolidation,0.043,0.05,0
33,91353.0,5.3,MORTGAGE,14.0,9,1,0.384,5418.0,60,10.58,credit_card,0.012,0.015,0
34,33895.0,4.2,OWN,6.8,8,0,0.42,12116.0,36,7.9,medical,0.119,0.134,0
27,120490.0,7.1,MORTGAGE,2.7,7,1,0.273,8768.0,12,6.58,debt_consolidation,0.073,0.075,0
55,26149.0,2.2,RENT,36.2,5,1,0.17,15311.0,24,5.81,medical,0.293,0.311,0
37,39641.0,3.1,RENT,17.0,3,0,0.099,8848.0,36,10.28,credit_card,0.074,0.087,0
44,68837.0,0.1,RENT,25.8,3,0,0.044,5744.0,36,10.52,home_improvement,0.028,0.033,0
33,35356.0,5.7,MORTGAGE,5.8,9,0,0.291,6439.0,60,6.32,debt_consolidation,0.036,0.043,0
18,61816.0,3.3,RENT,0.0,7,0,0.206,7746.0,60,11.35,credit_card,0.025,0.033,0
43,61117.0,15.1,RENT,24.2,7,0,0.192,4701.0,60,12.99,medical,0.015,0.021,0
18,49339.0,6.2,MORTGAGE,0.0,5,0,0.241,4045.0,36,9.14,major_purchase,0.027,0.031,0
39,82142.0,3.1,MORTGAGE,9.2,5,0,0.223,21133.0,12,9.28,other,0.257,0.27,0
24,48331.0,1.8,RENT,3.1,6,0,0.25,10614.0,24,8.14,major_purchase,0.11,0.119,0
64,60826.0,14.1,OWN,44.4,5,0,0.332,6859.0,36,7.0,debt_consolidation,0.038,0.042,0
51,96109.0,0.1,RENT,30.9,3,0,0.259,11855.0,24,12.4,medical,0.062,0.07,0
41,80446.0,2.4,MORTGAGE,22.7,4,0,0.247,3331.0,60,10.03,debt_consolidation,0.008,0.011,1
55,80259.0,17.2,RENT,36.8,4,1,0.057,5651.0,60,10.71,debt_consolidation,0.014,0.018,0
30,30498.0,6.4,RENT,9.3,5,1,0.144,4468.0,36,12.87,debt_consolidation,0.049,0.059,0
47,70432.0,4.6,MORTGAGE,26.8,6,0,0.324,5294.0,24,7.78,debt_consolidation,0.038,0.041,0
42,34918.0,1.4,RENT,22.7,1,1,0.285,11034.0,36,9.93,debt_consolidation,0.105,0.122,0
43,28547.0,10.8,MORTGAGE,22.5,5,1,0.203,9021.0,60,12.52,other,0.063,0.085,1
55,52268.0,1.4,OWN,36.8,7,0,0.124,9104.0,48,8.94,home_improvement,0.044,0.052,0
49,34470.0,1.7,OWN,22.4,4,1,0.104,5771.0,48,9.53,debt_consolidation,0.042,0.05,0
43,80443.0,1.3,MORTGAGE,24.0,8,0,0.243,7701.0,36,10.35,major_purchase,0.032,0.037,0
20,81411.0,1.0,MORTGAGE,1.8,4,0,0.405,16094.0,48,8.39,small_business,0.049,0.058,0
28,20925.0,18.4,RENT,9.4,7,1,0.281,7646.0,24,8.93,debt_consolidation,0.183,0.2,0
39,35805.0,5.5,MORTGAGE,20.7,1,0,0.446,14180.0,48,11.09,credit_card,0.099,0.123,0
41,26111.0,6.1,RENT,22.4,4,0,0.182,12092.0,36,4.83,home_improvement,0.154,0.166,0
26,42988.0,18.5,MORTGAGE,6.4,5,1,0.431,7368.0,12,8.8,debt_consolidation,0.171,0.18,1
69,68022.0,1.6,MORTGAGE,47.0,5,0,0.039,7889.0,48,9.22,debt_consolidation,0.029,0.035,0
58,47995.0,0.0,RENT,39.0,6,0,0.398,6711.0,36,12.32,small_business,0.047,0.056,0
47,40341.0,5.5,MORTGAGE,27.3,5,0,0.091,5049.0,24,6.75,major_purchase,0.063,0.067,0
41,103786.0,4.3,MORTGAGE,15.1,2,0,0.406,7763.0,24,9.7,major_purchase,0.037,0.041,0
37,17113.0,3.9,RENT,17.9,5,0,0.212,11114.0,24,8.14,debt_consolidation,0.325,0.353,1
29,100553.0,0.4,OWN,6.2,6,0,0.222,10055.0,48,7.86,major_purchase,0.025,0.029,0
41,41269.0,3.6,MORTGAGE,22.5,6,1,0.241,20877.0,48,7.96,credit_card,0.126,0.148,0
43,52101.0,2.0,RENT,24.4,4,0,0.16,14957.0,48,10.66,debt_consolidation,0.072,0.088,0
25,41619.0,1.9,RENT,5.2,3,0,0.332,9179.0,24,7.75,credit_card,0.11,0.119,0
44,117177.0,1.5,RENT,25.2,4,0,0.154,11601.0,48,10.11,debt_consolidation,0.025,0.03,0
38,29276.0,2.4,OWN,13.0,6,0,0.331,10765.0,36,11.29,debt_consolidation,0.123,0.145,0
18,54495.0,2.6,MORTGAGE,0.0,3,0,0.237,4750.0,24,5.55,debt_consolidation,0.044,0.046,0
30,70525.0,2.2,MORTGAGE,9.3,5,1,0.391,9002.0,60,11.95,debt_consolidation,0.026,0.034,1
35,24209.0,23.1,MORTGAGE,14.2,2,2,0.156,13087.0,48,10.23,home_improvement,0.135,0.165,0
63,34202.0,16.2,MORTGAGE,44.8,7,0,0.07,15883.0,36,7.27,debt_consolidation,0.155,0.173,0
47,50308.0,5.1,MORTGAGE,25.0,4,0,0.352,10886.0,48,13.48,credit_card,0.054,0.07,0
24,34775.0,23.8,MORTGAGE,4.1,6,0,0.453,13409.0,36,8.06,medical,0.129,0.145,0
46,36033.0,28.4,RENT,24.1,7,0,0.298,10610.0,60,8.22,medical,0.059,0.072,0
21,45482.0,2.6,OWN,0.0,2,0,0.282,14907.0,24,8.12,credit_card,0.164,0.178,0
53,74966.0,3.5,MORTGAGE,33.8,2,0,0.262,7507.0,24,6.93,small_business,0.05,0.054,0
34,45645.0,19.2,RENT,14.0,6,0,0.347,3450.0,36,10.5,debt_consolidation,0.025,0.029,0
39,92894.0,5.6,RENT,20.1,4,0,0.024,15096.0,24,8.96,debt_consolidation,0.081,0.089,0
56,32896.0,1.4,MORTGAGE,37.3,6,2,0.1,19200.0,36,10.22,debt_consolidation,0.195,0.227,0
25,28971.0,7.0,RENT,7.0,1,0,0.248,19236.0,24,12.64,major_purchase,0.332,0.377,0
23,141942.0,1.4,RENT,0.0,2,0,0.231,5981.0,24,11.31,home_improvement,0.021,0.024,0
33,38988.0,2.5,MORTGAGE,13.3,7,0,0.166,12670.0,24,10.61,small_business,0.162,0.181,0
52,28129.0,1.5,RENT,34.0,5,0,0.142,2847.0,60,12.59,debt_consolidation,0.02,0.027,0
22,22674.0,1.7,RENT,4.0,6,0,0.112,12232.0,24,6.36,debt_consolidation,0.27,0.288,0
18,92740.0,0.0,OWN,0.0,7,1,0.112,22006.0,24,8.07,credit_card,0.119,0.129,0
35,45677.0,12.8,RENT,17.0,6,0,0.344,16623.0,36,13.68,debt_consolidation,0.121,0.149,0
47,47722.0,2.1,RENT,27.6,4,0,0.637,3807.0,24,7.85,debt_consolidation,0.04,0.043,0
54,50031.0,0.5,OWN,35.8,7,0,0.318,6690.0,24,13.66,debt_consolidation,0.067,0.077,0
34,89902.0,0.5,RENT,15.9,3,2,0.387,17842.0,36,11.74,other,0.066,0.079,1
35,49525.0,4.9,MORTGAGE,13.7,4,1,0.147,4951.0,24,8.77,other,0.05,0.055,0
54,174910.0,29.7,MORTGAGE,28.9,7,0,0.447,25438.0,48,8.67,debt_consolidation,0.036,0.043,0
18,57924.0,0.9,MORTGAGE,0.0,3,0,0.535,17160.0,36,11.53,major_purchase,0.099,0.117,0
35,92124.0,0.6,RENT,11.6,5,0,0.297,28573.0,36,10.95,major_purchase,0.103,0.122,0
42,81034.0,3.5,RENT,23.9,4,1,0.119,18506.0,36,10.6,debt_consolidation,0.076,0.089,0
45,53198.0,5.0,MORTGAGE,22.5,4,0,0.284,13782.0,48,7.57,credit_card,0.065,0.075,0
34,40397.0,2.1,MORTGAGE,15.8,6,1,0.2,13317.0,12,11.11,major_purchase,0.33,0.35,0
40,63958.0,2.2,RENT,16.5,7,0,0.591,30632.0,12,13.67,debt_consolidation,0.479,0.515,0
18,69916.0,3.3,MORTGAGE,0.0,11,0,0.213,4347.0,36,5.86,debt_consolidation,0.021,0.023,0
32,40689.0,2.3,RENT,9.4,5,0,0.101,7570.0,36,10.76,credit_card,0.062,0.073,0
45,58875.0,14.8,MORTGAGE,21.8,8,0,0.626,11736.0,12,7.58,credit_card,0.199,0.208,0
28,100519.0,0.3,OWN,7.5,8,2,0.205,12417.0,36,6.89,debt_consolidation,0.041,0.046,0
41,152508.0,1.6,RENT,22.1,4,0,0.327,6839.0,36,10.76,medical,0.015,0.018,0
45,83049.0,9.9,MORTGAGE,23.9,2,1,0.535,13481.0,36,8.43,credit_card,0.054,0.061,0
36,137500.0,10.8,OWN,16.3,5,0,0.4,27242.0,24,10.51,debt_consolidation,0.099,0.11,1
42,39550.0,0.7,RENT,24.0,5,0,0.028,8677.0,48,8.49,other,0.055,0.065,0
28,76952.0,21.8,MORTGAGE,8.1,3,1,0.361,7834.0,24,9.03,small_business,0.051,0.056,0
38,105795.0,7.1,OWN,16.8,9,0,0.187,17197.0,24,11.31,other,0.081,0.091,0
47,34608.0,1.9,MORTGAGE,29.0,2,1,0.335,26245.0,60,8.62,debt_consolidation,0.152,0.187,0
42,42498.0,3.7,MORTGAGE,21.1,9,0,0.309,2771.0,24,5.57,debt_consolidation,0.033,0.035,0
33,129179.0,2.1,OWN,11.8,5,1,0.129,5414.0,60,7.76,other,0.008,0.01,0
43,33271.0,1.0,OWN,24.5,2,1,0.069,6522.0,24,9.2,major_purchase,0.098,0.108,0
49,27707.0,2.1,OWN,29.3,12,0,0.133,8580.0,36,10.21,credit_card,0.103,0.12,0
18,116307.0,5.2,MORTGAGE,0.0,7,0,0.292,18344.0,48,8.44,major_purchase,0.039,0.047,0
54,98556.0,10.5,MORTGAGE,29.5,3,0,0.152,22858.0,24,9.25,credit_card,0.116,0.127,0
36,67242.0,2.7,MORTGAGE,16.4,4,0,0.15,2432.0,36,9.15,home_improvement,0.012,0.014,0
45,52952.0,2.6,RENT,25.7,0,0,0.347,21123.0,60,10.91,major_purchase,0.08,0.104,0
54,43510.0,3.8,RENT,35.6,2,0,0.186,9828.0,48,8.5,home_improvement,0.056,0.067,0
24,62378.0,6.2,RENT,5.9,7,0,0.509,7749.0,60,10.73,other,0.025,0.032,0
31,119360.0,8.4,MORTGAGE,11.9,3,0,0.502,8170.0,36,9.83,debt_consolidation,0.023,0.026,0
37,61040.0,2.4,MORTGAGE,10.5,6,1,0.26,18089.0,48,9.22,home_improvement,0.074,0.089,0
31,160088.0,5.3,RENT,3.4,5,1,0.328,14381.0,60,9.43,debt_consolidation,0.018,0.023,0
61,34580.0,3.0,MORTGAGE,38.0,4,0,0.183,23502.0,12,9.51,debt_consolidation,0.68,0.715,0
30,53646.0,7.6,OWN,10.7,3,1,0.25,2705.0,36,10.99,debt_consolidation,0.017,0.02,0
33,44957.0,1.1,RENT,14.5,5,0,0.28,4856.0,60,6.78,credit_card,0.022,0.026,0
42,31490.0,1.8,RENT,21.3,3,0,0.056,16600.0,48,8.51,medical,0.132,0.156,0
26,50184.0,3.3,RENT,4.9,6,0,0.379,5777.0,12,6.09,home_improvement,0.115,0.119,0
35,66747.0,13.2,MORTGAGE,15.3,3,0,0.409,16114.0,48,6.86,debt_consolidation,0.06,0.069,0
44,70412.0,5.1,MORTGAGE,22.5,2,2,0.4,6813.0,12,8.54,small_business,0.097,0.101,0
36,160368.0,20.2,MORTGAGE,13.9,1,0,0.231,16204.0,24,9.68,major_purchase,0.051,0.056,0
39,68339.0,0.7,OWN,16.4,4,0,0.55,21306.0,36,7.37,debt_consolidation,0.104,0.116,0
34,96285.0,3.7,MORTGAGE,13.9,3,2,0.395,7016.0,24,10.22,credit_card,0.036,0.04,0
22,55997.0,3.3,RENT,0.0,4,1,0.241,13862.0,12,8.81,debt_consolidation,0.248,0.26,0
44,125370.0,5.5,MORTGAGE,25.9,3,1,0.321,28215.0,36,9.7,credit_card,0.075,0.087,0
61,179732.0,10.0,MORTGAGE,39.6,6,1,0.509,4820.0,48,8.08,major_purchase,0.007,0.008,0
40,70653.0,11.1,MORTGAGE,21.2,4,0,0.447,13903.0,36,10.3,small_business,0.066,0.077,0
43,32980.0,6.7,OWN,24.1,6,0,0.27,18787.0,36,11.46,small_business,0.19,0.225,0
48,41175.0,6.2,RENT,29.7,5,1,0.158,8709.0,36,11.58,credit_card,0.071,0.084,0
25,62378.0,17.9,RENT,6.4,4,0,0.103,29147.0,12,8.67,debt_consolidation,0.467,0.489,1
60,68067.0,2.9,RENT,27.5,6,1,0.227,3852.0,60,13.56,other,0.011,0.016,0
42,76819.0,10.7,MORTGAGE,22.4,8,1,0.262,5978.0,36,8.88,small_business,0.026,0.03,0
60,68193.0,15.3,MORTGAGE,34.1,4,1,0.069,3037.0,60,10.44,credit_card,0.009,0.011,0
31,54366.0,4.1,RENT,12.5,7,0,0.219,12199.0,60,11.53,home_improvement,0.045,0.059,0
62,39415.0,7.8,OWN,43.3,7,0,0.624,11087.0,48,11.44,major_purchase,0.07,0.088,0
49,66209.0,2.8,MORTGAGE,28.6,3,0,0.667,11017.0,24,11.71,major_purchase,0.083,0.094,0
47,136967.0,1.0,MORTGAGE,27.7,8,1,0.088,10562.0,36,11.61,other,0.026,0.031,0
43,90216.0,5.3,RENT,21.9,4,0,0.154,9885.0,60,8.55,debt_consolidation,0.022,0.027,0
37,70781.0,1.3,MORTGAGE,17.4,3,0,0.214,15150.0,48,8.72,debt_consolidation,0.054,0.064,0
54,90652.0,3.7,MORTGAGE,31.0,6,0,0.471,9692.0,60,8.81,major_purchase,0.021,0.027,0
42,45002.0,12.4,RENT,22.3,6,0,0.251,80754.0,12,9.99,home_improvement,1.794,1.893,1
18,42019.0,0.5,RENT,0.0,6,0,0.503,5768.0,48,4.27,other,0.034,0.037,1
27,37276.0,0.2,RENT,7.8,4,2,0.119,7149.0,36,13.35,credit_card,0.064,0.078,1
38,50887.0,5.6,OWN,16.3,6,1,0.133,14854.0,60,10.77,debt_consolidation,0.058,0.076,0
44,43870.0,2.4,OWN,22.8,7,0,0.377,8193.0,36,8.73,debt_consolidation,0.062,0.071,0
39,99125.0,3.2,RENT,19.5,4,0,0.638,13552.0,36,7.36,credit_card,0.046,0.051,0
55,42716.0,3.1,MORTGAGE,36.0,4,0,0.527,51159.0,48,8.05,small_business,0.299,0.351,0
18,36266.0,0.5,RENT,0.0,6,0,0.297,12667.0,24,7.43,debt_consolidation,0.175,0.188,0
42,143099.0,0.0,OWN,15.4,8,0,0.259,5784.0,60,9.49,medical,0.008,0.01,0
18,43231.0,13.7,OWN,0.0,5,1,0.236,15437.0,36,5.91,major_purchase,0.119,0.13,0
49,58499.0,1.5,MORTGAGE,26.2,3,0,0.231,12861.0,36,13.85,debt_consolidation,0.073,0.09,0
39,67891.0,3.3,OWN,18.7,2,0,0.353,18900.0,48,9.08,home_improvement,0.07,0.083,0
45,30689.0,21.4,MORTGAGE,24.8,1,0,0.093,4185.0,60,10.08,credit_card,0.027,0.035,0
30,100483.0,10.5,RENT,2.2,7,0,0.099,6439.0,24,6.9,debt_consolidation,0.032,0.034,0
55,74500.0,0.7,MORTGAGE,34.2,7,1,0.32,6649.0,24,10.98,home_improvement,0.045,0.05,0
53,118089.0,4.3,OWN,29.7,7,0,0.391,19244.0,12,9.35,debt_consolidation,0.163,0.171,0
47,38576.0,7.9,MORTGAGE,26.8,3,1,0.549,7329.0,36,7.12,debt_consolidation,0.063,0.071,0
38,56929.0,7.2,MORTGAGE,19.1,4,0,0.204,21374.0,12,10.24,home_improvement,0.375,0.397,0
47,55253.0,8.6,RENT,25.4,5,1,0.269,8918.0,48,8.89,debt_consolidation,0.04,0.048,0
32,61818.0,3.7,MORTGAGE,6.3,6,1,0.419,9973.0,12,7.93,home_improvement,0.161,0.168,0
50,26178.0,1.2,MORTGAGE,26.5,8,0,0.516,21558.0,48,7.98,credit_card,0.206,0.241,0
60,57263.0,3.8,RENT,41.3,10,0,0.714,1920.0,48,8.24,home_improvement,0.008,0.01,0
53,26550.0,6.3,RENT,33.9,5,0,0.372,21655.0,36,8.26,debt_consolidation,0.272,0.308,0
31,64807.0,5.6,MORTGAGE,10.8,5,1,0.225,15096.0,48,9.8,credit_card,0.058,0.071,0
44,18689.0,0.4,MORTGAGE,23.5,5,0,0.442,6249.0,36,5.16,debt_consolidation,0.111,0.121,0
24,21466.0,0.4,RENT,5.4,4,0,0.101,13697.0,24,8.08,home_improvement,0.319,0.347,0
47,81575.0,20.2,RENT,28.2,3,0,0.05,16799.0,24,10.2,major_purchase,0.103,0.114,0
45,41216.0,1.0,RENT,22.7,7,0,0.766,11710.0,48,6.78,credit_card,0.071,0.081,0
18,33060.0,2.1,MORTGAGE,0.0,6,0,0.366,15925.0,60,8.81,credit_card,0.096,0.119,0
26,102275.0,8.8,MORTGAGE,2.5,2,1,0.332,13331.0,36,11.81,debt_consolidation,0.043,0.052,0
37,63819.0,3.2,MORTGAGE,10.9,1,1,0.233,11527.0,36,6.32,small_business,0.06,0.066,0
36,83788.0,1.2,RENT,16.9,4,0,0.291,12467.0,36,7.4,debt_consolidation,0.05,0.055,0
25,49855.0,3.8,RENT,1.1,11,0,0.279,11308.0,24,11.13,debt_consolidation,0.113,0.127,0
45,206863.0,5.0,MORTGAGE,23.7,3,1,0.37,9216.0,12,11.64,small_business,0.045,0.047,0
43,40044.0,3.6,RENT,15.5,2,0,0.233,39588.0,36,10.53,other,0.33,0.386,0
38,129605.0,15.1,MORTGAGE,19.0,4,0,0.186,1908.0,36,8.39,debt_consolidation,0.005,0.006,1
31,52539.0,2.0,MORTGAGE,12.1,4,0,0.176,11420.0,36,9.41,credit_card,0.072,0.083,0
53,23688.0,6.5,RENT,31.3,9,0,0.016,13367.0,24,8.1,debt_consolidation,0.282,0.307,0
60,68970.0,0.7,RENT,34.1,3,0,0.205,20004.0,48,9.64,other,0.073,0.088,1
34,63410.0,3.0,MORTGAGE,10.8,2,0,0.188,9455.0,36,11.53,home_improvement,0.05,0.059,0
33,32027.0,8.1,MORTGAGE,11.1,6,0,0.331,12984.0,36,10.43,small_business,0.135,0.158,0
46,34163.0,1.5,MORTGAGE,26.5,5,1,0.703,15153.0,48,8.95,credit_card,0.111,0.132,0
36,53511.0,5.3,RENT,14.2,6,0,0.079,12858.0,36,11.04,major_purchase,0.08,0.094,0
38,64529.0,1.0,OWN,15.2,4,1,0.181,7940.0,24,8.66,credit_card,0.062,0.067,0
49,15751.0,0.7,RENT,26.8,1,0,0.11,6574.0,60,11.28,credit_card,0.083,0.11,0
18,91726.0,4.4,MORTGAGE,0.0,3,0,0.273,4346.0,36,8.87,home_improvement,0.016,0.018,0
56,42309.0,6.7,RENT,37.9,5,1,0.265,9208.0,36,6.04,major_purchase,0.073,0.079,0
41,27837.0,0.7,RENT,19.8,7,0,0.193,14216.0,60,9.82,medical,0.102,0.13,0
35,86728.0,15.0,MORTGAGE,15.0,9,1,0.159,21904.0,48,9.37,major_purchase,0.063,0.076,0
39,53540.0,1.5,RENT,11.2,2,0,0.335,15608.0,24,12.71,medical,0.146,0.166,0
40,99517.0,0.8,OWN,19.2,5,1,0.374,5630.0,24,12.57,debt_consolidation,0.028,0.032,0
19,67439.0,1.4,MORTGAGE,0.0,4,0,0.316,12210.0,24,10.57,debt_consolidation,0.091,0.101,0
58,54135.0,1.1,RENT,24.6,3,0,0.117,11778.0,36,7.44,debt_consolidation,0.073,0.081,0
40,50193.0,0.6,RENT,21.7,4,0,0.396,7064.0,36,9.27,debt_consolidation,0.047,0.054,0
45,68965.0,9.6,MORTGAGE,26.0,7,0,0.382,8735.0,36,5.82,home_improvement,0.042,0.046,0
51,44057.0,4.1,RENT,29.8,5,1,0.315,13260.0,36,9.2,credit_card,0.1,0.115,1
28,35373.0,3.0,MORTGAGE,8.9,3,1,0.527,11083.0,24,6.17,home_improvement,0.157,0.167,1
46,73494.0,18.1,MORTGAGE,26.7,6,1,0.156,22985.0,36,11.45,credit_card,0.104,0.124,0
37,50400.0,2.8,MORTGAGE,12.3,2,1,0.123,10164.0,48,10.07,home_improvement,0.05,0.061,1
50,55093.0,1.1,MORTGAGE,29.4,6,0,0.396,6826.0,36,9.63,credit_card,0.041,0.048,0
18,93404.0,1.9,RENT,0.0,4,0,0.425,7574.0,36,11.86,debt_consolidation,0.027,0.032,0
39,51178.0,1.6,OWN,19.9,4,0,0.207,5263.0,12,9.86,major_purchase,0.103,0.108,0
33,54585.0,4.1,MORTGAGE,14.8,6,0,0.438,6575.0,48,9.35,major_purchase,0.03,0.036,0
45,40142.0,2.1,MORTGAGE,24.6,2,0,0.743,15648.0,36,6.5,other,0.13,0.143,0
46,67196.0,4.4,RENT,27.4,4,1,0.263,7632.0,48,11.02,debt_consolidation,0.028,0.035,0
32,64532.0,6.6,OWN,8.2,1,1,0.256,4132.0,36,9.5,small_business,0.021,0.025,0
31,84998.0,9.0,MORTGAGE,10.4,7,0,0.149,16358.0,36,10.83,debt_consolidation,0.064,0.075,0
39,40556.0,7.4,RENT,20.8,4,0,0.478,7287.0,24,7.75,debt_consolidation,0.09,0.097,0
29,43092.0,1.4,RENT,9.9,6,0,0.21,17378.0,36,7.48,home_improvement,0.134,0.15,0
50,80505.0,0.7,RENT,29.1,3,0,0.432,16312.0,36,10.43,debt_consolidation,0.068,0.079,0
36,61458.0,4.7,MORTGAGE,16.8,11,0,0.204,7430.0,24,10.75,debt_consolidation,0.06,0.067,0
18,34437.0,1.3,RENT,0.0,4,0,0.399,8105.0,60,12.14,medical,0.047,0.063,0
36,104118.0,0.5,OWN,10.8,7,2,0.106,14519.0,36,7.45,home_improvement,0.046,0.052,0
28,23174.0,4.5,RENT,8.7,11,0,0.401,20608.0,48,10.28,small_business,0.222,0.272,0
20,80189.0,2.4,RENT,0.8,2,0,0.243,4948.0,48,9.68,credit_card,0.015,0.019,0
25,28779.0,8.5,RENT,1.9,3,0,0.397,22827.0,48,7.42,major_purchase,0.198,0.23,0
41,139092.0,2.3,RENT,21.8,2,1,0.148,17876.0,48,7.53,debt_consolidation,0.032,0.037,0
56,25027.0,23.1,RENT,37.8,3,0,0.225,10912.0,36,10.16,debt_consolidation,0.145,0.169,0
44,96387.0,8.5,RENT,25.4,7,1,0.199,21409.0,36,10.62,debt_consolidation,0.074,0.087,0
33,52010.0,0.4,MORTGAGE,6.1,4,1,0.562,19547.0,60,8.32,other,0.075,0.092,0
45,45103.0,4.3,OWN,18.9,5,0,0.483,7243.0,24,8.05,home_improvement,0.08,0.087,0
34,59439.0,5.0,RENT,15.2,5,0,0.36,8271.0,48,6.38,debt_consolidation,0.035,0.04,0
32,74306.0,7.1,MORTGAGE,11.6,5,0,0.164,4911.0,48,15.11,debt_consolidation,0.017,0.022,0
26,34468.0,4.1,MORTGAGE,7.6,5,0,0.112,12656.0,24,7.94,home_improvement,0.184,0.199,0
19,36030.0,4.0,RENT,0.0,7,0,0.336,6326.0,36,7.08,home_improvement,0.059,0.065,0
35,74967.0,2.8,RENT,16.4,6,0,0.158,5316.0,24,10.53,small_business,0.035,0.039,0
42,23071.0,1.9,OWN,23.8,3,1,0.156,15079.0,36,8.63,small_business,0.218,0.248,1
39,40453.0,17.5,MORTGAGE,15.8,7,0,0.384,20498.0,36,8.77,debt_consolidation,0.169,0.193,0
35,247792.0,2.3,MORTGAGE,15.8,6,0,0.224,12393.0,24,7.43,debt_consolidation,0.025,0.027,0
29,33389.0,0.4,RENT,10.7,5,0,0.332,4871.0,36,10.08,credit_card,0.049,0.057,0
47,96173.0,1.1,RENT,23.6,2,0,0.14,4772.0,12,7.07,medical,0.05,0.052,0
24,40418.0,11.7,RENT,1.7,6,1,0.287,10851.0,60,6.79,debt_consolidation,0.054,0.063,0
49,69879.0,5.3,RENT,27.5,6,0,0.677,16963.0,60,8.44,small_business,0.049,0.06,1
28,75145.0,9.1,RENT,2.7,3,3,0.4,20206.0,60,8.35,debt_consolidation,0.054,0.066,0
31,95271.0,9.9,OWN,11.0,11,1,0.41,10901.0,36,10.49,small_business,0.038,0.045,0
22,49015.0,10.4,MORTGAGE,3.6,5,1,0.146,7544.0,60,6.38,debt_consolidation,0.031,0.036,0
34,146450.0,4.8,RENT,15.8,6,1,0.251,19202.0,36,10.91,other,0.044,0.051,0
52,40349.0,1.2,MORTGAGE,32.8,7,0,0.725,13759.0,60,10.93,home_improvement,0.068,0.089,0
46,60907.0,1.0,MORTGAGE,27.7,5,2,0.505,5146.0,36,11.23,home_improvement,0.028,0.033,0
52,61245.0,5.1,OWN,31.7,5,0,0.157,25650.0,60,6.76,other,0.084,0.099,0
46,30916.0,2.7,MORTGAGE,28.0,5,0,0.289,10918.0,60,7.12,major_purchase,0.071,0.084,0
27,46961.0,4.9,RENT,7.2,5,1,0.428,12900.0,60,10.23,credit_card,0.055,0.07,1
36,58733.0,4.1,MORTGAGE,17.4,4,2,0.023,15812.0,36,13.64,other,0.09,0.11,0
31,43649.0,5.5,OWN,11.6,7,0,0.395,14995.0,48,9.09,small_business,0.086,0.103,0
56,183590.0,0.2,MORTGAGE,34.6,3,1,0.355,6549.0,24,9.94,medical,0.018,0.02,1
26,35621.0,0.2,RENT,6.7,4,1,0.376,2704.0,48,7.04,credit_card,0.019,0.022,0
51,97705.0,7.7,MORTGAGE,31.7,3,1,0.342,11736.0,36,9.47,debt_consolidation,0.04,0.046,0
51,83136.0,1.3,MORTGAGE,19.0,2,2,0.465,17350.0,36,8.85,credit_card,0.07,0.079,0
62,53802.0,6.3,MORTGAGE,40.2,4,0,0.102,19756.0,60,10.29,home_improvement,0.073,0.094,0
35,35151.0,4.7,MORTGAGE,14.8,3,0,0.202,13030.0,24,10.7,debt_consolidation,0.185,0.207,0
49,36897.0,24.0,RENT,28.4,7,0,0.036,7821.0,60,9.92,credit_card,0.042,0.054,0
67,41815.0,10.8,OWN,46.1,2,0,0.256,4935.0,24,8.03,debt_consolidation,0.059,0.064,0
33,22184.0,3.2,MORTGAGE,14.9,4,0,0.385,9525.0,48,7.08,credit_card,0.107,0.124,0
22,32803.0,5.7,MORTGAGE,3.7,6,0,0.208,6280.0,60,11.07,major_purchase,0.038,0.05,0
18,25816.0,0.7,RENT,0.0,4,0,0.074,13578.0,36,10.13,small_business,0.175,0.204,0
49,106185.0,2.9,RENT,29.6,7,1,0.274,14763.0,48,11.36,other,0.035,0.043,0
18,73809.0,7.9,OWN,0.0,6,2,0.223,4608.0,60,8.53,home_improvement,0.012,0.015,1
36,80257.0,5.8,RENT,16.9,5,0,0.179,25435.0,60,6.08,small_business,0.063,0.074,0
45,72723.0,4.0,RENT,26.6,2,0,0.14,4493.0,36,4.22,debt_consolidation,0.021,0.022,0
42,58893.0,1.2,RENT,16.6,7,1,0.489,7400.0,48,5.91,debt_consolidation,0.031,0.035,0
45,112459.0,9.8,RENT,26.3,7,0,0.116,13811.0,60,7.36,credit_card,0.025,0.029,0
43,39919.0,1.9,MORTGAGE,24.5,6,0,0.14,30381.0,12,8.63,credit_card,0.761,0.797,0
55,57144.0,10.3,RENT,34.0,5,0,0.311,11463.0,36,8.25,major_purchase,0.067,0.076,0
29,78710.0,5.7,OWN,8.8,4,0,0.228,37370.0,36,9.5,credit_card,0.158,0.183,0
32,27984.0,2.8,RENT,11.4,8,0,0.336,9071.0,36,5.96,debt_consolidation,0.108,0.118,0
31,254815.0,0.2,MORTGAGE,11.3,7,1,0.198,6079.0,60,10.85,credit_card,0.005,0.006,0
50,54956.0,1.6,RENT,30.1,8,0,0.307,20924.0,24,12.02,credit_card,0.19,0.215,0
51,58162.0,13.2,RENT,28.5,2,0,0.601,18023.0,48,9.38,home_improvement,0.077,0.093,0
45,101563.0,10.2,MORTGAGE,26.3,7,0,0.061,13953.0,36,8.17,home_improvement,0.046,0.052,0
54,85603.0,5.1,MORTGAGE,34.5,3,0,0.176,6144.0,36,8.85,major_purchase,0.024,0.027,0
26,55218.0,3.8,MORTGAGE,0.0,3,2,0.086,58923.0,48,12.05,debt_consolidation,0.267,0.338,0
60,57819.0,6.3,RENT,41.4,11,0,0.053,11282.0,48,10.96,home_improvement,0.049,0.06,0
58,25538.0,3.8,MORTGAGE,39.0,9,0,0.138,8418.0,48,10.73,other,0.082,0.102,0
49,41018.0,6.2,RENT,30.4,4,0,0.369,12569.0,12,8.58,major_purchase,0.306,0.321,0
61,70165.0,2.2,MORTGAGE,42.9,4,0,0.33,13940.0,60,8.78,small_business,0.04,0.049,0
20,67639.0,10.9,OWN,1.1,3,0,0.441,18242.0,48,7.27,debt_consolidation,0.067,0.078,0
34,99766.0,7.3,RENT,15.9,7,0,0.408,13229.0,24,6.81,debt_consolidation,0.066,0.071,0
31,51009.0,2.4,MORTGAGE,12.5,5,0,0.309,13496.0,36,9.33,credit_card,0.088,0.101,0
49,27075.0,10.7,MORTGAGE,29.6,6,1,0.401,4456.0,60,7.31,other,0.033,0.039,0
27,91892.0,4.0,RENT,8.9,5,1,0.128,5953.0,24,5.66,debt_consolidation,0.032,0.034,0
49,111084.0,1.2,MORTGAGE,26.8,9,0,0.313,11819.0,36,10.48,other,0.035,0.041,0
56,84891.0,0.5,OWN,33.2,10,0,0.36,21074.0,12,7.97,debt_consolidation,0.248,0.259,0
48,49920.0,7.2,MORTGAGE,28.4,5,0,0.148,9375.0,36,9.95,home_improvement,0.063,0.073,1
43,91326.0,12.0,RENT,12.5,6,0,0.199,11220.0,36,9.19,debt_consolidation,0.041,0.047,0
28,300877.0,9.9,RENT,6.6,3,1,0.57,11234.0,48,6.26,debt_consolidation,0.009,0.011,0
30,57387.0,6.4,MORTGAGE,7.9,8,0,0.512,9409.0,12,7.08,debt_consolidation,0.164,0.17,0
55,28117.0,0.9,MORTGAGE,36.4,3,1,0.142,8085.0,36,9.62,credit_card,0.096,0.111,0
49,40411.0,0.6,RENT,25.5,3,1,0.283,6334.0,24,4.53,credit_card,0.078,0.082,0
40,74068.0,2.5,RENT,13.3,2,1,0.32,5505.0,36,7.68,credit_card,0.025,0.028,0
35,24285.0,11.6,RENT,16.2,2,0,0.311,32395.0,12,7.82,debt_consolidation,1.334,1.391,1
18,58965.0,19.6,MORTGAGE,0.0,4,0,0.022,5457.0,36,10.41,debt_consolidation,0.031,0.036,1
27,65524.0,1.7,MORTGAGE,4.9,2,0,0.107,14309.0,48,8.84,small_business,0.055,0.065,0
63,116723.0,8.6,RENT,43.9,7,0,0.656,11302.0,24,14.18,debt_consolidation,0.048,0.056,0
25,104307.0,5.1,MORTGAGE,5.1,9,0,0.451,10660.0,36,10.07,debt_consolidation,0.034,0.04,0
42,83474.0,0.2,RENT,23.7,1,0,0.288,18912.0,36,8.07,debt_consolidation,0.076,0.085,0
52,18373.0,4.7,RENT,33.4,8,0,0.52,9894.0,36,8.73,medical,0.18,0.205,0
25,85865.0,9.8,MORTGAGE,6.8,5,0,0.158,11236.0,36,5.11,debt_consolidation,0.044,0.047,0
42,77092.0,1.9,OWN,21.5,4,0,0.088,6928.0,24,8.54,home_improvement,0.045,0.049,0
51,61573.0,13.7,RENT,30.1,5,0,0.129,2210.0,24,6.87,credit_card,0.018,0.019,0
40,22809.0,1.6,MORTGAGE,14.6,3,1,0.004,27723.0,24,7.32,major_purchase,0.608,0.655,1
74,36740.0,0.5,MORTGAGE,53.7,1,1,0.39,12692.0,60,8.18,credit_card,0.069,0.084,0
20,30230.0,1.0,RENT,1.1,3,0,0.192,29647.0,60,12.2,home_improvement,0.196,0.263,1
53,19781.0,10.9,MORTGAGE,34.8,5,0,0.322,7452.0,12,11.36,medical,0.377,0.4,0
38,54097.0,3.2,RENT,13.5,5,1,0.182,9227.0,24,7.48,credit_card,0.085,0.092,0
49,36355.0,9.6,MORTGAGE,29.0,3,0,0.121,12076.0,48,5.04,debt_consolidation,0.083,0.092,0
45,201320.0,4.5,RENT,23.0,7,1,0.064,6810.0,24,8.3,small_business,0.017,0.018,0
31,49792.0,3.9,RENT,13.0,8,0,0.278,9134.0,36,6.08,other,0.061,0.067,0
43,103453.0,9.9,RENT,23.0,7,0,0.617,20488.0,12,8.06,small_business,0.198,0.207,1
18,24722.0,3.3,RENT,0.0,8,1,0.548,46649.0,12,7.79,other,1.887,1.967,1
47,41563.0,9.7,RENT,28.9,4,0,0.037,17890.0,36,10.87,home_improvement,0.143,0.169,0
44,56866.0,0.6,MORTGAGE,21.5,6,1,0.145,7671.0,48,10.6,debt_consolidation,0.034,0.042,0
48,34404.0,6.1,RENT,27.8,4,0,0.053,9750.0,24,8.45,debt_consolidation,0.142,0.154,0
53,43866.0,7.3,MORTGAGE,33.8,6,0,0.027,16716.0,36,9.3,debt_consolidation,0.127,0.146,0
44,48583.0,13.8,MORTGAGE,21.1,6,0,0.156,17133.0,48,9.69,debt_consolidation,0.088,0.107,0
42,48197.0,1.5,MORTGAGE,22.2,5,2,0.107,7308.0,60,7.29,debt_consolidation,0.03,0.036,1
29,136976.0,5.6,OWN,11.0,2,0,0.052,6474.0,60,4.34,debt_consolidation,0.009,0.011,0
31,65455.0,3.4,MORTGAGE,4.3,4,0,0.172,22713.0,36,10.9,credit_card,0.116,0.136,0
54,68855.0,2.9,MORTGAGE,35.1,5,1,0.058,6737.0,24,10.39,major_purchase,0.049,0.054,0
57,70957.0,0.7,MORTGAGE,33.7,7,0,0.193,11777.0,36,9.6,debt_consolidation,0.055,0.064,0
37,73594.0,0.9,RENT,13.9,3,1,0.476,22423.0,24,10.54,credit_card,0.152,0.17,1
41,51977.0,10.9,MORTGAGE,22.5,7,1,0.326,19861.0,36,7.44,debt_consolidation,0.127,0.143,0
29,46149.0,8.3,RENT,9.1,3,1,0.358,15708.0,36,7.71,home_improvement,0.113,0.127,0
54,58889.0,2.9,RENT,35.9,8,1,0.198,7591.0,12,6.5,major_purchase,0.129,0.133,0
48,96607.0,10.6,MORTGAGE,28.7,4,0,0.529,13432.0,36,9.89,home_improvement,0.046,0.054,0
63,95141.0,0.5,OWN,41.1,5,0,0.457,15452.0,36,9.42,medical,0.054,0.062,0
29,48041.0,5.9,MORTGAGE,10.2,9,1,0.393,10614.0,12,8.9,medical,0.221,0.232,0
35,79533.0,12.2,RENT,16.6,4,0,0.176,10822.0,24,9.12,credit_card,0.068,0.075,0
43,49154.0,11.0,RENT,22.9,6,0,0.288,10018.0,36,6.61,credit_card,0.068,0.075,1
48,55102.0,2.8,MORTGAGE,27.7,4,0,0.257,15159.0,24,7.41,debt_consolidation,0.138,0.148,0
37,42755.0,8.2,RENT,15.6,4,0,0.701,5214.0,48,7.17,home_improvement,0.03,0.035,0
30,49473.0,3.3,RENT,7.7,2,0,0.258,17151.0,24,10.82,debt_consolidation,0.173,0.194,1
51,105944.0,11.0,MORTGAGE,29.4,9,1,0.594,13290.0,24,6.46,major_purchase,0.063,0.067,0
49,56739.0,4.5,MORTGAGE,25.4,2,0,0.227,9349.0,36,9.05,debt_consolidation,0.055,0.063,0
29,57968.0,8.7,RENT,10.2,7,0,0.315,14702.0,48,10.83,small_business,0.063,0.078,0
56,26275.0,0.5,RENT,35.5,7,0,0.031,6570.0,36,8.19,major_purchase,0.083,0.094,0
54,46415.0,5.3,RENT,34.7,5,0,0.101,4507.0,48,11.29,debt_consolidation,0.024,0.03,0
42,48019.0,4.8,MORTGAGE,14.2,7,0,0.534,5280.0,36,8.07,other,0.037,0.041,0
41,35790.0,5.6,RENT,21.3,4,0,0.127,17816.0,36,11.67,debt_consolidation,0.166,0.197,0
47,54766.0,7.1,MORTGAGE,19.4,5,0,0.094,19588.0,48,9.34,medical,0.089,0.108,0
30,43713.0,15.0,MORTGAGE,7.6,3,1,0.097,6259.0,36,9.77,small_business,0.048,0.055,0
40,56387.0,9.2,MORTGAGE,18.2,3,0,0.582,8770.0,36,8.05,debt_consolidation,0.052,0.059,0
18,57570.0,1.5,MORTGAGE,0.0,3,0,0.456,25307.0,36,8.07,home_improvement,0.147,0.165,1
51,33595.0,10.5,RENT,31.2,7,0,0.36,4971.0,60,8.35,other,0.03,0.036,0
21,44385.0,0.8,MORTGAGE,0.8,6,0,0.229,7581.0,24,9.65,debt_consolidation,0.085,0.094,0
58,56313.0,5.8,OWN,39.0,6,0,0.224,38277.0,12,8.08,debt_consolidation,0.68,0.71,0
36,97944.0,12.9,RENT,11.0,5,0,0.558,12353.0,36,8.3,debt_consolidation,0.042,0.048,0
37,61596.0,0.6,RENT,14.3,7,1,0.128,8686.0,24,6.56,home_improvement,0.071,0.075,0
32,38911.0,11.4,RENT,9.2,7,1,0.317,4291.0,60,9.29,home_improvement,0.022,0.028,1
37,66138.0,9.6,RENT,17.3,6,0,0.381,6910.0,48,9.14,major_purchase,0.026,0.031,0
57,127233.0,4.2,OWN,38.8,4,1,0.342,27962.0,24,11.69,debt_consolidation,0.11,0.124,0
18,85678.0,2.2,OWN,0.0,5,0,0.132,12876.0,36,11.63,debt_consolidation,0.05,0.06,0
55,71237.0,3.1,MORTGAGE,35.6,6,1,0.348,14123.0,24,10.47,major_purchase,0.099,0.11,0
44,77870.0,20.8,MORTGAGE,19.9,2,1,0.466,14078.0,60,6.57,credit_card,0.036,0.043,0
26,111299.0,1.4,RENT,3.5,5,0,0.121,11317.0,36,7.93,debt_consolidation,0.034,0.038,0
27,92764.0,5.2,MORTGAGE,8.5,4,0,0.15,16944.0,60,8.09,debt_consolidation,0.037,0.045,0
60,71925.0,0.5,RENT,39.2,7,2,0.391,31912.0,36,11.07,debt_consolidation,0.148,0.174,0
29,92441.0,1.5,MORTGAGE,7.5,4,1,0.294,7946.0,12,11.33,debt_consolidation,0.086,0.091,0
26,31545.0,8.6,RENT,5.5,6,0,0.072,20547.0,36,9.35,small_business,0.217,0.25,1
54,25562.0,2.2,RENT,33.8,5,1,0.27,21655.0,48,6.11,debt_consolidation,0.212,0.239,0
44,58603.0,25.5,RENT,25.2,7,0,0.324,12354.0,36,11.45,debt_consolidation,0.07,0.083,0
29,56069.0,4.2,RENT,10.2,3,0,0.268,18981.0,48,6.09,credit_card,0.085,0.096,0
43,41276.0,4.4,MORTGAGE,20.6,1,0,0.472,17535.0,48,8.2,credit_card,0.106,0.125,0
28,81873.0,0.2,OWN,9.9,3,0,0.05,7019.0,36,10.59,major_purchase,0.029,0.033,0
53,21345.0,18.8,OWN,30.5,4,0,0.333,27992.0,24,11.39,home_improvement,0.656,0.736,0
53,41465.0,1.1,OWN,32.8,4,2,0.076,20299.0,36,9.32,debt_consolidation,0.163,0.188,0
46,42511.0,4.6,RENT,19.7,6,1,0.315,36855.0,60,8.4,debt_consolidation,0.173,0.213,0
44,23905.0,3.0,MORTGAGE,8.2,8,0,0.365,31882.0,48,6.98,credit_card,0.333,0.383,0
61,114390.0,3.2,OWN,39.7,3,0,0.064,3293.0,24,7.66,debt_consolidation,0.014,0.016,0
40,27458.0,6.2,MORTGAGE,20.4,4,1,0.42,9298.0,36,7.84,debt_consolidation,0.113,0.127,0
26,40370.0,6.5,RENT,6.1,5,0,0.037,7634.0,48,6.68,medical,0.047,0.054,1
45,85305.0,1.0,RENT,26.3,9,2,0.137,7956.0,12,9.33,other,0.093,0.098,0
65,74834.0,4.2,MORTGAGE,46.7,3,0,0.115,9591.0,24,6.87,debt_consolidation,0.064,0.069,0
28,31130.0,9.4,MORTGAGE,7.4,3,0,0.316,6540.0,12,7.2,major_purchase,0.21,0.218,0
36,76210.0,3.5,RENT,13.1,3,1,0.564,9897.0,36,5.78,debt_consolidation,0.043,0.047,0
45,62623.0,1.1,RENT,26.1,6,0,0.344,12637.0,36,10.41,debt_consolidation,0.067,0.079,0
39,173949.0,2.3,MORTGAGE,19.4,2,0,0.015,10977.0,36,8.69,home_improvement,0.021,0.024,0
28,66302.0,1.4,MORTGAGE,7.6,3,0,0.3,17503.0,36,9.28,debt_consolidation,0.088,0.101,0
53,50482.0,0.8,MORTGAGE,27.8,2,2,0.508,16727.0,24,9.36,debt_consolidation,0.166,0.182,0
68,35304.0,2.8,MORTGAGE,49.6,9,0,0.114,12304.0,24,7.75,debt_consolidation,0.174,0.189,0
42,37342.0,4.7,OWN,23.2,9,2,0.525,13195.0,24,6.95,medical,0.177,0.19,0
29,35851.0,0.5,RENT,3.5,8,0,0.42,11802.0,36,12.54,debt_consolidation,0.11,0.132,0
21,107533.0,5.6,RENT,2.9,7,0,0.322,37145.0,36,8.25,debt_consolidation,0.115,0.13,0
43,54665.0,29.8,RENT,21.8,5,0,0.22,19448.0,24,7.77,debt_consolidation,0.178,0.193,0
53,71871.0,20.0,MORTGAGE,31.9,3,1,0.253,4636.0,36,14.81,medical,0.022,0.027,0
46,115511.0,10.6,RENT,26.6,2,0,0.248,7667.0,36,7.73,debt_consolidation,0.022,0.025,0
40,16660.0,1.9,MORTGAGE,20.1,5,1,0.298,25506.0,24,8.65,debt_consolidation,0.765,0.836,1
33,102687.0,0.1,MORTGAGE,9.2,5,0,0.779,6074.0,24,7.34,small_business,0.03,0.032,0
27,55698.0,10.8,RENT,8.5,4,1,0.081,4974.0,48,11.3,small_business,0.022,0.028,0
50,67341.0,0.3,MORTGAGE,31.2,3,0,0.349,9050.0,36,7.86,debt_consolidation,0.045,0.05,0
51,35803.0,1.4,MORTGAGE,30.8,4,0,0.094,6054.0,36,9.82,debt_consolidation,0.056,0.065,0
21,37140.0,4.7,MORTGAGE,1.4,8,0,0.272,4854.0,60,10.72,small_business,0.026,0.034,0
59,69177.0,1.2,MORTGAGE,38.4,4,0,0.078,7693.0,36,9.97,debt_consolidation,0.037,0.043,0
47,178492.0,10.8,MORTGAGE,21.4,6,0,0.483,9133.0,36,6.86,debt_consolidation,0.017,0.019,0
57,89470.0,9.0,MORTGAGE,31.5,5,1,0.09,6209.0,36,10.84,major_purchase,0.023,0.027,0
24,102003.0,8.5,RENT,5.2,4,1,0.132,4811.0,24,9.78,major_purchase,0.024,0.026,0
24,49217.0,10.2,MORTGAGE,4.9,5,0,0.139,18511.0,36,9.07,credit_card,0.125,0.144,0
38,40131.0,1.5,OWN,19.5,1,1,0.085,8662.0,48,9.35,credit_card,0.054,0.065,0
46,36666.0,7.8,MORTGAGE,20.1,7,0,0.302,6449.0,24,6.0,small_business,0.088,0.094,0
62,42441.0,2.6,MORTGAGE,42.5,3,2,0.071,5739.0,36,12.96,credit_card,0.045,0.055,0
48,19411.0,6.6,MORTGAGE,28.2,4,0,0.216,10427.0,48,11.9,home_improvement,0.134,0.169,0
37,37705.0,0.8,MORTGAGE,14.1,5,0,0.204,19958.0,36,11.43,small_business,0.176,0.209,0
28,40938.0,7.3,OWN,7.8,7,0,0.299,18505.0,60,8.63,medical,0.09,0.112,0
55,49629.0,21.5,RENT,36.6,4,1,0.097,21699.0,36,9.06,other,0.146,0.167,0
28,57865.0,0.3,RENT,8.3,1,0,0.325,15509.0,24,10.99,credit_card,0.134,0.15,0
60,64940.0,0.6,MORTGAGE,39.0,7,0,0.639,16153.0,60,9.59,debt_consolidation,0.05,0.063,0
37,53774.0,0.8,RENT,15.2,5,0,0.163,5841.0,48,6.96,credit_card,0.027,0.031,0
59,40509.0,3.4,RENT,37.9,5,1,0.658,9707.0,48,6.62,small_business,0.06,0.068,1
48,20299.0,2.1,RENT,29.6,4,0,0.37,15293.0,36,6.35,major_purchase,0.251,0.276,0
38,40633.0,9.9,RENT,18.9,3,0,0.114,11540.0,36,7.12,debt_consolidation,0.095,0.105,0
34,33315.0,3.9,OWN,12.0,8,1,0.212,12282.0,60,7.54,debt_consolidation,0.074,0.089,0
36,68394.0,4.0,MORTGAGE,11.6,7,0,0.497,15576.0,48,8.94,debt_consolidation,0.057,0.068,0
45,85361.0,7.6,MORTGAGE,26.9,4,0,0.352,24591.0,24,11.66,debt_consolidation,0.144,0.162,0
41,86620.0,2.7,MORTGAGE,22.9,6,0,0.152,8196.0,36,7.82,major_purchase,0.032,0.035,0
33,79101.0,2.6,MORTGAGE,11.9,4,1,0.516,18586.0,60,10.42,debt_consolidation,0.047,0.06,0
38,50677.0,8.5,MORTGAGE,17.6,6,0,0.167,18756.0,36,8.91,major_purchase,0.123,0.141,0
41,41732.0,9.1,MORTGAGE,22.5,3,0,0.09,15659.0,24,8.16,credit_card,0.188,0.204,0
18,37289.0,0.1,RENT,0.0,3,0,0.144,3677.0,24,9.95,medical,0.049,0.055,0
45,25495.0,0.9,RENT,16.0,6,1,0.228,15260.0,24,8.5,small_business,0.299,0.326,0
28,88959.0,1.4,MORTGAGE,7.0,4,0,0.077,10701.0,12,9.39,debt_consolidation,0.12,0.126,0
26,49645.0,2.6,RENT,6.2,5,0,0.222,30602.0,36,4.56,home_improvement,0.205,0.22,0
20,29052.0,2.1,RENT,0.0,13,1,0.099,17050.0,48,8.25,debt_consolidation,0.147,0.173,0
18,35838.0,6.6,RENT,0.0,5,0,0.113,7135.0,36,9.94,debt_consolidation,0.066,0.077,0
24,35120.0,10.6,RENT,4.4,6,0,0.305,12281.0,36,10.91,home_improvement,0.117,0.137,0
31,55354.0,1.3,MORTGAGE,10.7,4,1,0.311,5436.0,12,11.44,debt_consolidation,0.098,0.104,0
63,92386.0,5.0,OWN,42.9,2,0,0.017,13669.0,36,11.96,debt_consolidation,0.049,0.059,0
34,45524.0,2.8,RENT,8.4,6,0,0.462,22617.0,48,10.09,debt_consolidation,0.124,0.151,0
42,17566.0,4.2,RENT,23.0,6,0,0.292,18041.0,36,10.21,debt_consolidation,0.342,0.399,0
45,49287.0,5.8,OWN,26.8,6,1,0.142,12229.0,24,7.96,debt_consolidation,0.124,0.135,0
42,50106.0,13.4,RENT,16.6,5,1,0.702,11232.0,36,9.79,major_purchase,0.075,0.087,0
39,48414.0,1.3,RENT,20.3,5,0,0.062,17289.0,24,11.3,debt_consolidation,0.179,0.2,0
26,39588.0,0.5,RENT,6.6,10,0,0.097,5410.0,36,12.76,debt_consolidation,0.046,0.055,0
57,60398.0,5.9,MORTGAGE,36.7,5,1,0.37,4719.0,36,7.15,credit_card,0.026,0.029,0
62,55998.0,3.0,RENT,32.8,6,0,0.43,6577.0,24,8.38,debt_consolidation,0.059,0.064,0
20,53508.0,1.1,MORTGAGE,0.0,5,1,0.128,22233.0,60,9.77,credit_card,0.083,0.105,0
28,66591.0,0.7,MORTGAGE,8.2,6,1,0.274,24060.0,36,9.06,home_improvement,0.12,0.138,1
37,43699.0,4.9,MORTGAGE,16.4,4,0,0.17,3265.0,12,6.05,home_improvement,0.075,0.077,0
28,42477.0,2.1,MORTGAGE,0.0,8,0,0.299,5542.0,12,10.68,credit_card,0.13,0.138,0
46,108019.0,35.8,MORTGAGE,22.9,5,1,0.586,36070.0,48,7.56,major_purchase,0.083,0.097,0
31,71659.0,3.1,MORTGAGE,12.4,9,1,0.14,8600.0,60,8.13,medical,0.024,0.029,0
66,81918.0,1.4,MORTGAGE,43.1,6,0,0.046,6124.0,12,5.97,debt_consolidation,0.075,0.077,0
54,100013.0,5.9,OWN,30.5,3,0,0.261,5526.0,24,5.47,debt_consolidation,0.028,0.029,0
43,70472.0,1.7,MORTGAGE,21.5,6,0,0.113,14176.0,48,10.17,debt_consolidation,0.05,0.061,0
52,86180.0,4.1,RENT,30.8,4,0,0.301,14945.0,24,6.32,credit_card,0.087,0.093,0
53,24596.0,4.0,RENT,33.3,8,0,0.07,14644.0,48,8.6,debt_consolidation,0.149,0.176,0
33,59999.0,3.6,RENT,11.9,7,0,0.426,14688.0,48,10.2,home_improvement,0.061,0.075,0
30,49446.0,9.5,MORTGAGE,8.0,2,1,0.218,11761.0,36,10.23,home_improvement,0.079,0.092,0
41,125347.0,1.5,MORTGAGE,22.6,5,1,0.254,2499.0,12,5.77,major_purchase,0.02,0.021,0
50,86148.0,14.1,RENT,31.1,5,0,0.193,11363.0,24,10.29,debt_consolidation,0.066,0.073,0
42,39529.0,9.4,RENT,23.4,6,0,0.296,8691.0,36,7.12,small_business,0.073,0.082,0
21,65277.0,2.4,OWN,0.0,6,0,0.429,8477.0,60,11.27,credit_card,0.026,0.034,0
30,58914.0,1.2,MORTGAGE,8.6,8,1,0.467,5832.0,60,10.95,medical,0.02,0.026,0
39,67993.0,2.0,RENT,19.2,5,0,0.475,8914.0,12,8.34,credit_card,0.131,0.137,0
39,32552.0,2.4,MORTGAGE,15.8,2,0,0.124,19058.0,48,9.54,credit_card,0.146,0.177,0
64,64861.0,4.9,RENT,42.2,4,0,0.234,3292.0,36,7.55,major_purchase,0.017,0.019,0
23,48336.0,0.3,OWN,0.0,8,0,0.761,9711.0,36,10.12,debt_consolidation,0.067,0.078,0
46,62394.0,14.7,MORTGAGE,27.8,4,1,0.321,7752.0,48,9.82,debt_consolidation,0.031,0.038,0
58,37715.0,0.6,RENT,37.9,5,1,0.203,16927.0,60,8.57,medical,0.09,0.111,0
67,40436.0,2.0,MORTGAGE,45.3,5,0,0.153,9786.0,60,12.53,debt_consolidation,0.048,0.065,0
35,97433.0,0.7,RENT,16.3,4,1,0.48,4785.0,48,5.47,credit_card,0.012,0.014,0
46,32024.0,1.8,MORTGAGE,26.8,4,0,0.199,7635.0,36,8.35,credit_card,0.079,0.09,0
47,33227.0,10.9,RENT,27.4,2,1,0.179,4664.0,24,7.77,credit_card,0.07,0.076,0
42,52797.0,5.7,RENT,19.3,7,0,0.398,11901.0,12,7.33,major_purchase,0.225,0.234,0
39,36830.0,1.5,MORTGAGE,19.0,4,0,0.223,10178.0,48,8.27,debt_consolidation,0.069,0.081,0
45,34804.0,12.3,RENT,25.0,5,1,0.396,9319.0,24,5.36,credit_card,0.134,0.141,0
18,57099.0,9.7,RENT,0.0,6,0,0.395,9392.0,36,5.74,major_purchase,0.055,0.06,0
48,25526.0,8.4,RENT,29.2,5,0,0.16,16260.0,48,8.78,credit_card,0.159,0.189,0
42,32729.0,11.3,RENT,16.3,6,1,0.367,20983.0,60,8.71,home_improvement,0.128,0.159,0
37,151304.0,5.8,RENT,17.9,6,0,0.119,2899.0,48,8.74,debt_consolidation,0.005,0.006,0
65,68168.0,4.2,MORTGAGE,44.5,3,0,0.074,4903.0,24,4.97,credit_card,0.036,0.038,0
32,37299.0,2.8,MORTGAGE,13.5,5,0,0.246,14242.0,36,7.19,debt_consolidation,0.127,0.142,0
35,66777.0,1.5,MORTGAGE,15.3,6,0,0.025,8503.0,36,8.86,small_business,0.042,0.048,0
64,71946.0,4.9,OWN,39.0,5,0,0.188,18170.0,12,5.0,debt_consolidation,0.253,0.259,0
30,89073.0,13.2,RENT,0.0,3,2,0.475,28602.0,60,7.2,small_business,0.064,0.077,0
33,50839.0,5.4,RENT,13.7,3,1,0.184,15564.0,36,9.85,major_purchase,0.102,0.118,0
38,88278.0,15.1,OWN,19.5,6,1,0.42,7373.0,36,9.06,debt_consolidation,0.028,0.032,0
50,19551.0,2.6,OWN,30.9,3,0,0.481,27068.0,48,10.17,credit_card,0.346,0.423,0
42,31947.0,7.1,RENT,22.8,6,2,0.211,8412.0,36,9.44,small_business,0.088,0.101,1
24,58802.0,6.3,MORTGAGE,2.9,7,1,0.098,10935.0,24,6.89,credit_card,0.093,0.1,1
34,63884.0,6.7,MORTGAGE,13.9,7,0,0.197,19308.0,24,8.58,debt_consolidation,0.151,0.165,0
33,34341.0,6.2,RENT,10.6,6,0,0.116,6600.0,60,9.58,debt_consolidation,0.038,0.049,0
39,61680.0,1.5,RENT,17.4,5,0,0.058,18741.0,36,5.18,small_business,0.101,0.11,0
45,39659.0,0.9,RENT,26.1,2,0,0.082,21714.0,24,9.63,other,0.274,0.302,0
45,47170.0,23.1,RENT,22.4,3,0,0.298,7945.0,36,9.35,debt_consolidation,0.056,0.065,0
19,90435.0,0.3,RENT,0.0,7,1,0.246,11348.0,24,12.05,small_business,0.063,0.071,0
53,85346.0,3.8,MORTGAGE,32.3,7,0,0.175,17143.0,24,4.57,major_purchase,0.1,0.105,0
43,32908.0,3.3,MORTGAGE,17.1,1,0,0.187,12640.0,48,10.71,small_business,0.096,0.118,0
57,31932.0,2.7,MORTGAGE,34.4,7,1,0.369,8229.0,48,10.39,debt_consolidation,0.064,0.079,0
45,44109.0,9.1,OWN,24.3,3,1,0.133,22771.0,36,4.0,other,0.172,0.183,0
53,53457.0,8.2,MORTGAGE,27.9,4,0,0.147,6993.0,12,7.39,medical,0.131,0.136,0
46,38990.0,14.1,MORTGAGE,25.2,5,0,0.367,12808.0,36,11.21,home_improvement,0.109,0.129,0
56,91155.0,3.0,RENT,35.8,10,1,0.303,9956.0,48,8.59,debt_consolidation,0.027,0.032,0
46,64453.0,5.0,RENT,26.7,4,0,0.284,27788.0,60,9.43,major_purchase,0.086,0.108,0
39,66373.0,13.4,RENT,14.6,3,0,0.433,8238.0,48,6.97,medical,0.031,0.036,0
67,28760.0,30.5,OWN,48.6,4,1,0.145,7761.0,24,11.0,credit_card,0.135,0.151,0
51,97114.0,20.9,OWN,31.1,8,0,0.216,5906.0,36,9.61,major_purchase,0.02,0.023,0
47,15000.0,7.6,RENT,26.7,5,1,0.033,4804.0,36,7.3,debt_consolidation,0.107,0.119,0
25,82210.0,0.9,MORTGAGE,4.6,9,1,0.522,8618.0,48,10.58,medical,0.026,0.032,0
25,86436.0,0.1,RENT,3.8,4,1,0.369,14346.0,60,11.45,major_purchase,0.033,0.044,0
44,43643.0,10.5,OWN,23.9,4,2,0.312,10343.0,24,9.5,small_business,0.118,0.131,0
42,102381.0,11.0,RENT,23.1,6,2,0.372,7631.0,36,12.83,home_improvement,0.025,0.03,0
33,52494.0,8.2,MORTGAGE,9.2,6,0,0.462,15983.0,36,7.83,credit_card,0.101,0.114,0
42,55894.0,2.0,MORTGAGE,20.8,8,1,0.32,17543.0,24,10.74,debt_consolidation,0.157,0.175,0
59,64200.0,6.1,RENT,35.1,2,0,0.211,18851.0,36,9.09,debt_consolidation,0.098,0.112,0
48,266542.0,2.3,MORTGAGE,29.0,1,0,0.248,10311.0,48,5.83,credit_card,0.01,0.011,0
26,106108.0,3.6,RENT,5.0,6,0,0.341,12017.0,36,9.2,credit_card,0.038,0.043,0
39,76923.0,2.9,MORTGAGE,17.2,7,1,0.235,8927.0,24,9.75,major_purchase,0.058,0.064,0
30,34324.0,14.7,RENT,10.5,7,1,0.134,21604.0,36,8.25,debt_consolidation,0.21,0.238,0
35,58209.0,1.6,MORTGAGE,12.0,2,0,0.311,10342.0,48,6.72,home_improvement,0.044,0.051,0
35,36078.0,5.2,MORTGAGE,17.0,7,1,0.225,8795.0,24,7.67,debt_consolidation,0.122,0.132,0
34,81720.0,2.7,RENT,13.3,6,0,0.08,12802.0,36,10.19,debt_consolidation,0.052,0.061,0
25,58118.0,6.5,RENT,4.1,1,3,0.52,21357.0,48,8.07,credit_card,0.092,0.108,1
38,30876.0,5.0,MORTGAGE,17.7,6,0,0.202,10126.0,24,7.51,small_business,0.164,0.177,0
33,56419.0,15.5,RENT,12.0,5,1,0.046,6355.0,48,8.78,credit_card,0.028,0.033,0
18,35429.0,0.6,MORTGAGE,0.0,8,0,0.17,14115.0,36,5.95,debt_consolidation,0.133,0.145,0
65,58431.0,1.5,RENT,43.5,6,0,0.568,6172.0,48,8.95,medical,0.026,0.032,0
53,35258.0,8.7,MORTGAGE,33.8,1,0,0.293,16459.0,60,8.34,debt_consolidation,0.093,0.115,0
35,54926.0,2.8,MORTGAGE,15.2,3,0,0.23,7057.0,60,8.94,debt_consolidation,0.026,0.032,0
40,78845.0,1.1,OWN,20.8,5,0,0.494,6767.0,36,5.53,home_improvement,0.029,0.031,0
26,52758.0,4.2,RENT,6.1,1,0,0.505,33083.0,60,8.16,medical,0.125,0.153,1
60,44558.0,6.3,MORTGAGE,39.1,4,0,0.694,25129.0,36,9.16,other,0.188,0.216,0
63,59972.0,0.3,OWN,39.5,5,1,0.132,7352.0,48,9.36,debt_consolidation,0.031,0.037,0
42,76772.0,2.1,OWN,22.0,4,1,0.438,9180.0,36,9.14,debt_consolidation,0.04,0.046,0
52,31145.0,9.9,RENT,32.8,8,1,0.294,10392.0,36,8.09,medical,0.111,0.126,0
42,61718.0,4.4,RENT,22.0,5,1,0.072,19915.0,48,8.25,debt_consolidation,0.081,0.095,0
24,104691.0,0.2,RENT,2.5,4,1,0.219,12053.0,24,11.87,debt_consolidation,0.058,0.065,0
35,72174.0,2.0,MORTGAGE,15.7,5,0,0.063,8978.0,60,9.81,debt_consolidation,0.025,0.032,0
42,55764.0,6.1,MORTGAGE,22.4,4,1,0.402,8364.0,60,6.48,major_purchase,0.03,0.035,0
35,74598.0,1.3,MORTGAGE,14.5,6,1,0.13,7680.0,60,9.12,medical,0.021,0.026,0
37,67931.0,10.5,MORTGAGE,18.0,6,0,0.247,7449.0,36,12.19,debt_consolidation,0.037,0.044,0
39,78968.0,6.8,MORTGAGE,20.3,6,1,0.363,31115.0,24,11.12,debt_consolidation,0.197,0.221,0
39,19693.0,3.8,OWN,20.5,7,1,0.262,15849.0,36,8.36,major_purchase,0.268,0.304,1
41,24916.0,14.8,MORTGAGE,21.7,4,0,0.427,13799.0,36,7.24,major_purchase,0.185,0.206,0
27,89538.0,3.0,MORTGAGE,8.9,4,0,0.146,13501.0,12,7.64,debt_consolidation,0.151,0.157,0
31,25524.0,1.6,RENT,10.4,1,0,0.095,9358.0,36,8.75,credit_card,0.122,0.139,1
25,66222.0,6.5,OWN,6.4,8,0,0.123,8712.0,12,8.98,credit_card,0.132,0.138,0
52,45432.0,5.1,MORTGAGE,32.6,8,1,0.125,33523.0,48,9.78,medical,0.184,0.224,0
18,32922.0,2.5,RENT,0.0,4,0,0.28,10023.0,36,6.82,debt_consolidation,0.101,0.113,0
54,64526.0,2.5,MORTGAGE,33.0,7,0,0.324,4746.0,24,10.95,debt_consolidation,0.037,0.041,0
57,59905.0,3.0,OWN,33.3,7,0,0.163,11815.0,12,7.89,debt_consolidation,0.197,0.206,0
36,155620.0,2.1,MORTGAGE,15.0,4,1,0.151,6450.0,36,9.51,debt_consolidation,0.014,0.016,0
18,39640.0,7.4,MORTGAGE,0.0,7,1,0.288,11144.0,36,10.94,medical,0.094,0.11,0
36,111308.0,6.3,MORTGAGE,14.7,6,1,0.381,18386.0,48,8.37,other,0.041,0.049,0
39,64616.0,3.5,RENT,20.9,4,0,0.312,3432.0,60,10.22,small_business,0.011,0.014,0
28,38929.0,3.0,MORTGAGE,9.6,6,0,0.316,7147.0,36,7.88,small_business,0.061,0.069,0
34,80791.0,2.7,RENT,15.7,6,2,0.202,5153.0,24,8.62,home_improvement,0.032,0.035,0
58,71888.0,2.0,RENT,39.7,9,0,0.196,9203.0,24,11.19,home_improvement,0.064,0.072,0
48,55156.0,0.5,RENT,29.1,6,0,0.633,10020.0,12,8.15,debt_consolidation,0.182,0.19,0
29,61892.0,1.9,OWN,8.7,7,0,0.391,26528.0,36,10.65,debt_consolidation,0.143,0.168,0
21,40195.0,2.3,RENT,2.6,4,0,0.083,14186.0,36,7.33,home_improvement,0.118,0.131,0
36,35850.0,4.8,RENT,9.8,3,0,0.109,10646.0,24,7.12,small_business,0.148,0.16,0
37,79199.0,8.9,MORTGAGE,13.2,2,0,0.275,20309.0,12,9.68,debt_consolidation,0.256,0.27,0
46,48438.0,3.0,MORTGAGE,17.3,3,0,0.246,15053.0,48,6.66,medical,0.078,0.089,0
34,52050.0,17.4,RENT,15.9,7,0,0.156,8199.0,36,8.82,debt_consolidation,0.053,0.06,0
46,62312.0,10.5,RENT,22.3,6,0,0.025,19614.0,60,7.76,small_business,0.063,0.076,1
63,61861.0,25.1,MORTGAGE,40.1,3,0,0.477,17607.0,48,7.42,credit_card,0.071,0.082,0
50,26512.0,12.5,MORTGAGE,25.0,2,0,0.182,10472.0,12,9.97,debt_consolidation,0.395,0.417,0
39,103066.0,5.8,MORTGAGE,18.7,9,0,0.333,6150.0,36,10.06,home_improvement,0.02,0.023,0
38,57560.0,5.5,MORTGAGE,15.3,6,0,0.151,5781.0,60,8.16,home_improvement,0.02,0.025,0
36,48956.0,0.8,RENT,17.8,7,1,0.253,10671.0,48,10.14,small_business,0.054,0.067,0
54,67200.0,7.7,MORTGAGE,35.8,6,1,0.218,22872.0,36,11.11,small_business,0.113,0.134,0
32,60978.0,5.5,MORTGAGE,13.6,6,0,0.31,14065.0,60,11.32,credit_card,0.046,0.061,0
41,79502.0,4.2,MORTGAGE,15.6,5,0,0.241,15722.0,36,7.55,debt_consolidation,0.066,0.074,1
41,70898.0,7.1,MORTGAGE,22.8,4,0,0.102,6055.0,60,5.68,debt_consolidation,0.017,0.02,0
34,77569.0,3.5,MORTGAGE,15.7,10,0,0.425,13364.0,48,10.2,debt_consolidation,0.043,0.053,0
24,106457.0,4.5,RENT,0.0,6,1,0.097,6715.0,24,8.56,medical,0.032,0.034,0
44,84273.0,3.0,RENT,25.7,8,0,0.353,17823.0,12,9.09,small_business,0.211,0.222,0
39,49999.0,7.6,MORTGAGE,14.9,3,0,0.672,28382.0,60,9.16,debt_consolidation,0.114,0.142,1
46,30901.0,12.6,MORTGAGE,23.3,2,0,0.27,10417.0,36,8.05,small_business,0.112,0.127,0
34,124729.0,11.0,RENT,15.9,8,3,0.339,17435.0,48,12.73,debt_consolidation,0.035,0.045,1
55,48105.0,9.3,MORTGAGE,36.9,9,1,0.492,5507.0,12,9.55,debt_consolidation,0.114,0.12,0
29,42764.0,0.1,RENT,8.7,2,0,0.35,10642.0,12,9.74,debt_consolidation,0.249,0.262,0
61,22734.0,14.6,RENT,25.4,2,0,0.409,25852.0,60,9.09,debt_consolidation,0.227,0.284,0
19,64167.0,1.9,MORTGAGE,0.0,6,0,0.273,8153.0,24,10.83,debt_consolidation,0.064,0.071,0
45,58363.0,13.1,RENT,25.9,6,0,0.658,10989.0,48,6.99,debt_consolidation,0.047,0.054,0
46,25398.0,1.3,RENT,26.5,5,0,0.561,12940.0,12,7.79,major_purchase,0.509,0.531,0
30,67957.0,3.5,MORTGAGE,10.5,3,1,0.316,6168.0,48,9.07,debt_consolidation,0.023,0.027,0
45,42231.0,8.3,OWN,23.0,7,0,0.243,29112.0,60,11.17,home_improvement,0.138,0.181,0
55,207972.0,6.1,MORTGAGE,35.7,5,0,0.22,20846.0,36,9.23,home_improvement,0.033,0.038,0
18,40754.0,3.2,MORTGAGE,0.0,3,0,0.102,18288.0,60,7.3,debt_consolidation,0.09,0.107,0
46,43582.0,6.8,RENT,23.9,6,0,0.442,15629.0,36,11.86,debt_consolidation,0.12,0.143,0
18,34983.0,4.8,RENT,0.0,4,0,0.332,7447.0,12,7.52,debt_consolidation,0.213,0.222,0
28,102635.0,1.9,MORTGAGE,9.8,8,0,0.183,21626.0,48,9.21,credit_card,0.053,0.063,0
60,44964.0,6.2,MORTGAGE,37.3,6,2,0.347,10737.0,36,8.48,debt_consolidation,0.08,0.09,0
33,37705.0,1.4,RENT,12.4,6,0,0.216,5502.0,48,8.98,credit_card,0.036,0.044,0
26,77148.0,7.1,RENT,6.0,3,0,0.37,8008.0,60,6.81,other,0.021,0.025,0
38,27169.0,0.0,MORTGAGE,16.6,7,0,0.322,6337.0,24,9.83,debt_consolidation,0.117,0.129,0
65,74054.0,4.8,MORTGAGE,44.9,7,0,0.046,27383.0,24,10.16,medical,0.185,0.205,0
18,132019.0,3.1,RENT,0.0,1,0,0.449,24729.0,36,10.04,debt_consolidation,0.062,0.073,0
27,71920.0,2.2,MORTGAGE,2.9,4,0,0.142,30763.0,36,8.55,major_purchase,0.143,0.162,0
58,74529.0,4.4,MORTGAGE,37.1,4,0,0.32,11624.0,60,11.6,medical,0.031,0.041,0
62,83703.0,6.2,MORTGAGE,40.8,6,0,0.306,5989.0,36,9.39,other,0.024,0.027,0
39,127370.0,20.2,RENT,18.1,4,1,0.297,9460.0,48,11.15,debt_consolidation,0.019,0.023,0
25,99205.0,10.7,OWN,4.7,5,0,0.335,11754.0,36,9.44,credit_card,0.039,0.046,0
65,67497.0,7.6,RENT,46.4,5,0,0.473,8093.0,48,10.05,debt_consolidation,0.03,0.037,0
59,85131.0,3.9,OWN,39.8,6,0,0.35,13962.0,48,9.83,debt_consolidation,0.041,0.05,0
48,34788.0,3.0,MORTGAGE,26.5,6,0,0.184,9876.0,60,7.64,debt_consolidation,0.057,0.068,0
30,79869.0,0.2,MORTGAGE,10.3,3,0,0.298,11149.0,48,11.34,home_improvement,0.035,0.044,0
39,32768.0,2.7,RENT,19.4,6,0,0.218,7453.0,12,9.42,other,0.227,0.239,0
38,45093.0,11.3,MORTGAGE,15.7,7,0,0.411,11354.0,48,10.03,medical,0.063,0.077,0
44,15000.0,2.9,RENT,26.0,4,1,0.096,11264.0,36,8.62,other,0.25,0.285,0
57,66218.0,3.7,MORTGAGE,35.6,3,2,0.695,9134.0,24,7.19,medical,0.069,0.074,0
51,39264.0,1.9,RENT,31.0,8,1,0.146,13447.0,36,4.0,debt_consolidation,0.114,0.121,0
27,94426.0,1.9,MORTGAGE,7.6,8,1,0.555,4684.0,48,9.03,small_business,0.012,0.015,0
57,65847.0,0.4,OWN,37.8,7,0,0.306,10947.0,24,10.89,debt_consolidation,0.083,0.093,0
44,95040.0,5.7,MORTGAGE,25.4,1,0,0.411,38243.0,36,10.76,debt_consolidation,0.134,0.158,0
48,31514.0,3.6,MORTGAGE,28.8,3,0,0.167,12818.0,60,10.66,major_purchase,0.081,0.105,0
58,91053.0,5.6,MORTGAGE,38.5,6,0,0.519,8522.0,36,4.73,credit_card,0.031,0.034,0
27,155271.0,4.7,RENT,7.3,11,0,0.23,26317.0,60,9.54,home_improvement,0.034,0.043,0
40,79386.0,9.6,MORTGAGE,18.7,6,0,0.165,6963.0,60,6.2,small_business,0.018,0.02,0
34,80433.0,8.3,MORTGAGE,14.2,6,0,0.292,4512.0,36,10.92,debt_consolidation,0.019,0.022,0
21,58971.0,8.9,MORTGAGE,0.0,5,1,0.398,20655.0,24,8.62,credit_card,0.175,0.191,0
44,41675.0,4.1,MORTGAGE,22.9,10,1,0.277,11854.0,48,12.58,debt_consolidation,0.071,0.091,0
70,79269.0,2.6,MORTGAGE,51.4,2,0,0.364,15047.0,48,9.54,medical,0.047,0.057,0
18,25513.0,16.3,OWN,0.0,2,0,0.159,7605.0,48,11.3,small_business,0.075,0.093,1
40,43964.0,0.3,MORTGAGE,21.8,7,0,0.453,7213.0,12,9.45,credit_card,0.164,0.173,0
48,22348.0,1.0,RENT,21.3,5,0,0.262,16851.0,60,9.69,credit_card,0.151,0.191,0
41,38108.0,3.3,MORTGAGE,16.5,4,0,0.555,7913.0,24,10.86,medical,0.104,0.116,0
39,74684.0,5.7,MORTGAGE,20.7,6,1,0.207,7441.0,36,9.01,debt_consolidation,0.033,0.038,0
24,69752.0,0.0,MORTGAGE,3.4,2,0,0.134,13060.0,24,9.34,major_purchase,0.094,0.103,1
43,55573.0,7.6,RENT,15.3,4,0,0.269,35841.0,24,10.38,debt_consolidation,0.322,0.358,0
31,58995.0,4.9,OWN,8.9,6,1,0.22,9382.0,24,12.17,medical,0.08,0.09,0
18,21101.0,4.0,MORTGAGE,0.0,3,0,0.327,4930.0,60,7.1,credit_card,0.047,0.056,0
54,44969.0,3.3,MORTGAGE,35.2,7,0,0.309,11374.0,36,6.78,debt_consolidation,0.084,0.093,0
52,38535.0,4.4,RENT,33.0,6,0,0.462,21658.0,36,9.86,home_improvement,0.187,0.217,0
41,38967.0,1.1,MORTGAGE,19.0,5,0,0.224,9500.0,48,8.67,debt_consolidation,0.061,0.072,0
43,73115.0,0.7,MORTGAGE,20.4,3,1,0.307,5530.0,24,10.38,medical,0.038,0.042,0
53,35233.0,2.1,MORTGAGE,32.7,4,0,0.533,16590.0,60,9.41,debt_consolidation,0.094,0.118,0
43,40041.0,7.4,RENT,24.6,8,0,0.291,29726.0,12,7.66,debt_consolidation,0.742,0.774,0
51,19081.0,5.3,RENT,24.9,5,0,0.096,4157.0,60,10.83,home_improvement,0.044,0.057,0
36,46767.0,3.9,MORTGAGE,12.4,3,0,0.387,27709.0,36,10.28,small_business,0.197,0.23,0
56,31448.0,5.1,RENT,37.5,6,1,0.196,21076.0,24,6.79,debt_consolidation,0.335,0.359,0
44,56365.0,4.9,OWN,25.8,5,1,0.031,8453.0,60,8.53,credit_card,0.03,0.037,0
42,33673.0,2.2,MORTGAGE,21.7,6,1,0.367,12288.0,36,11.02,debt_consolidation,0.122,0.143,0
25,57084.0,0.6,MORTGAGE,6.0,5,1,0.39,9818.0,48,9.78,credit_card,0.043,0.052,0
43,50395.0,13.6,MORTGAGE,24.0,2,1,0.486,9583.0,36,8.01,major_purchase,0.063,0.072,0
30,124994.0,5.5,MORTGAGE,11.7,3,0,0.2,6845.0,48,12.18,debt_consolidation,0.014,0.017,0
32,69467.0,7.2,OWN,4.8,4,1,0.461,4952.0,48,12.23,credit_card,0.018,0.023,0
30,21594.0,3.7,RENT,6.7,2,0,0.128,18326.0,24,10.8,debt_consolidation,0.424,0.474,0
27,28783.0,8.5,MORTGAGE,8.6,4,0,0.201,21867.0,36,10.91,medical,0.253,0.298,1
65,55693.0,5.3,OWN,40.7,5,0,0.288,11241.0,48,6.07,small_business,0.05,0.057,0
56,34033.0,0.3,RENT,34.6,5,1,0.136,14707.0,48,5.57,credit_card,0.108,0.121,0
63,15000.0,13.2,MORTGAGE,43.8,7,0,0.11,22057.0,48,7.69,debt_consolidation,0.368,0.428,0
25,106380.0,2.2,MORTGAGE,0.9,7,0,0.368,5049.0,36,9.01,medical,0.016,0.018,0
41,77661.0,0.9,RENT,20.3,7,0,0.249,3051.0,60,4.57,home_improvement,0.008,0.009,0
24,70297.0,0.6,MORTGAGE,0.3,10,1,0.4,14156.0,24,11.09,home_improvement,0.101,0.113,0
32,39988.0,7.6,MORTGAGE,12.1,10,0,0.479,6418.0,48,12.64,credit_card,0.04,0.051,0
29,67093.0,7.3,RENT,8.9,6,0,0.155,3892.0,36,8.02,debt_consolidation,0.019,0.022,1
55,38094.0,7.2,MORTGAGE,36.0,5,1,0.457,9979.0,12,10.2,debt_consolidation,0.262,0.277,0
35,60020.0,14.8,RENT,15.5,2,1,0.378,17551.0,36,11.13,debt_consolidation,0.097,0.115,0
53,34191.0,2.6,RENT,32.5,4,1,0.382,28869.0,60,10.32,debt_consolidation,0.169,0.217,0
47,115629.0,4.9,OWN,20.2,6,0,0.108,3155.0,48,10.2,other,0.007,0.008,0
68,24708.0,5.8,RENT,47.3,4,0,0.282,3010.0,12,11.35,small_business,0.122,0.129,0
22,100322.0,23.3,MORTGAGE,3.5,3,0,0.275,5452.0,36,11.48,debt_consolidation,0.018,0.021,0
55,55241.0,2.2,RENT,37.0,2,0,0.517,14027.0,48,8.72,small_business,0.063,0.075,0
54,42415.0,18.8,RENT,30.3,5,0,0.17,21728.0,48,9.76,medical,0.128,0.155,0
28,58894.0,1.0,MORTGAGE,8.6,6,0,0.6,4434.0,12,12.42,debt_consolidation,0.075,0.08,0
52,78173.0,8.7,MORTGAGE,32.9,9,1,0.244,25269.0,36,8.02,home_improvement,0.108,0.122,0
44,107299.0,6.0,MORTGAGE,21.2,7,0,0.212,26638.0,24,10.04,major_purchase,0.124,0.138,0
37,63359.0,10.2,RENT,10.3,8,2,0.466,3584.0,48,6.57,debt_consolidation,0.014,0.016,0
30,34705.0,0.2,MORTGAGE,7.9,4,0,0.362,11306.0,24,7.15,debt_consolidation,0.163,0.175,0
31,55704.0,0.5,MORTGAGE,12.4,4,1,0.278,8307.0,48,7.26,debt_consolidation,0.037,0.043,0
65,134376.0,0.4,OWN,45.5,2,0,0.387,8951.0,24,8.34,home_improvement,0.033,0.036,0
40,106281.0,5.4,MORTGAGE,17.7,6,0,0.17,26880.0,36,7.6,debt_consolidation,0.084,0.095,0
49,85339.0,5.5,MORTGAGE,23.9,2,0,0.181,24806.0,12,9.96,credit_card,0.291,0.307,0
31,80648.0,14.2,MORTGAGE,0.0,3,2,0.302,8628.0,48,10.2,debt_consolidation,0.027,0.033,0
31,76859.0,3.8,MORTGAGE,10.9,3,0,0.131,7220.0,48,7.38,debt_consolidation,0.023,0.027,0
53,96701.0,0.4,MORTGAGE,29.8,2,1,0.358,22690.0,36,10.52,other,0.078,0.092,0
24,43118.0,1.4,RENT,5.9,8,0,0.275,17858.0,24,5.92,medical,0.207,0.22,0
35,27514.0,0.0,RENT,16.0,11,3,0.222,12426.0,48,6.77,major_purchase,0.113,0.129,1
40,56078.0,9.0,MORTGAGE,20.6,8,2,0.317,12598.0,24,8.46,debt_consolidation,0.112,0.122,0
41,35998.0,10.1,MORTGAGE,11.9,5,0,0.278,7340.0,36,7.23,medical,0.068,0.076,0
38,31968.0,37.1,RENT,20.0,7,0,0.407,14221.0,24,9.69,debt_consolidation,0.222,0.246,0
45,37792.0,3.2,MORTGAGE,25.9,5,1,0.433,4485.0,24,11.54,debt_consolidation,0.059,0.067,1
48,187711.0,0.1,RENT,22.0,4,0,0.078,7138.0,36,10.8,debt_consolidation,0.013,0.015,1
49,57992.0,1.6,MORTGAGE,29.9,3,0,0.446,18540.0,48,8.12,debt_consolidation,0.08,0.094,0
28,64923.0,5.3,MORTGAGE,9.2,6,1,0.433,14074.0,48,8.33,major_purchase,0.054,0.064,0
37,29402.0,19.6,MORTGAGE,15.1,6,0,0.243,11480.0,24,9.54,debt_consolidation,0.195,0.215,0
54,21550.0,0.7,RENT,31.9,4,1,0.382,15464.0,36,8.91,medical,0.239,0.273,0
51,35971.0,0.8,OWN,31.1,4,0,0.48,4711.0,12,7.65,credit_card,0.131,0.136,0
24,111201.0,7.3,RENT,0.0,0,1,0.074,39108.0,12,10.31,debt_consolidation,0.352,0.372,0
44,64032.0,6.6,MORTGAGE,25.3,7,1,0.232,9212.0,36,9.05,small_business,0.048,0.055,0
18,73079.0,1.7,MORTGAGE,0.0,4,1,0.391,13296.0,36,6.81,major_purchase,0.061,0.067,1
41,78377.0,10.1,RENT,18.8,5,0,0.437,15428.0,60,11.96,small_business,0.039,0.052,0
63,40309.0,0.8,MORTGAGE,43.6,6,0,0.098,10696.0,48,9.4,credit_card,0.066,0.08,0
29,108443.0,15.6,MORTGAGE,6.1,7,0,0.276,9637.0,24,4.0,small_business,0.044,0.046,0
30,39482.0,1.3,OWN,11.6,4,0,0.534,12012.0,36,10.4,debt_consolidation,0.101,0.118,1
49,109438.0,0.5,RENT,30.6,7,0,0.455,10142.0,60,8.99,home_improvement,0.019,0.023,0
21,67586.0,2.5,RENT,0.0,3,1,0.353,12347.0,36,8.49,debt_consolidation,0.061,0.069,0
32,22147.0,1.2,RENT,13.7,3,0,0.156,24230.0,36,6.01,debt_consolidation,0.365,0.399,0
47,37272.0,4.5,RENT,29.0,7,1,0.32,8685.0,36,11.64,major_purchase,0.078,0.092,0
32,22193.0,7.0,MORTGAGE,12.5,6,0,0.389,11350.0,12,8.53,credit_card,0.511,0.535,1
37,96920.0,4.1,MORTGAGE,18.7,8,0,0.246,6836.0,12,4.32,major_purchase,0.071,0.072,0
49,53510.0,6.5,MORTGAGE,25.0,4,0,0.307,9298.0,48,6.94,debt_consolidation,0.043,0.05,0
45,17780.0,2.7,OWN,19.3,8,0,0.157,2399.0,48,9.1,home_improvement,0.034,0.04,0
43,65374.0,0.2,OWN,23.0,7,2,0.182,15078.0,24,9.16,credit_card,0.115,0.127,0
36,41416.0,21.9,OWN,16.3,3,0,0.208,14794.0,12,7.63,debt_consolidation,0.357,0.372,0
44,25799.0,10.3,MORTGAGE,23.7,6,1,0.015,8006.0,36,10.07,major_purchase,0.103,0.12,0
39,125365.0,0.5,RENT,20.2,3,0,0.757,26888.0,48,6.62,major_purchase,0.054,0.061,0
45,57162.0,3.6,MORTGAGE,25.9,4,0,0.487,13560.0,60,8.84,other,0.047,0.059,0
34,46783.0,6.0,MORTGAGE,15.7,6,1,0.309,10124.0,24,9.32,other,0.108,0.119,0
38,44369.0,1.3,MORTGAGE,18.2,3,0,0.387,2781.0,36,7.14,home_improvement,0.021,0.023,0
28,25422.0,5.2,OWN,7.2,5,0,0.225,6053.0,24,11.02,credit_card,0.119,0.133,0
40,28218.0,4.6,RENT,14.0,7,1,0.133,19059.0,24,11.4,home_improvement,0.338,0.379,0
30,102997.0,1.4,RENT,8.0,8,0,0.064,5420.0,24,9.16,credit_card,0.026,0.029,0
27,42747.0,0.9,MORTGAGE,5.1,3,0,0.353,19192.0,36,9.46,credit_card,0.15,0.172,0
43,54777.0,8.5,MORTGAGE,23.9,8,0,0.198,8111.0,36,10.7,debt_consolidation,0.049,0.058,0
43,19493.0,2.3,RENT,18.4,4,0,0.451,8835.0,12,9.9,medical,0.453,0.478,0
49,28028.0,1.7,RENT,22.2,3,0,0.194,11972.0,24,8.88,small_business,0.214,0.234,0
35,73490.0,8.0,RENT,8.9,1,1,0.225,10033.0,36,10.74,other,0.046,0.053,0
45,65438.0,8.0,RENT,26.9,6,1,0.315,12852.0,36,12.39,major_purchase,0.065,0.079,0
47,130182.0,1.9,RENT,26.2,3,0,0.06,15682.0,48,8.56,debt_consolidation,0.03,0.036,1
45,106030.0,12.4,RENT,23.9,9,0,0.146,12668.0,48,8.2,home_improvement,0.03,0.035,0
30,48274.0,7.0,RENT,11.0,1,0,0.517,11870.0,48,11.5,debt_consolidation,0.061,0.077,1
42,68629.0,2.5,MORTGAGE,9.4,4,1,0.405,6354.0,60,7.71,home_improvement,0.019,0.022,0
44,46245.0,3.3,OWN,25.0,5,0,0.048,12070.0,24,6.84,small_business,0.131,0.14,0
40,151358.0,7.8,RENT,21.3,2,1,0.149,8656.0,48,8.74,other,0.014,0.017,0
18,96231.0,1.4,RENT,0.0,4,0,0.431,8486.0,60,10.95,debt_consolidation,0.018,0.023,0
42,58973.0,3.8,RENT,22.8,5,0,0.249,19563.0,12,12.37,credit_card,0.332,0.354,0
67,59886.0,6.4,RENT,41.3,2,0,0.488,7246.0,36,9.29,other,0.04,0.046,0
36,111572.0,4.7,RENT,16.3,6,0,0.183,35077.0,60,9.5,debt_consolidation,0.063,0.079,0
31,72388.0,5.6,MORTGAGE,11.4,6,1,0.203,36019.0,60,9.46,debt_consolidation,0.1,0.125,0
44,118103.0,4.7,RENT,23.1,9,1,0.525,24524.0,36,8.84,credit_card,0.069,0.079,1
44,18091.0,1.3,MORTGAGE,25.7,5,1,0.349,15962.0,60,9.11,medical,0.176,0.22,0
54,68228.0,3.2,RENT,31.8,7,1,0.245,12121.0,12,10.29,credit_card,0.178,0.188,0
25,41868.0,4.6,MORTGAGE,2.6,6,0,0.412,6648.0,36,10.78,home_improvement,0.053,0.062,0
49,130377.0,9.1,MORTGAGE,29.1,3,0,0.409,2807.0,36,13.24,debt_consolidation,0.007,0.009,0
47,117383.0,6.4,MORTGAGE,19.6,5,0,0.725,9242.0,36,10.96,debt_consolidation,0.026,0.031,1
38,55073.0,3.3,MORTGAGE,17.4,5,1,0.091,11393.0,60,9.65,debt_consolidation,0.041,0.052,0
44,116753.0,22.0,RENT,22.4,6,2,0.438,6351.0,24,8.76,credit_card,0.027,0.03,0
52,132132.0,0.7,OWN,26.3,7,1,0.228,6551.0,48,5.87,credit_card,0.012,0.014,0
50,56230.0,1.4,MORTGAGE,28.7,8,0,0.124,7911.0,48,4.45,debt_consolidation,0.035,0.038,0
26,186459.0,2.5,RENT,6.3,3,0,0.157,10215.0,48,7.57,debt_consolidation,0.014,0.016,0
50,53334.0,1.6,MORTGAGE,31.9,3,0,0.411,6360.0,36,13.12,credit_card,0.04,0.048,1
39,48666.0,5.9,MORTGAGE,17.1,5,0,0.075,33673.0,24,9.48,credit_card,0.346,0.381,0
41,83528.0,0.2,MORTGAGE,13.0,5,0,0.433,11108.0,12,7.17,small_business,0.133,0.138,0
41,45393.0,1.2,RENT,21.1,5,2,0.077,11624.0,60,9.6,home_improvement,0.051,0.065,0
38,56538.0,2.1,RENT,18.8,5,2,0.025,33328.0,12,7.57,debt_consolidation,0.589,0.614,0
54,109614.0,6.9,MORTGAGE,33.8,4,0,0.378,12986.0,36,10.98,major_purchase,0.039,0.047,0
39,54699.0,12.5,RENT,17.1,3,1,0.238,15442.0,24,14.58,major_purchase,0.141,0.164,1
27,23214.0,9.6,RENT,9.0,3,0,0.065,27056.0,48,8.64,home_improvement,0.291,0.346,0
35,65099.0,1.2,RENT,10.5,5,0,0.362,41598.0,12,8.71,major_purchase,0.639,0.67,0
42,38248.0,5.0,OWN,17.5,5,1,0.31,28477.0,48,8.7,credit_card,0.186,0.221,0
55,83503.0,0.2,MORTGAGE,34.7,8,1,0.133,4183.0,24,10.65,other,0.025,0.028,0
47,76734.0,2.2,RENT,28.6,1,1,0.265,4609.0,36,6.96,major_purchase,0.02,0.022,0
30,113063.0,9.8,RENT,8.7,5,0,0.512,24934.0,36,8.59,debt_consolidation,0.074,0.084,0
70,85286.0,3.7,RENT,51.6,2,0,0.156,4922.0,24,7.49,debt_consolidation,0.029,0.031,0
43,93444.0,1.0,MORTGAGE,22.9,1,1,0.524,7723.0,36,8.48,debt_consolidation,0.028,0.031,0
55,38772.0,3.5,MORTGAGE,36.7,9,0,0.359,13311.0,48,12.05,credit_card,0.086,0.109,0
38,80983.0,1.3,RENT,17.3,2,1,0.268,56430.0,12,7.12,debt_consolidation,0.697,0.724,1
46,144962.0,3.0,RENT,26.9,8,0,0.476,42606.0,36,11.58,debt_consolidation,0.098,0.116,0
50,38395.0,4.0,OWN,26.7,9,0,0.358,6788.0,24,8.25,debt_consolidation,0.088,0.096,0
55,133235.0,2.6,RENT,32.2,7,0,0.321,5590.0,36,8.12,other,0.014,0.016,0
53,41164.0,16.6,MORTGAGE,15.5,3,0,0.427,30070.0,48,8.36,debt_consolidation,0.183,0.216,0
50,35384.0,5.0,OWN,31.1,5,0,0.102,28247.0,36,12.57,credit_card,0.266,0.321,0
36,62824.0,11.1,MORTGAGE,17.8,7,0,0.212,4150.0,36,9.82,debt_consolidation,0.022,0.026,0
33,77494.0,8.6,MORTGAGE,13.2,6,1,0.549,8488.0,36,6.25,small_business,0.037,0.04,0
44,85466.0,6.5,MORTGAGE,25.7,1,0,0.676,7901.0,24,10.64,credit_card,0.046,0.052,0
51,33494.0,4.1,MORTGAGE,32.4,5,1,0.063,16617.0,12,8.33,debt_consolidation,0.496,0.519,0
37,67324.0,0.0,MORTGAGE,16.3,7,0,0.487,41836.0,48,9.47,small_business,0.155,0.187,0
53,38454.0,5.7,RENT,32.3,4,0,0.382,8661.0,48,6.58,credit_card,0.056,0.064,0
57,25733.0,2.6,MORTGAGE,38.9,7,0,0.255,4796.0,48,6.28,debt_consolidation,0.047,0.053,0
29,34052.0,0.8,RENT,9.2,4,1,0.46,12448.0,60,9.43,debt_consolidation,0.073,0.092,0
30,37218.0,3.5,MORTGAGE,9.7,5,1,0.21,25496.0,12,7.96,credit_card,0.685,0.715,0
38,70319.0,8.0,MORTGAGE,19.1,3,1,0.238,7106.0,12,8.6,credit_card,0.101,0.106,0
44,96385.0,19.6,MORTGAGE,19.8,5,1,0.026,18266.0,36,9.13,debt_consolidation,0.063,0.072,0
34,25936.0,2.8,MORTGAGE,15.5,2,0,0.16,9308.0,36,7.26,other,0.12,0.133,0
56,64601.0,4.7,MORTGAGE,37.1,4,0,0.262,7942.0,36,13.33,home_improvement,0.041,0.05,0
45,30081.0,11.4,RENT,26.5,8,1,0.345,9636.0,36,12.24,credit_card,0.107,0.128,0
40,74202.0,2.4,RENT,21.6,4,0,0.497,7824.0,36,11.24,credit_card,0.035,0.042,0
23,39681.0,0.9,RENT,0.0,2,1,0.32,4464.0,36,10.88,small_business,0.037,0.044,0
24,32027.0,2.0,MORTGAGE,5.0,8,0,0.189,20207.0,12,10.08,debt_consolidation,0.631,0.666,1
43,80808.0,13.8,RENT,21.2,2,0,0.657,13805.0,36,8.44,small_business,0.057,0.065,0
18,40398.0,1.0,MORTGAGE,0.0,4,0,0.405,10330.0,24,8.52,debt_consolidation,0.128,0.14,0
52,46259.0,2.4,RENT,31.0,3,1,0.392,21306.0,24,9.63,other,0.23,0.254,0
38,17854.0,3.7,RENT,12.1,10,0,0.258,15445.0,48,9.16,small_business,0.216,0.259,0
75,86966.0,11.3,MORTGAGE,51.4,4,0,0.541,24449.0,36,6.51,major_purchase,0.094,0.103,0
68,81671.0,16.7,OWN,49.8,5,1,0.217,20208.0,36,9.35,medical,0.082,0.095,0
38,54324.0,3.3,OWN,14.4,5,1,0.615,27813.0,36,7.05,credit_card,0.171,0.19,0
39,25241.0,16.1,OWN,19.2,5,0,0.355,35434.0,36,9.16,major_purchase,0.468,0.537,0
52,99179.0,1.1,MORTGAGE,32.7,5,2,0.23,2749.0,48,8.81,other,0.007,0.008,0
60,38827.0,1.0,RENT,38.7,9,0,0.367,16144.0,36,7.85,home_improvement,0.139,0.156,0
20,43188.0,17.9,MORTGAGE,0.0,3,1,0.337,22595.0,24,7.65,credit_card,0.262,0.283,0
19,172133.0,4.3,OWN,0.7,2,0,0.053,14583.0,36,8.51,medical,0.028,0.032,0
33,38108.0,1.2,RENT,10.6,2,0,0.039,5457.0,36,10.49,debt_consolidation,0.048,0.056,0
47,78520.0,4.0,RENT,28.3,4,0,0.05,15057.0,48,10.44,medical,0.048,0.059,0
46,71757.0,9.2,MORTGAGE,26.6,11,1,0.579,19765.0,60,9.64,debt_consolidation,0.055,0.07,0
53,65847.0,10.5,RENT,28.8,7,0,0.335,5733.0,12,5.54,debt_consolidation,0.087,0.09,0
26,62380.0,12.0,MORTGAGE,5.6,3,0,0.086,12341.0,36,11.99,debt_consolidation,0.066,0.079,0
18,65395.0,5.1,MORTGAGE,0.0,8,0,0.025,6931.0,36,7.79,other,0.035,0.04,0
50,62067.0,12.1,RENT,29.9,1,1,0.73,6245.0,60,11.12,debt_consolidation,0.02,0.026,1
30,52788.0,4.3,RENT,7.3,4,0,0.113,12680.0,36,9.12,medical,0.08,0.092,0
18,115340.0,5.6,MORTGAGE,0.0,7,0,0.062,6131.0,12,8.34,medical,0.053,0.056,0
42,28104.0,8.5,RENT,23.5,3,1,0.147,7596.0,36,8.69,home_improvement,0.09,0.103,0
50,90285.0,3.3,MORTGAGE,30.2,9,0,0.133,14474.0,24,6.57,debt_consolidation,0.08,0.086,0
39,81730.0,0.5,RENT,13.3,4,2,0.221,12959.0,24,6.17,other,0.079,0.084,0
35,76818.0,2.6,MORTGAGE,13.8,5,0,0.602,10023.0,60,7.38,debt_consolidation,0.026,0.031,0
38,94702.0,5.9,MORTGAGE,16.1,5,0,0.262,24154.0,36,8.79,small_business,0.085,0.097,1
36,51725.0,1.3,MORTGAGE,13.4,4,0,0.418,14898.0,60,7.33,debt_consolidation,0.058,0.069,0
24,21280.0,1.0,RENT,5.7,9,0,0.102,4742.0,36,12.49,small_business,0.074,0.089,0
31,52253.0,2.1,MORTGAGE,10.4,4,2,0.461,8737.0,48,6.24,debt_consolidation,0.042,0.047,0
46,33005.0,0.2,RENT,26.6,4,0,0.515,10116.0,48,11.91,medical,0.077,0.097,0
44,37574.0,8.2,OWN,25.6,2,0,0.115,19626.0,12,8.67,credit_card,0.522,0.547,0
42,29109.0,1.8,MORTGAGE,23.3,5,0,0.492,1830.0,60,10.97,debt_consolidation,0.013,0.016,0
28,42673.0,0.8,RENT,5.4,3,0,0.248,10298.0,12,8.57,credit_card,0.241,0.253,0
38,40203.0,7.2,MORTGAGE,19.5,7,2,0.427,16983.0,12,10.61,debt_consolidation,0.422,0.447,0
18,16502.0,11.1,RENT,0.0,4,0,0.426,12448.0,48,7.68,debt_consolidation,0.189,0.22,0
42,76888.0,0.1,RENT,23.0,8,0,0.24,4019.0,24,9.69,debt_consolidation,0.026,0.029,0
57,164417.0,1.6,RENT,38.9,6,0,0.223,16037.0,36,5.47,credit_card,0.033,0.035,0
22,73359.0,17.4,MORTGAGE,2.1,1,0,0.123,6904.0,24,10.47,debt_consolidation,0.047,0.052,0
33,48949.0,2.9,RENT,10.6,3,1,0.331,6223.0,48,10.97,credit_card,0.032,0.039,0
44,52713.0,16.7,RENT,25.9,6,0,0.115,11859.0,36,10.25,debt_consolidation,0.075,0.087,0
55,43893.0,1.9,OWN,36.6,4,0,0.168,3786.0,36,9.48,home_improvement,0.029,0.033,0
35,56671.0,1.5,MORTGAGE,13.2,2,0,0.319,13866.0,48,9.7,debt_consolidation,0.061,0.074,0
32,53183.0,1.4,MORTGAGE,11.3,4,0,0.327,13238.0,36,8.98,medical,0.083,0.095,0
18,35578.0,0.5,RENT,0.0,3,0,0.474,12179.0,12,5.98,major_purchase,0.342,0.354,1
41,125674.0,13.6,OWN,22.2,3,0,0.123,14436.0,60,10.87,debt_consolidation,0.023,0.03,0
65,25756.0,23.4,MORTGAGE,42.1,4,0,0.025,17221.0,36,11.64,small_business,0.223,0.265,0
43,77588.0,18.5,MORTGAGE,23.0,14,0,0.186,30307.0,36,12.56,major_purchase,0.13,0.157,0
40,51503.0,11.5,RENT,19.2,5,0,0.664,5491.0,60,7.35,medical,0.021,0.026,0
44,140143.0,11.3,RENT,25.7,7,0,0.251,6569.0,24,10.09,other,0.023,0.026,0
40,64243.0,6.5,MORTGAGE,21.3,4,0,0.131,21124.0,24,9.52,debt_consolidation,0.164,0.181,0
30,45254.0,10.5,MORTGAGE,7.5,4,0,0.13,12758.0,48,8.98,debt_consolidation,0.07,0.084,0
50,47865.0,1.4,RENT,31.2,2,0,0.62,10760.0,36,10.47,debt_consolidation,0.075,0.088,0
43,55268.0,2.9,OWN,24.7,6,0,0.449,14122.0,60,12.12,debt_consolidation,0.051,0.068,0
40,30595.0,6.1,OWN,19.3,4,0,0.196,31952.0,60,6.66,debt_consolidation,0.209,0.246,0
28,36922.0,12.5,MORTGAGE,7.6,0,0,0.175,10746.0,12,9.98,credit_card,0.291,0.307,0
56,22193.0,6.5,MORTGAGE,35.2,5,2,0.182,6186.0,60,9.92,debt_consolidation,0.056,0.071,0
48,34150.0,11.0,OWN,27.1,2,0,0.383,12313.0,48,9.08,debt_consolidation,0.09,0.108,0
33,56781.0,3.9,MORTGAGE,12.9,8,3,0.218,8687.0,12,8.53,home_improvement,0.153,0.16,0
52,62949.0,7.6,MORTGAGE,32.0,6,1,0.668,8119.0,60,8.04,home_improvement,0.026,0.031,0
34,20137.0,23.5,RENT,8.3,5,0,0.185,10024.0,12,8.95,credit_card,0.498,0.522,0
31,50584.0,1.0,MORTGAGE,10.7,7,0,0.107,14616.0,24,8.07,debt_consolidation,0.144,0.157,0
31,71805.0,15.7,MORTGAGE,10.1,4,2,0.226,5239.0,24,8.94,other,0.036,0.04,0
19,49938.0,4.4,MORTGAGE,0.1,2,1,0.166,20183.0,36,7.39,debt_consolidation,0.135,0.151,0
46,39462.0,6.2,MORTGAGE,21.9,4,0,0.056,20314.0,60,11.84,credit_card,0.103,0.137,0
18,44087.0,12.6,MORTGAGE,0.0,3,0,0.02,5873.0,24,7.45,other,0.067,0.072,0
25,41341.0,3.2,RENT,4.6,3,1,0.206,37697.0,36,8.11,major_purchase,0.304,0.343,0
18,39404.0,3.3,OWN,0.0,11,2,0.368,9082.0,24,7.91,debt_consolidation,0.115,0.125,0
39,59096.0,4.5,MORTGAGE,18.2,2,0,0.52,10756.0,36,5.65,home_improvement,0.061,0.066,0
38,171758.0,0.1,RENT,18.7,3,0,0.278,17986.0,48,9.58,credit_card,0.026,0.032,0
36,37352.0,4.1,RENT,14.2,5,0,0.224,5587.0,36,12.07,debt_consolidation,0.05,0.06,0
27,46209.0,2.1,OWN,8.9,7,1,0.087,27893.0,24,9.87,credit_card,0.302,0.334,0
26,52794.0,15.8,MORTGAGE,6.4,5,2,0.37,14617.0,36,4.83,major_purchase,0.092,0.099,0
46,38420.0,0.6,OWN,22.7,0,0,0.028,12557.0,48,6.47,home_improvement,0.082,0.093,0
33,93819.0,3.7,RENT,14.1,5,0,0.31,7397.0,48,7.22,other,0.02,0.023,0
44,16557.0,17.7,MORTGAGE,25.8,9,1,0.213,16842.0,48,10.55,credit_card,0.254,0.313,0
29,41542.0,13.9,MORTGAGE,8.9,4,0,0.314,48211.0,36,9.63,debt_consolidation,0.387,0.447,0
42,81565.0,7.3,RENT,12.7,9,0,0.147,8109.0,24,11.75,debt_consolidation,0.05,0.056,0
56,46768.0,5.3,MORTGAGE,37.8,4,1,0.033,21022.0,60,5.86,small_business,0.09,0.104,0
47,35939.0,2.0,RENT,28.8,5,0,0.235,19162.0,36,7.55,debt_consolidation,0.178,0.199,0
35,67533.0,2.7,MORTGAGE,14.3,8,0,0.163,10473.0,60,10.47,credit_card,0.031,0.04,0
43,85235.0,0.6,OWN,24.1,5,0,0.214,38070.0,24,8.84,home_improvement,0.223,0.244,0
37,60193.0,9.3,MORTGAGE,17.4,1,2,0.405,2745.0,36,13.03,small_business,0.015,0.018,1
40,36293.0,2.3,MORTGAGE,16.7,3,0,0.412,7269.0,48,9.18,credit_card,0.05,0.06,0
36,68057.0,6.6,MORTGAGE,17.3,8,1,0.129,14538.0,36,5.18,home_improvement,0.071,0.077,0
38,44310.0,2.7,RENT,16.2,3,0,0.174,9608.0,12,7.55,home_improvement,0.217,0.226,0
43,78637.0,3.7,OWN,22.9,6,0,0.287,8736.0,36,8.51,debt_consolidation,0.037,0.042,0
28,113735.0,4.9,MORTGAGE,2.9,1,0,0.106,17074.0,36,7.12,debt_consolidation,0.05,0.056,0
28,15000.0,9.7,RENT,0.0,2,2,0.397,7618.0,36,7.52,other,0.169,0.19,0
23,57270.0,1.4,RENT,3.0,2,1,0.148,16138.0,36,9.62,credit_card,0.094,0.109,0
21,22746.0,3.1,OWN,0.4,8,1,0.726,14456.0,60,11.84,home_improvement,0.127,0.169,1
25,183670.0,0.8,RENT,2.9,13,0,0.432,9898.0,36,9.68,debt_consolidation,0.018,0.021,0
42,42870.0,0.5,RENT,22.8,4,1,0.312,12482.0,60,6.31,credit_card,0.058,0.068,0
29,78683.0,5.6,MORTGAGE,10.2,3,1,0.064,6906.0,36,10.99,debt_consolidation,0.029,0.034,0
46,53228.0,1.3,MORTGAGE,18.0,3,1,0.499,12101.0,36,11.91,debt_consolidation,0.076,0.09,0
40,36260.0,0.4,MORTGAGE,20.3,3,0,0.428,12760.0,48,10.02,medical,0.088,0.107,0
18,34166.0,13.6,MORTGAGE,0.0,5,0,0.233,7802.0,48,10.31,home_improvement,0.057,0.07,0
48,119711.0,4.6,RENT,24.5,8,0,0.17,29701.0,36,8.48,credit_card,0.083,0.094,0
50,87375.0,0.9,RENT,29.3,3,0,0.157,18970.0,12,9.32,small_business,0.217,0.228,0
28,143171.0,0.3,RENT,9.4,6,1,0.186,10333.0,48,12.22,credit_card,0.018,0.023,0
45,55700.0,0.8,OWN,26.9,6,0,0.582,10098.0,48,11.45,debt_consolidation,0.045,0.057,0
30,62565.0,3.8,RENT,11.0,6,2,0.089,53937.0,60,7.11,small_business,0.172,0.205,0
41,47401.0,6.6,MORTGAGE,15.1,7,1,0.229,9949.0,36,6.22,credit_card,0.07,0.077,0
25,46932.0,6.2,MORTGAGE,0.0,4,1,0.453,2904.0,36,9.41,credit_card,0.021,0.024,0
18,32179.0,0.9,RENT,0.0,7,2,0.085,15476.0,36,10.68,major_purchase,0.16,0.188,0
35,56501.0,6.0,RENT,11.6,4,3,0.325,2432.0,36,6.83,home_improvement,0.014,0.016,0
39,36511.0,3.1,MORTGAGE,19.3,5,0,0.119,18686.0,36,11.1,home_improvement,0.171,0.201,0
35,67572.0,3.8,OWN,13.8,5,0,0.463,17039.0,36,9.82,medical,0.084,0.097,0
26,58983.0,9.7,MORTGAGE,6.8,5,0,0.208,13772.0,24,12.69,credit_card,0.117,0.133,0
35,62557.0,2.4,MORTGAGE,14.8,9,0,0.136,38349.0,36,8.38,debt_consolidation,0.204,0.232,0
43,125187.0,1.0,MORTGAGE,24.0,4,0,0.1,17514.0,24,9.09,debt_consolidation,0.07,0.077,0
39,53164.0,12.4,RENT,20.8,4,0,0.059,16222.0,36,11.75,other,0.102,0.121,0
42,79092.0,1.4,RENT,23.5,4,1,0.175,16405.0,48,8.46,debt_consolidation,0.052,0.061,0
32,151109.0,2.1,OWN,13.0,6,0,0.59,7846.0,24,10.47,credit_card,0.026,0.029,0
54,104121.0,7.4,MORTGAGE,24.8,4,1,0.181,17864.0,24,6.6,small_business,0.086,0.092,0
26,96431.0,6.9,RENT,0.0,7,0,0.225,16559.0,24,11.93,small_business,0.086,0.097,0
46,46474.0,9.7,MORTGAGE,22.7,4,1,0.146,7411.0,24,11.78,medical,0.08,0.09,0
54,60768.0,1.2,RENT,35.2,6,0,0.332,7112.0,48,9.54,medical,0.029,0.035,0
46,28025.0,2.6,RENT,26.3,4,0,0.172,15033.0,36,10.17,other,0.179,0.208,0
38,69526.0,0.8,MORTGAGE,18.3,8,1,0.166,19497.0,36,8.13,debt_consolidation,0.093,0.106,0
34,62145.0,4.7,MORTGAGE,14.5,0,1,0.403,5913.0,60,10.45,debt_consolidation,0.019,0.025,0
52,54814.0,2.1,RENT,33.9,6,2,0.042,8738.0,48,9.1,major_purchase,0.04,0.048,1
23,90545.0,7.0,RENT,2.7,8,0,0.113,6037.0,24,9.8,debt_consolidation,0.033,0.037,0
28,29617.0,0.0,RENT,9.8,5,0,0.467,7385.0,24,12.17,major_purchase,0.125,0.141,0
35,122692.0,0.4,MORTGAGE,12.1,7,2,0.168,6349.0,12,9.28,home_improvement,0.052,0.054,0
55,85040.0,3.4,MORTGAGE,33.5,7,0,0.262,10227.0,24,12.03,credit_card,0.06,0.068,0
45,52296.0,19.0,RENT,25.7,3,0,0.485,7434.0,36,10.11,debt_consolidation,0.047,0.055,0
28,50294.0,13.3,MORTGAGE,6.9,2,0,0.124,10136.0,60,11.49,debt_consolidation,0.04,0.053,0
36,68893.0,30.7,MORTGAGE,17.2,5,0,0.648,5946.0,48,7.4,small_business,0.022,0.025,0
33,115893.0,3.2,RENT,14.1,8,3,0.423,18289.0,36,9.86,small_business,0.053,0.061,1
31,57000.0,0.3,MORTGAGE,11.9,7,0,0.478,5369.0,60,9.32,debt_consolidation,0.019,0.024,0
52,58222.0,2.2,RENT,29.2,1,0,0.724,10726.0,24,6.68,debt_consolidation,0.092,0.099,0
24,54669.0,6.8,MORTGAGE,5.3,2,0,0.1,8264.0,36,10.61,debt_consolidation,0.05,0.059,0
59,132060.0,0.9,MORTGAGE,38.5,6,0,0.205,21841.0,48,12.11,debt_consolidation,0.041,0.052,0
50,45051.0,2.1,RENT,31.3,3,0,0.152,16579.0,48,6.66,home_improvement,0.092,0.105,0
53,53383.0,0.3,MORTGAGE,34.0,11,0,0.114,38414.0,60,7.97,debt_consolidation,0.144,0.175,0
34,112614.0,3.9,MORTGAGE,15.2,8,0,0.415,6968.0,12,6.19,debt_consolidation,0.062,0.064,0
38,58309.0,1.4,RENT,16.9,3,3,0.358,10600.0,60,4.8,small_business,0.036,0.041,1
23,95658.0,0.6,RENT,2.8,6,0,0.323,18529.0,24,8.76,major_purchase,0.097,0.106,0
34,34350.0,3.2,RENT,12.2,6,0,0.604,7890.0,12,9.81,debt_consolidation,0.23,0.242,1
46,48891.0,2.6,RENT,27.3,10,0,0.038,6421.0,60,9.07,credit_card,0.026,0.033,0
56,113802.0,4.6,RENT,38.0,7,0,0.592,7245.0,60,7.17,debt_consolidation,0.013,0.015,0
27,38632.0,8.3,RENT,5.6,8,0,0.509,12860.0,24,6.98,small_business,0.166,0.179,0
36,50229.0,0.7,MORTGAGE,17.6,3,1,0.239,8489.0,24,7.44,home_improvement,0.085,0.091,0
38,61595.0,9.4,MORTGAGE,19.2,4,0,0.152,47468.0,48,8.78,debt_consolidation,0.193,0.229,0
23,33038.0,0.2,MORTGAGE,3.9,1,1,0.097,13595.0,60,7.86,debt_consolidation,0.082,0.1,1
47,44051.0,3.5,MORTGAGE,24.9,4,1,0.109,7048.0,48,8.99,small_business,0.04,0.048,0
31,57315.0,5.3,MORTGAGE,10.1,6,0,0.274,20144.0,24,14.34,debt_consolidation,0.176,0.203,0
38,55456.0,18.9,RENT,19.4,3,0,0.319,9214.0,36,10.43,medical,0.055,0.065,0
35,102763.0,5.1,RENT,14.3,4,0,0.327,19021.0,12,10.19,debt_consolidation,0.185,0.195,0
31,117094.0,1.0,RENT,9.3,6,0,0.428,11515.0,24,9.39,debt_consolidation,0.049,0.054,0
40,35311.0,4.4,MORTGAGE,20.5,5,0,0.532,16061.0,60,11.35,credit_card,0.091,0.12,1
37,57276.0,3.0,MORTGAGE,18.2,4,0,0.297,7281.0,24,7.76,debt_consolidation,0.064,0.069,0
36,75896.0,3.9,RENT,14.6,3,0,0.483,19945.0,36,7.67,debt_consolidation,0.088,0.098,0
31,115633.0,1.3,OWN,10.2,9,1,0.354,7341.0,36,10.64,credit_card,0.021,0.025,1
44,77594.0,4.2,OWN,25.8,9,1,0.612,13949.0,36,8.92,medical,0.06,0.069,0
60,62659.0,1.0,MORTGAGE,38.7,8,2,0.604,25725.0,24,8.91,home_improvement,0.205,0.225,0
42,75605.0,8.2,MORTGAGE,22.0,2,1,0.347,16956.0,36,11.43,debt_consolidation,0.075,0.089,0
52,75878.0,5.4,RENT,29.8,6,0,0.205,18555.0,12,12.21,credit_card,0.245,0.261,0
23,34069.0,0.5,MORTGAGE,4.4,4,1,0.337,22626.0,36,7.47,credit_card,0.221,0.248,0
42,59659.0,13.2,MORTGAGE,23.1,6,0,0.434,22985.0,24,5.57,debt_consolidation,0.193,0.204,0
27,112373.0,5.7,OWN,6.6,3,0,0.379,7017.0,36,7.28,home_improvement,0.021,0.023,1
22,48841.0,2.3,RENT,2.0,4,0,0.438,16028.0,24,7.8,home_improvement,0.164,0.178,0
31,57799.0,0.3,MORTGAGE,11.5,8,1,0.482,6702.0,48,8.66,small_business,0.029,0.034,0
54,47990.0,6.0,MORTGAGE,31.9,6,0,0.47,7630.0,36,6.52,debt_consolidation,0.053,0.058,0
51,17036.0,2.8,MORTGAGE,30.5,4,0,0.347,13277.0,36,10.27,credit_card,0.26,0.303,0
43,54737.0,14.3,RENT,21.3,3,0,0.51,8766.0,36,10.29,major_purchase,0.053,0.062,0
22,63000.0,0.2,RENT,3.5,7,1,0.508,17310.0,24,7.27,small_business,0.137,0.148,1
38,41930.0,0.2,MORTGAGE,16.1,3,1,0.056,36840.0,24,9.15,debt_consolidation,0.439,0.482,0
44,30415.0,17.9,RENT,24.1,7,0,0.65,7948.0,24,11.85,credit_card,0.131,0.147,0
42,34881.0,20.1,MORTGAGE,23.9,4,0,0.384,6542.0,36,8.6,other,0.063,0.071,0
18,79387.0,0.2,MORTGAGE,0.0,9,0,0.239,12962.0,24,12.12,debt_consolidation,0.082,0.092,0
29,145257.0,7.6,RENT,10.9,6,0,0.344,6592.0,36,10.81,debt_consolidation,0.015,0.018,0
39,108144.0,1.5,OWN,19.2,4,0,0.75,13637.0,24,8.8,debt_consolidation,0.063,0.069,1
46,27662.0,7.3,RENT,26.8,2,0,0.295,14497.0,48,10.39,small_business,0.131,0.161,0
18,83060.0,12.2,MORTGAGE,0.0,2,0,0.31,54751.0,24,6.09,small_business,0.33,0.351,0
38,38887.0,0.6,MORTGAGE,13.9,5,0,0.385,15088.0,60,7.28,credit_card,0.078,0.093,1
42,40492.0,1.6,MORTGAGE,18.8,6,0,0.26,8711.0,36,7.89,debt_consolidation,0.072,0.081,0
50,43002.0,0.1,RENT,29.9,5,2,0.099,9225.0,36,10.01,credit_card,0.072,0.083,0
48,77113.0,0.3,RENT,25.1,7,0,0.179,8860.0,60,10.45,home_improvement,0.023,0.03,0
47,87520.0,0.2,MORTGAGE,28.1,8,0,0.1,16394.0,24,8.57,debt_consolidation,0.094,0.102,0
30,51585.0,9.7,OWN,9.5,3,0,0.345,1548.0,60,10.33,debt_consolidation,0.006,0.008,0
18,52024.0,2.1,OWN,0.0,5,0,0.544,16376.0,12,7.34,credit_card,0.315,0.327,0
35,68332.0,4.1,RENT,16.4,6,0,0.251,10099.0,36,11.73,credit_card,0.049,0.059,0
52,71969.0,9.3,MORTGAGE,33.8,9,1,0.167,15235.0,48,8.64,other,0.053,0.063,0
57,97549.0,4.1,RENT,36.5,2,2,0.487,9408.0,48,9.13,credit_card,0.024,0.029,0
49,28504.0,3.4,MORTGAGE,30.7,4,0,0.39,16362.0,48,10.21,home_improvement,0.144,0.175,0
45,54722.0,0.1,MORTGAGE,23.2,4,0,0.35,7948.0,12,7.51,credit_card,0.145,0.151,0
45,31761.0,5.0,RENT,19.4,9,1,0.223,4979.0,36,8.66,medical,0.052,0.06,0
33,52814.0,0.8,MORTGAGE,14.5,7,1,0.326,11356.0,36,6.64,debt_consolidation,0.072,0.079,1
38,48383.0,8.7,RENT,18.1,9,1,0.571,11387.0,12,10.93,debt_consolidation,0.235,0.25,0
60,52925.0,1.8,RENT,38.0,8,0,0.22,11341.0,48,6.74,credit_card,0.054,0.061,0
29,36320.0,6.7,MORTGAGE,10.0,6,0,0.337,3543.0,24,10.87,other,0.049,0.054,0
59,25754.0,6.2,RENT,33.4,5,0,0.45,13380.0,60,10.32,credit_card,0.104,0.133,0
36,19011.0,5.8,OWN,11.4,10,0,0.272,11150.0,48,9.98,credit_card,0.147,0.178,0
56,50737.0,1.9,MORTGAGE,37.7,5,1,0.134,13746.0,36,9.37,medical,0.09,0.104,0
23,43674.0,1.9,MORTGAGE,4.9,2,1,0.149,10113.0,12,8.79,medical,0.232,0.243,0
47,38640.0,11.9,MORTGAGE,17.8,3,1,0.615,40158.0,24,7.11,debt_consolidation,0.52,0.559,0
31,104954.0,0.1,MORTGAGE,3.6,2,0,0.226,11309.0,36,8.76,major_purchase,0.036,0.041,0
23,35252.0,1.2,MORTGAGE,3.4,4,1,0.078,18380.0,24,10.71,small_business,0.261,0.291,0
43,110020.0,5.7,MORTGAGE,24.8,6,1,0.373,30838.0,36,9.57,debt_consolidation,0.093,0.108,0
52,122018.0,10.2,MORTGAGE,31.1,7,0,0.086,17697.0,24,7.26,small_business,0.073,0.078,0
30,20426.0,2.7,RENT,11.0,5,0,0.12,12800.0,48,7.53,debt_consolidation,0.157,0.182,0
22,56738.0,6.4,MORTGAGE,0.0,4,2,0.314,31729.0,48,6.99,debt_consolidation,0.14,0.161,0
39,44363.0,4.9,MORTGAGE,16.3,6,0,0.254,6434.0,12,10.98,other,0.145,0.154,0
39,15000.0,0.4,MORTGAGE,17.9,2,0,0.172,18076.0,24,9.1,credit_card,0.603,0.661,0
47,26309.0,5.8,MORTGAGE,28.0,9,0,0.277,6197.0,48,9.76,small_business,0.059,0.071,0
51,79815.0,10.1,MORTGAGE,29.4,8,0,0.348,12914.0,36,9.69,debt_consolidation,0.054,0.062,0
39,148687.0,29.3,RENT,20.0,4,0,0.007,6931.0,36,5.95,major_purchase,0.016,0.017,0
62,85079.0,0.2,MORTGAGE,43.9,3,1,0.373,4086.0,60,10.41,debt_consolidation,0.01,0.012,0
43,63692.0,6.5,RENT,22.9,6,0,0.025,4414.0,36,5.29,small_business,0.023,0.025,0
36,53602.0,3.2,MORTGAGE,16.0,5,0,0.41,28494.0,36,10.59,debt_consolidation,0.177,0.208,0
21,125660.0,0.1,RENT,0.0,6,0,0.287,6416.0,48,9.8,home_improvement,0.013,0.015,0
37,158597.0,5.7,OWN,13.0,3,0,0.14,10081.0,36,8.54,credit_card,0.021,0.024,0
36,40400.0,0.8,RENT,16.7,7,0,0.663,7784.0,24,6.81,debt_consolidation,0.096,0.103,0
52,19931.0,2.9,OWN,32.2,8,0,0.005,23346.0,24,7.92,debt_consolidation,0.586,0.635,0
46,18976.0,1.8,OWN,26.1,6,1,0.23,4515.0,48,9.46,home_improvement,0.059,0.072,0
26,104919.0,2.7,MORTGAGE,6.8,2,1,0.435,7397.0,48,9.08,debt_consolidation,0.018,0.021,0
42,52917.0,4.1,RENT,19.9,6,0,0.25,85595.0,12,10.61,debt_consolidation,1.618,1.712,1
48,59375.0,2.7,RENT,27.8,9,0,0.541,25975.0,36,8.19,debt_consolidation,0.146,0.165,0
58,22130.0,4.8,RENT,32.6,5,0,0.105,6525.0,36,5.72,major_purchase,0.098,0.107,0
51,37176.0,1.6,MORTGAGE,29.8,8,1,0.531,22578.0,24,9.19,small_business,0.304,0.334,0
49,46736.0,6.1,MORTGAGE,30.3,7,0,0.104,9231.0,36,11.23,other,0.066,0.078,0
41,60109.0,11.5,RENT,22.5,1,1,0.328,15977.0,60,14.53,credit_card,0.053,0.075,0
45,44387.0,1.5,RENT,25.6,3,0,0.172,5947.0,36,12.9,credit_card,0.045,0.054,0
55,32252.0,4.3,RENT,35.7,7,1,0.255,10281.0,36,12.51,home_improvement,0.106,0.128,0
24,36597.0,6.3,MORTGAGE,4.4,2,0,0.239,16097.0,60,6.3,credit_card,0.088,0.103,0
36,99127.0,5.0,RENT,17.4,4,1,0.734,6113.0,24,5.7,credit_card,0.031,0.033,0
31,61230.0,2.7,MORTGAGE,1.5,4,0,0.567,9582.0,36,10.64,medical,0.052,0.061,0
45,73576.0,6.2,MORTGAGE,26.5,3,0,0.425,13132.0,24,11.11,debt_consolidation,0.089,0.1,0
55,34564.0,0.2,MORTGAGE,33.8,6,0,0.258,17387.0,60,7.17,major_purchase,0.101,0.12,0
33,15000.0,2.8,RENT,15.0,4,1,0.132,14096.0,12,9.94,other,0.94,0.991,0
18,41708.0,4.6,RENT,0.0,5,1,0.643,16930.0,48,7.93,home_improvement,0.101,0.119,1
35,35127.0,0.1,MORTGAGE,15.9,4,0,0.724,3471.0,36,12.29,debt_consolidation,0.033,0.04,0
51,64506.0,4.3,MORTGAGE,31.6,2,1,0.31,2911.0,60,8.65,home_improvement,0.009,0.011,0
46,280089.0,6.4,RENT,25.9,3,0,0.086,10376.0,36,7.3,medical,0.012,0.014,0
45,76694.0,8.5,RENT,24.2,4,0,0.24,22361.0,36,9.18,medical,0.097,0.112,0
37,212773.0,0.7,MORTGAGE,16.4,3,2,0.14,8589.0,36,10.48,credit_card,0.013,0.016,0
25,71997.0,28.0,MORTGAGE,4.0,1,1,0.158,6058.0,24,10.68,debt_consolidation,0.042,0.047,1
46,39540.0,5.6,MORTGAGE,22.4,6,1,0.409,3105.0,60,8.41,debt_consolidation,0.016,0.019,0
30,64470.0,2.7,MORTGAGE,5.5,4,1,0.222,11412.0,36,7.22,credit_card,0.059,0.066,1
66,131969.0,1.7,MORTGAGE,44.0,6,0,0.159,4417.0,24,10.21,other,0.017,0.019,0
47,135237.0,5.1,MORTGAGE,28.8,5,0,0.333,7108.0,36,9.88,small_business,0.018,0.02,0
33,40633.0,12.8,MORTGAGE,5.2,5,0,0.199,7633.0,12,9.13,credit_card,0.188,0.197,0
33,61488.0,4.4,MORTGAGE,6.2,9,1,0.296,3137.0,24,9.46,credit_card,0.026,0.028,0
39,26512.0,6.5,RENT,17.3,6,2,0.386,9078.0,36,8.42,debt_consolidation,0.114,0.13,0
37,81825.0,2.7,RENT,16.8,6,0,0.28,34008.0,24,10.66,other,0.208,0.232,0
53,117792.0,2.9,MORTGAGE,34.1,4,0,0.437,42036.0,24,5.74,major_purchase,0.178,0.189,0
42,55265.0,2.0,OWN,19.8,6,0,0.058,28806.0,36,10.56,credit_card,0.174,0.203,0
31,38805.0,7.3,RENT,6.7,5,0,0.24,5957.0,36,8.29,debt_consolidation,0.051,0.058,0
63,64865.0,2.7,RENT,41.7,10,1,0.167,33721.0,60,10.96,debt_consolidation,0.104,0.136,0
41,66751.0,1.3,RENT,20.0,12,1,0.055,8970.0,36,11.72,other,0.045,0.053,0
49,56420.0,2.8,RENT,30.4,6,1,0.142,5805.0,36,11.32,credit_card,0.034,0.041,0
33,59240.0,11.5,MORTGAGE,13.7,1,1,0.268,8490.0,24,8.5,home_improvement,0.072,0.078,0
44,49667.0,8.0,MORTGAGE,22.1,3,1,0.364,17110.0,60,12.73,other,0.069,0.093,0
44,89141.0,2.4,MORTGAGE,25.9,3,0,0.44,6735.0,60,7.88,major_purchase,0.015,0.018,0
18,78285.0,14.2,OWN,0.0,3,2,0.136,11886.0,36,9.19,small_business,0.051,0.058,1
64,33138.0,0.5,RENT,41.6,8,0,0.327,6782.0,12,9.36,home_improvement,0.205,0.215,0
55,32686.0,0.3,MORTGAGE,35.8,9,2,0.633,27792.0,24,7.03,debt_consolidation,0.425,0.457,1
35,47706.0,0.8,RENT,16.8,3,2,0.334,14916.0,12,9.42,home_improvement,0.313,0.329,0
27,78309.0,0.7,MORTGAGE,3.9,3,0,0.604,7725.0,24,9.79,home_improvement,0.049,0.055,0
44,58339.0,0.6,MORTGAGE,25.5,3,0,0.298,6598.0,12,8.9,small_business,0.113,0.119,0
41,39278.0,6.5,OWN,21.6,3,1,0.08,18480.0,36,7.03,debt_consolidation,0.157,0.174,0
44,61744.0,5.5,MORTGAGE,22.3,3,1,0.136,15405.0,48,8.15,home_improvement,0.062,0.073,1
42,45917.0,6.3,MORTGAGE,18.9,9,0,0.437,7434.0,60,13.44,debt_consolidation,0.032,0.045,0
46,84140.0,7.0,MORTGAGE,22.1,3,1,0.11,6892.0,24,7.23,debt_consolidation,0.041,0.044,0
57,63993.0,8.5,MORTGAGE,36.7,2,1,0.153,2986.0,36,7.57,debt_consolidation,0.016,0.017,1
47,46275.0,1.4,RENT,27.1,7,0,0.352,11607.0,48,7.08,debt_consolidation,0.063,0.072,0
27,60825.0,5.8,MORTGAGE,3.3,6,0,0.025,13778.0,48,8.1,other,0.057,0.066,0
56,104561.0,5.2,OWN,35.5,9,0,0.291,6514.0,12,9.3,credit_card,0.062,0.065,0
60,40749.0,17.3,OWN,39.4,5,0,0.442,7428.0,24,7.68,other,0.091,0.099,0
75,66259.0,1.6,RENT,55.3,3,0,0.449,26403.0,36,7.55,debt_consolidation,0.133,0.149,0
27,52301.0,0.4,OWN,7.6,6,0,0.429,10601.0,24,8.55,credit_card,0.101,0.111,0
43,67070.0,6.4,OWN,23.0,6,0,0.093,11566.0,48,14.67,major_purchase,0.043,0.057,0
18,39055.0,8.1,MORTGAGE,0.0,5,1,0.51,5224.0,24,10.29,credit_card,0.067,0.074,0
47,57249.0,2.0,RENT,27.7,5,0,0.271,7116.0,60,6.5,home_improvement,0.025,0.029,0
33,94269.0,5.1,RENT,0.0,1,1,0.349,13217.0,60,8.89,debt_consolidation,0.028,0.035,0
63,33911.0,0.4,RENT,43.8,4,1,0.293,16436.0,36,8.35,debt_consolidation,0.162,0.183,0
31,27870.0,19.3,RENT,12.1,7,0,0.394,14386.0,48,10.18,credit_card,0.129,0.158,1
20,28404.0,0.7,RENT,0.7,3,0,0.022,6935.0,36,10.16,debt_consolidation,0.081,0.095,0
34,30172.0,0.4,OWN,13.3,5,1,0.351,14052.0,24,11.11,medical,0.233,0.261,0
18,72960.0,0.3,RENT,0.0,8,0,0.58,6882.0,36,5.73,credit_card,0.031,0.034,0
49,26824.0,3.3,MORTGAGE,26.3,4,0,0.028,7612.0,12,8.34,home_improvement,0.284,0.297,0
18,46679.0,0.6,RENT,0.0,9,1,0.144,13207.0,60,10.13,debt_consolidation,0.057,0.072,0
40,73802.0,8.2,RENT,16.1,4,1,0.316,17643.0,48,9.4,debt_consolidation,0.06,0.072,0
18,66725.0,13.7,RENT,0.0,3,0,0.089,38262.0,12,10.21,debt_consolidation,0.573,0.606,0
36,44677.0,1.8,MORTGAGE,17.2,7,0,0.308,54420.0,48,10.7,credit_card,0.305,0.376,0
60,59603.0,5.9,RENT,40.2,7,0,0.06,8318.0,24,10.92,major_purchase,0.07,0.078,0
44,57158.0,0.3,RENT,24.5,3,0,0.395,26260.0,60,7.07,credit_card,0.092,0.109,0
30,48430.0,2.9,RENT,10.6,4,1,0.343,16112.0,24,10.0,credit_card,0.166,0.184,0
40,48756.0,2.1,RENT,18.8,8,0,0.17,5016.0,24,14.34,home_improvement,0.051,0.059,0
40,165663.0,1.6,RENT,20.5,7,0,0.202,10402.0,60,10.2,debt_consolidation,0.013,0.016,0
46,81199.0,6.2,RENT,25.1,7,0,0.32,21099.0,36,11.24,major_purchase,0.087,0.102,0
24,187274.0,0.8,OWN,4.6,3,0,0.388,11559.0,12,8.41,other,0.062,0.065,0
47,42257.0,11.8,OWN,27.9,7,2,0.246,20664.0,36,12.98,small_business,0.163,0.198,0
18,51923.0,6.6,MORTGAGE,0.0,6,1,0.176,10159.0,36,9.7,medical,0.065,0.075,0
32,27832.0,7.4,MORTGAGE,9.1,6,1,0.343,8674.0,48,8.41,home_improvement,0.078,0.092,0
34,36142.0,16.4,RENT,13.2,2,0,0.444,7822.0,36,8.3,debt_consolidation,0.072,0.082,0
48,140218.0,17.1,MORTGAGE,19.1,5,0,0.262,4634.0,48,7.23,debt_consolidation,0.008,0.01,0
40,41730.0,4.8,RENT,16.6,10,0,0.149,31431.0,48,8.85,major_purchase,0.188,0.224,0
23,141441.0,4.1,MORTGAGE,3.0,7,3,0.162,5352.0,12,8.14,medical,0.038,0.04,0
28,29095.0,2.5,OWN,9.2,10,0,0.359,25225.0,36,7.12,debt_consolidation,0.289,0.322,0
42,31993.0,7.5,MORTGAGE,20.6,0,0,0.145,17932.0,36,8.6,credit_card,0.187,0.213,0
39,45679.0,4.6,MORTGAGE,17.1,8,0,0.285,11852.0,60,9.17,debt_consolidation,0.052,0.065,0
33,52477.0,16.2,RENT,13.1,5,1,0.329,20377.0,12,7.54,home_improvement,0.388,0.404,0
34,85952.0,1.6,OWN,15.2,4,0,0.12,13987.0,24,8.16,medical,0.081,0.088,0
48,67872.0,2.2,RENT,27.6,5,0,0.163,9609.0,12,9.36,debt_consolidation,0.142,0.149,0
34,43995.0,2.3,MORTGAGE,15.1,6,1,0.08,8999.0,12,8.89,debt_consolidation,0.205,0.215,1
39,50683.0,9.8,RENT,12.6,7,0,0.588,21798.0,36,12.8,major_purchase,0.143,0.173,0
66,46188.0,0.6,RENT,45.0,5,0,0.025,4400.0,48,10.26,credit_card,0.024,0.029,0
23,34292.0,3.6,RENT,4.0,2,2,0.566,3074.0,36,9.28,credit_card,0.03,0.034,0
18,34753.0,3.3,MORTGAGE,0.0,4,1,0.364,16184.0,60,8.59,small_business,0.093,0.115,0
49,90576.0,0.5,OWN,27.2,5,0,0.336,10023.0,12,8.66,home_improvement,0.111,0.116,0
32,21718.0,3.2,RENT,10.3,3,0,0.172,16004.0,36,9.69,credit_card,0.246,0.284,0
36,121623.0,4.3,MORTGAGE,15.3,3,1,0.259,5834.0,48,10.15,major_purchase,0.012,0.015,0
31,45638.0,0.4,MORTGAGE,10.1,7,0,0.619,7881.0,48,7.45,major_purchase,0.043,0.05,0
37,36818.0,4.3,MORTGAGE,16.2,11,0,0.406,20391.0,36,8.02,debt_consolidation,0.185,0.208,0
59,78424.0,19.2,MORTGAGE,39.7,6,0,0.358,9802.0,60,8.47,other,0.025,0.031,0
50,113847.0,23.2,RENT,23.7,12,1,0.144,6895.0,12,9.29,credit_card,0.061,0.064,0
50,94733.0,4.6,MORTGAGE,30.0,7,0,0.237,2073.0,48,7.87,other,0.005,0.006,0
23,69628.0,4.3,RENT,4.9,3,0,0.368,24385.0,60,9.27,other,0.07,0.088,0
26,93287.0,2.0,MORTGAGE,6.7,6,0,0.373,12719.0,36,8.71,home_improvement,0.045,0.052,0
18,22966.0,35.1,RENT,0.0,3,0,0.18,15042.0,48,10.3,credit_card,0.164,0.2,0
30,41735.0,1.9,OWN,10.6,5,0,0.407,18810.0,36,9.53,medical,0.15,0.173,1
51,34352.0,3.6,OWN,30.2,4,2,0.248,5173.0,24,10.07,credit_card,0.075,0.083,1
46,99939.0,0.0,OWN,27.9,6,1,0.314,7977.0,36,11.08,debt_consolidation,0.027,0.031,0
37,44724.0,2.6,RENT,12.9,13,1,0.042,6215.0,36,9.39,debt_consolidation,0.046,0.053,0
40,82678.0,0.4,RENT,19.2,3,0,0.108,9745.0,48,7.67,credit_card,0.029,0.034,0
32,70822.0,8.2,OWN,12.9,4,1,0.109,3316.0,48,9.49,debt_consolidation,0.012,0.014,0
42,35202.0,4.9,MORTGAGE,22.9,5,0,0.226,5610.0,36,7.76,debt_consolidation,0.053,0.06,0
49,40397.0,5.1,MORTGAGE,29.1,3,0,0.05,25312.0,36,8.17,credit_card,0.209,0.236,0
21,103457.0,2.0,RENT,2.1,8,0,0.538,5177.0,48,12.24,home_improvement,0.013,0.016,0
44,36763.0,10.1,MORTGAGE,26.0,4,0,0.383,8447.0,36,6.13,small_business,0.077,0.084,0
51,57667.0,0.0,MORTGAGE,32.9,3,1,0.368,15807.0,36,11.01,medical,0.091,0.108,0
35,36634.0,2.4,RENT,15.7,6,0,0.404,20374.0,24,6.83,credit_card,0.278,0.298,0
48,46306.0,6.5,MORTGAGE,29.6,6,1,0.312,21430.0,48,9.41,home_improvement,0.116,0.139,0
74,52940.0,14.3,MORTGAGE,55.9,2,0,0.094,14737.0,24,10.81,small_business,0.139,0.155,0
39,36628.0,1.6,RENT,15.1,5,1,0.343,7648.0,36,4.81,small_business,0.07,0.075,0
45,33516.0,4.7,OWN,26.0,4,1,0.339,7986.0,60,7.63,debt_consolidation,0.048,0.057,0
31,62513.0,4.6,MORTGAGE,10.9,3,1,0.417,10574.0,24,7.68,other,0.085,0.092,0
42,35512.0,12.4,MORTGAGE,23.4,3,0,0.378,18723.0,60,7.76,home_improvement,0.105,0.128,0
46,36123.0,0.3,OWN,27.9,4,2,0.389,5547.0,48,8.7,debt_consolidation,0.038,0.046,0
42,33876.0,3.3,RENT,19.9,11,1,0.073,19849.0,36,6.53,other,0.195,0.216,0
28,52107.0,1.2,MORTGAGE,9.6,5,0,0.176,4219.0,36,9.6,other,0.027,0.031,1
42,86842.0,0.1,RENT,23.9,6,0,0.192,10930.0,36,10.29,debt_consolidation,0.042,0.049,0
58,115066.0,1.0,RENT,37.3,4,0,0.322,5637.0,36,7.68,major_purchase,0.016,0.018,0
45,37686.0,22.5,RENT,27.0,3,0,0.176,13443.0,36,7.48,credit_card,0.119,0.133,0
52,158761.0,1.5,MORTGAGE,32.3,6,0,0.119,14308.0,36,8.86,debt_consolidation,0.03,0.034,0
37,32782.0,16.4,RENT,18.0,5,0,0.45,6563.0,48,8.88,medical,0.05,0.06,0
49,93132.0,1.4,MORTGAGE,29.8,10,0,0.303,20407.0,12,9.57,major_purchase,0.219,0.231,0
43,37766.0,16.1,RENT,25.0,6,0,0.281,9195.0,36,10.7,major_purchase,0.081,0.095,0
29,35050.0,6.4,RENT,1.0,6,0,0.48,5177.0,48,7.29,credit_card,0.037,0.043,1
44,37333.0,0.7,MORTGAGE,23.8,6,0,0.167,4730.0,24,6.8,small_business,0.063,0.068,0
28,52774.0,5.2,MORTGAGE,7.5,6,0,0.37,16124.0,48,11.45,small_business,0.076,0.096,0
32,72402.0,2.3,OWN,10.7,6,0,0.365,7562.0,48,5.98,debt_consolidation,0.026,0.029,0
42,75730.0,2.9,MORTGAGE,19.2,5,0,0.338,9911.0,48,6.92,major_purchase,0.033,0.038,0
44,33793.0,3.5,OWN,23.2,11,1,0.18,15270.0,36,9.86,credit_card,0.151,0.175,0
26,33030.0,3.3,OWN,3.7,6,0,0.333,3714.0,48,6.51,credit_card,0.028,0.032,0
53,34258.0,6.5,MORTGAGE,33.2,3,0,0.328,7261.0,48,9.78,home_improvement,0.053,0.064,0
47,51242.0,8.8,OWN,27.6,2,2,0.168,14341.0,60,10.23,debt_consolidation,0.056,0.072,0
32,48773.0,2.4,MORTGAGE,8.8,4,1,0.26,10033.0,24,10.18,credit_card,0.103,0.114,0
22,33689.0,15.5,RENT,0.0,9,0,0.526,13656.0,48,9.33,home_improvement,0.101,0.122,0
38,61995.0,16.7,MORTGAGE,19.6,8,0,0.299,7696.0,24,6.67,other,0.062,0.066,0
35,167927.0,0.2,MORTGAGE,14.7,10,0,0.331,12896.0,60,6.29,debt_consolidation,0.015,0.018,0
41,42093.0,0.1,RENT,19.5,9,0,0.323,16856.0,60,13.07,other,0.08,0.11,0
36,43619.0,3.3,MORTGAGE,17.7,3,0,0.256,3958.0,12,10.15,credit_card,0.091,0.096,0
18,71670.0,5.4,MORTGAGE,0.0,5,0,0.314,27203.0,24,9.91,credit_card,0.19,0.21,0
35,40970.0,2.0,OWN,14.8,4,0,0.485,36315.0,12,8.41,major_purchase,0.886,0.927,1
36,75696.0,1.8,OWN,14.9,5,1,0.016,6350.0,36,9.09,debt_consolidation,0.028,0.032,0
48,37825.0,6.8,MORTGAGE,29.4,6,0,0.224,13065.0,48,4.0,debt_consolidation,0.086,0.094,0
32,135410.0,5.5,RENT,13.1,6,0,0.387,10789.0,36,9.73,other,0.027,0.031,0
60,64369.0,1.1,MORTGAGE,41.6,1,1,0.153,19366.0,48,6.88,debt_consolidation,0.075,0.086,0
18,39735.0,13.0,RENT,0.0,6,1,0.25,10334.0,36,7.67,debt_consolidation,0.087,0.097,0
56,40362.0,6.8,MORTGAGE,36.0,8,1,0.144,18143.0,24,7.79,small_business,0.225,0.243,0
37,41902.0,2.7,OWN,13.6,6,0,0.401,5282.0,24,9.69,credit_card,0.063,0.07,0
50,107621.0,6.9,RENT,29.7,3,0,0.6,4913.0,48,9.82,home_improvement,0.011,0.014,0
41,28728.0,0.7,MORTGAGE,22.2,4,0,0.158,4658.0,36,10.51,credit_card,0.054,0.063,0
54,38794.0,3.8,RENT,35.9,5,0,0.357,11697.0,48,11.5,credit_card,0.075,0.094,0
35,40912.0,1.1,RENT,14.1,7,0,0.326,3936.0,60,13.03,major_purchase,0.019,0.026,0
27,53753.0,0.3,OWN,7.4,7,0,0.595,7150.0,36,6.84,credit_card,0.044,0.049,0
57,47308.0,2.5,MORTGAGE,26.5,3,0,0.283,12571.0,36,8.76,credit_card,0.089,0.101,0
39,25704.0,1.0,MORTGAGE,16.5,5,1,0.205,4782.0,48,6.22,debt_consolidation,0.047,0.053,0
43,44360.0,6.0,OWN,20.0,2,1,0.291,27942.0,36,11.38,debt_consolidation,0.21,0.249,0
55,51546.0,6.7,RENT,37.0,4,1,0.191,13036.0,24,8.78,other,0.126,0.138,0
28,39575.0,1.0,RENT,5.5,10,0,0.249,13120.0,12,11.82,medical,0.332,0.353,0
47,76373.0,0.1,MORTGAGE,28.4,2,0,0.528,22525.0,12,11.51,home_improvement,0.295,0.314,0
33,85794.0,9.4,MORTGAGE,12.4,6,0,0.159,4698.0,12,9.75,credit_card,0.055,0.058,0
38,52094.0,0.0,RENT,18.2,3,1,0.392,30527.0,36,6.98,other,0.195,0.217,1
41,60795.0,2.5,MORTGAGE,20.5,6,2,0.257,4815.0,60,7.81,debt_consolidation,0.016,0.019,0
22,18388.0,4.1,RENT,3.6,7,1,0.173,16843.0,48,10.68,home_improvement,0.229,0.282,1
31,43890.0,10.2,MORTGAGE,11.2,4,0,0.495,8198.0,48,9.72,credit_card,0.047,0.057,0
56,89537.0,10.9,RENT,37.9,5,0,0.261,16329.0,60,12.04,credit_card,0.036,0.049,0
51,43839.0,7.7,RENT,32.9,3,0,0.187,35657.0,36,8.27,debt_consolidation,0.271,0.307,0
39,37473.0,1.7,RENT,17.8,8,0,0.255,7201.0,36,9.21,home_improvement,0.064,0.074,0
43,169201.0,7.6,MORTGAGE,15.9,4,0,0.186,12733.0,36,9.69,credit_card,0.025,0.029,0
36,134529.0,1.7,RENT,13.5,5,0,0.439,20490.0,24,12.39,credit_card,0.076,0.086,0
56,68445.0,1.4,RENT,36.1,1,0,0.517,11180.0,60,8.93,debt_consolidation,0.033,0.041,0
38,95746.0,4.8,OWN,19.8,5,1,0.161,4866.0,60,8.98,credit_card,0.01,0.013,0
43,17801.0,6.8,RENT,24.9,5,0,0.197,13174.0,60,6.29,credit_card,0.148,0.173,0
54,36542.0,0.3,OWN,35.5,4,0,0.098,6901.0,12,12.45,debt_consolidation,0.189,0.202,0
31,42831.0,0.4,MORTGAGE,1.8,3,0,0.338,21436.0,36,10.61,major_purchase,0.167,0.195,0
59,48147.0,9.2,MORTGAGE,39.5,5,1,0.245,7520.0,36,8.06,home_improvement,0.052,0.059,0
22,42405.0,11.8,MORTGAGE,0.0,7,0,0.284,48514.0,36,7.33,other,0.381,0.426,1
60,15138.0,5.6,RENT,38.3,7,0,0.414,13343.0,12,8.32,credit_card,0.881,0.922,0
36,65710.0,3.4,MORTGAGE,15.2,6,0,0.498,20701.0,36,5.26,major_purchase,0.105,0.114,0
37,71099.0,11.2,MORTGAGE,10.1,7,0,0.413,9824.0,36,14.22,medical,0.046,0.057,0
18,120686.0,7.8,RENT,0.0,3,0,0.056,35184.0,48,6.63,small_business,0.073,0.083,0
35,36528.0,5.2,OWN,15.2,5,0,0.365,12596.0,36,9.85,small_business,0.115,0.133,0
28,35064.0,2.3,RENT,4.0,4,1,0.318,37484.0,36,10.05,debt_consolidation,0.356,0.414,1
33,15000.0,1.3,OWN,12.6,5,0,0.116,9361.0,60,9.33,home_improvement,0.125,0.157,0
38,46780.0,3.3,RENT,19.2,2,1,0.089,13942.0,60,7.42,other,0.06,0.072,0
51,85013.0,2.0,OWN,32.3,3,0,0.197,6538.0,24,11.2,other,0.038,0.043,0
42,39899.0,2.5,OWN,19.8,4,0,0.237,11830.0,60,7.76,medical,0.059,0.072,0
44,158217.0,4.3,RENT,26.0,3,1,0.243,8444.0,36,6.85,major_purchase,0.018,0.02,0
27,47653.0,1.1,MORTGAGE,1.6,1,1,0.206,5243.0,36,10.2,debt_consolidation,0.037,0.043,0
29,58308.0,9.8,OWN,10.9,3,0,0.336,42640.0,36,10.33,credit_card,0.244,0.285,0
62,27404.0,0.9,RENT,41.0,3,1,0.439,26875.0,36,7.74,debt_consolidation,0.327,0.367,0
31,62543.0,3.9,MORTGAGE,10.2,4,0,0.111,8906.0,24,6.55,credit_card,0.071,0.076,0
60,20138.0,8.2,RENT,39.4,8,0,0.233,13300.0,48,11.66,home_improvement,0.165,0.207,0
37,76638.0,4.0,MORTGAGE,17.1,6,1,0.755,16508.0,24,8.64,credit_card,0.108,0.118,0
40,77825.0,2.7,RENT,16.3,7,0,0.564,12312.0,36,10.37,credit_card,0.053,0.062,0
53,106900.0,3.9,RENT,31.8,2,1,0.249,5814.0,36,8.67,home_improvement,0.018,0.021,0
55,32533.0,11.3,MORTGAGE,32.4,4,0,0.35,13042.0,24,8.56,medical,0.2,0.219,0
39,58705.0,27.9,RENT,20.6,7,0,0.39,10568.0,12,13.21,debt_consolidation,0.18,0.193,0
35,71819.0,6.0,RENT,16.8,5,0,0.176,10443.0,12,8.05,debt_consolidation,0.145,0.152,0
39,67585.0,9.5,MORTGAGE,20.9,5,0,0.151,5952.0,36,9.13,debt_consolidation,0.029,0.034,0
44,35149.0,0.1,MORTGAGE,25.5,7,0,0.329,4920.0,60,6.73,medical,0.028,0.033,0
51,16383.0,12.7,MORTGAGE,29.7,4,0,0.404,39540.0,24,10.82,debt_consolidation,1.207,1.347,0
40,64439.0,18.5,OWN,20.0,9,2,0.256,12293.0,24,10.25,small_business,0.095,0.106,0
47,50199.0,5.1,MORTGAGE,24.8,5,0,0.309,12230.0,36,8.88,small_business,0.081,0.093,0
60,40809.0,8.4,RENT,41.4,4,2,0.229,5214.0,24,8.13,debt_consolidation,0.064,0.069,0
45,79378.0,4.3,OWN,25.6,3,0,0.129,5358.0,36,10.98,medical,0.022,0.027,0
44,52973.0,2.0,OWN,19.4,4,1,0.225,29533.0,12,8.65,credit_card,0.558,0.584,0
22,28012.0,11.5,OWN,0.0,5,1,0.058,29901.0,60,11.16,other,0.213,0.28,0
18,20625.0,5.5,OWN,0.0,6,1,0.576,10055.0,12,8.38,home_improvement,0.488,0.51,0
45,30808.0,5.2,OWN,21.9,4,0,0.119,8917.0,48,10.09,small_business,0.072,0.088,0
39,179245.0,6.5,MORTGAGE,17.5,5,0,0.161,23163.0,36,8.47,home_improvement,0.043,0.049,0
34,77760.0,11.6,RENT,8.7,4,0,0.377,12334.0,24,6.9,small_business,0.079,0.085,0
43,59534.0,7.9,MORTGAGE,21.2,4,0,0.205,3848.0,60,7.34,major_purchase,0.013,0.015,0
39,49472.0,1.4,MORTGAGE,11.8,4,0,0.189,51279.0,36,8.7,debt_consolidation,0.346,0.394,0
54,47873.0,3.8,OWN,35.9,5,0,0.034,10265.0,60,8.43,home_improvement,0.043,0.053,0
41,97110.0,23.6,MORTGAGE,15.4,3,1,0.153,21249.0,24,9.14,credit_card,0.109,0.12,0
31,42391.0,4.9,MORTGAGE,10.6,2,0,0.15,8135.0,36,11.35,debt_consolidation,0.064,0.076,0
52,72291.0,16.7,MORTGAGE,33.6,3,0,0.144,30838.0,36,5.76,home_improvement,0.142,0.155,0
37,45514.0,10.1,RENT,18.3,1,1,0.353,35508.0,48,10.19,debt_consolidation,0.195,0.238,0
46,142925.0,6.6,OWN,22.3,6,0,0.419,10756.0,24,8.25,medical,0.038,0.041,0
34,78523.0,2.6,MORTGAGE,13.9,6,0,0.523,4054.0,60,10.06,major_purchase,0.01,0.013,0
32,100990.0,2.2,RENT,1.8,10,2,0.31,11724.0,48,10.12,debt_consolidation,0.029,0.035,0
41,40449.0,6.2,RENT,22.6,5,0,0.178,18523.0,60,10.94,debt_consolidation,0.092,0.119,0
40,91956.0,3.4,RENT,20.4,7,0,0.062,11304.0,24,9.12,medical,0.061,0.067,0
46,46338.0,9.6,RENT,26.8,3,1,0.211,5983.0,36,9.61,other,0.043,0.05,0
37,57241.0,8.6,MORTGAGE,16.8,6,0,0.286,30693.0,36,7.14,small_business,0.179,0.199,0
18,122703.0,2.2,RENT,0.0,1,0,0.855,12508.0,12,8.83,debt_consolidation,0.102,0.107,1
35,32164.0,7.3,MORTGAGE,13.7,4,0,0.352,10074.0,36,6.77,debt_consolidation,0.104,0.116,1
50,59971.0,4.1,OWN,32.0,4,0,0.226,7458.0,60,10.46,credit_card,0.025,0.032,0
36,67441.0,2.3,RENT,17.7,4,0,0.269,6313.0,48,7.76,debt_consolidation,0.023,0.027,0
37,70263.0,3.2,RENT,18.9,7,1,0.051,12540.0,24,7.58,major_purchase,0.089,0.096,0
52,43244.0,13.5,RENT,28.0,5,0,0.09,11330.0,24,10.6,credit_card,0.131,0.146,0
31,153758.0,2.7,MORTGAGE,11.9,4,1,0.47,5968.0,24,7.71,credit_card,0.019,0.021,0
21,28354.0,2.0,RENT,1.6,5,1,0.351,8738.0,12,11.01,credit_card,0.308,0.327,1
38,112358.0,2.6,RENT,18.2,8,0,0.174,14362.0,12,8.98,debt_consolidation,0.128,0.134,0
34,99462.0,1.4,RENT,10.3,8,0,0.298,10900.0,36,8.62,small_business,0.037,0.042,0
28,140147.0,4.7,RENT,10.0,5,0,0.392,17288.0,36,11.17,major_purchase,0.041,0.049,0
38,24487.0,1.0,RENT,19.6,4,0,0.36,11239.0,48,6.55,medical,0.115,0.131,0
46,35087.0,10.2,MORTGAGE,24.5,9,0,0.156,5417.0,48,6.51,credit_card,0.039,0.044,0
40,114230.0,1.5,MORTGAGE,12.0,6,1,0.402,24824.0,36,9.52,debt_consolidation,0.072,0.084,0
44,21194.0,5.5,MORTGAGE,22.9,2,0,0.366,27726.0,48,7.13,credit_card,0.327,0.377,0
62,24265.0,0.8,RENT,43.1,3,0,0.413,21216.0,24,9.51,small_business,0.437,0.482,0
36,42440.0,23.0,MORTGAGE,15.8,3,1,0.315,4399.0,24,8.35,major_purchase,0.052,0.056,0
43,59635.0,3.6,MORTGAGE,13.9,6,0,0.346,11190.0,36,8.29,debt_consolidation,0.063,0.071,0
34,120104.0,10.4,RENT,13.7,3,0,0.386,7044.0,36,10.82,debt_consolidation,0.02,0.023,0
30,49383.0,8.8,RENT,10.6,4,0,0.36,10647.0,60,6.01,debt_consolidation,0.043,0.05,0
33,39970.0,7.5,RENT,13.5,4,0,0.336,14126.0,48,9.21,debt_consolidation,0.088,0.106,0
34,63303.0,10.5,RENT,5.8,1,0,0.346,7750.0,48,15.43,other,0.031,0.041,0
44,68514.0,0.6,OWN,22.2,4,0,0.273,24850.0,36,8.8,credit_card,0.121,0.138,0
68,67550.0,6.8,OWN,46.5,4,0,0.199,10154.0,48,8.62,home_improvement,0.038,0.045,0
31,49563.0,1.9,OWN,12.2,6,0,0.249,14700.0,24,8.2,debt_consolidation,0.148,0.161,0
35,20383.0,9.2,OWN,14.5,3,1,0.327,15221.0,36,9.13,home_improvement,0.249,0.286,0
39,34241.0,18.9,RENT,19.7,1,1,0.306,15706.0,36,10.32,debt_consolidation,0.153,0.178,0
45,110209.0,13.9,OWN,26.2,7,1,0.616,12134.0,36,9.23,other,0.037,0.042,0
43,59488.0,0.7,RENT,18.2,3,1,0.375,9853.0,48,7.26,home_improvement,0.041,0.048,0
55,46108.0,2.8,MORTGAGE,35.6,10,0,0.331,6578.0,24,7.09,debt_consolidation,0.071,0.077,0
18,94758.0,2.7,MORTGAGE,0.0,3,0,0.083,15030.0,12,12.58,home_improvement,0.159,0.17,0
18,30790.0,0.8,RENT,0.0,4,1,0.27,6860.0,48,10.3,home_improvement,0.056,0.068,0
34,48403.0,0.6,RENT,15.3,3,0,0.563,5366.0,36,10.51,credit_card,0.037,0.043,0
53,58040.0,2.9,MORTGAGE,30.9,2,0,0.317,11107.0,48,8.66,medical,0.048,0.057,0
21,43448.0,29.0,MORTGAGE,0.0,4,0,0.161,10082.0,36,5.74,other,0.077,0.084,0
18,56976.0,5.0,RENT,0.0,5,0,0.339,5711.0,36,11.82,debt_consolidation,0.033,0.04,1
47,49323.0,5.8,MORTGAGE,23.6,10,0,0.246,25918.0,48,9.91,debt_consolidation,0.131,0.16,0
43,26912.0,3.8,OWN,21.3,3,1,0.105,22169.0,12,7.18,other,0.824,0.856,0
27,59322.0,6.5,MORTGAGE,7.9,5,0,0.251,6522.0,36,4.51,home_improvement,0.037,0.039,0
28,27884.0,18.8,MORTGAGE,7.9,5,0,0.458,7530.0,48,9.15,debt_consolidation,0.068,0.081,0
28,58854.0,5.3,MORTGAGE,1.3,3,1,0.644,9277.0,48,11.36,debt_consolidation,0.039,0.049,1
41,107696.0,0.4,RENT,22.9,6,2,0.058,25922.0,24,8.07,major_purchase,0.12,0.131,0
32,47075.0,4.1,MORTGAGE,9.3,5,0,0.114,12509.0,36,11.97,medical,0.089,0.106,0
46,30160.0,29.6,MORTGAGE,27.1,2,1,0.517,28864.0,60,9.65,small_business,0.191,0.242,0
18,50843.0,2.9,RENT,0.0,3,0,0.004,17347.0,48,8.84,debt_consolidation,0.085,0.102,0
30,35740.0,5.4,MORTGAGE,11.2,5,1,0.052,9469.0,12,9.34,other,0.265,0.279,1
26,72930.0,0.7,RENT,7.8,8,1,0.205,24210.0,24,10.55,debt_consolidation,0.166,0.185,0
37,50312.0,0.9,MORTGAGE,4.5,11,0,0.311,5147.0,36,10.99,medical,0.034,0.04,0
34,127374.0,12.5,MORTGAGE,9.9,6,0,0.386,8036.0,36,7.43,other,0.021,0.024,0
50,96906.0,2.1,RENT,29.8,7,0,0.172,5521.0,24,6.63,medical,0.028,0.03,0
18,50184.0,2.2,MORTGAGE,0.0,10,0,0.404,28661.0,36,7.46,debt_consolidation,0.19,0.213,0
41,77482.0,2.9,MORTGAGE,20.6,9,2,0.145,16272.0,12,9.14,other,0.21,0.221,1
47,44506.0,20.4,RENT,24.0,5,0,0.191,16741.0,36,11.33,credit_card,0.125,0.148,0
62,55104.0,0.5,RENT,38.4,4,0,0.23,2783.0,48,8.68,major_purchase,0.013,0.015,0
34,45219.0,10.2,RENT,15.2,5,0,0.263,6792.0,36,8.66,debt_consolidation,0.05,0.057,0
44,79477.0,2.5,RENT,24.2,2,0,0.253,12499.0,24,8.11,other,0.079,0.085,0
18,110912.0,11.4,RENT,0.0,5,0,0.634,6660.0,36,11.02,credit_card,0.02,0.024,0
18,80767.0,28.8,MORTGAGE,0.0,6,0,0.264,10151.0,48,8.29,small_business,0.031,0.037,0
50,85903.0,2.6,MORTGAGE,28.6,5,0,0.083,3279.0,60,11.67,other,0.008,0.01,0
40,85950.0,0.8,RENT,15.2,3,0,0.251,54484.0,36,8.7,other,0.211,0.241,0
54,71370.0,0.9,RENT,30.4,7,0,0.587,28958.0,24,7.86,credit_card,0.203,0.22,0
24,30649.0,8.5,OWN,3.4,6,0,0.572,4417.0,36,6.87,major_purchase,0.048,0.053,0
46,126815.0,0.9,RENT,21.3,3,0,0.58,4472.0,60,12.09,credit_card,0.007,0.009,0
62,133547.0,1.8,MORTGAGE,42.6,2,0,0.059,9434.0,36,7.46,home_improvement,0.024,0.026,0
45,48197.0,1.4,MORTGAGE,25.6,10,0,0.141,6822.0,48,9.68,medical,0.035,0.043,0
43,45010.0,2.6,MORTGAGE,20.4,6,1,0.242,7389.0,48,11.85,debt_consolidation,0.041,0.052,0
40,73586.0,0.5,OWN,21.6,1,0,0.214,20923.0,24,7.6,home_improvement,0.142,0.154,0
21,71354.0,11.7,MORTGAGE,1.9,6,0,0.235,3487.0,24,10.1,credit_card,0.024,0.027,0
56,48973.0,11.8,MORTGAGE,35.2,4,1,0.227,3141.0,24,8.61,medical,0.032,0.035,0
33,28998.0,3.2,MORTGAGE,13.4,6,0,0.183,7414.0,36,9.52,debt_consolidation,0.085,0.098,0
46,63124.0,5.7,RENT,19.5,9,0,0.312,23821.0,24,10.76,debt_consolidation,0.189,0.211,0
21,71376.0,6.2,MORTGAGE,0.0,8,0,0.032,9253.0,36,11.52,credit_card,0.043,0.051,0
26,77879.0,8.3,MORTGAGE,5.9,5,2,0.472,27867.0,48,11.68,debt_consolidation,0.089,0.112,0
57,64515.0,4.4,OWN,36.7,3,1,0.436,3496.0,36,9.98,debt_consolidation,0.018,0.021,0
36,47308.0,4.3,RENT,14.1,4,0,0.308,7659.0,60,9.89,home_improvement,0.032,0.041,0
57,89054.0,6.0,RENT,37.2,4,0,0.598,5514.0,36,10.52,other,0.021,0.024,0
39,55990.0,7.3,OWN,20.4,5,0,0.506,9492.0,36,7.03,credit_card,0.057,0.063,0
18,42939.0,2.6,RENT,0.0,3,0,0.513,3969.0,48,6.82,home_improvement,0.023,0.026,0
51,49497.0,2.4,MORTGAGE,29.0,4,0,0.466,4675.0,48,11.14,major_purchase,0.024,0.029,0
33,22630.0,1.9,MORTGAGE,14.2,7,0,0.716,4961.0,48,6.17,major_purchase,0.055,0.062,0
48,49458.0,4.8,RENT,24.6,7,0,0.112,12187.0,60,9.04,medical,0.049,0.061,0
40,76437.0,2.7,MORTGAGE,19.1,4,1,0.306,15524.0,60,6.45,debt_consolidation,0.041,0.048,0
21,64209.0,4.7,MORTGAGE,2.2,5,1,0.031,9754.0,24,8.73,debt_consolidation,0.076,0.083,0
42,115883.0,3.1,RENT,20.8,5,1,0.079,11563.0,60,8.9,debt_consolidation,0.02,0.025,0
66,47501.0,10.9,RENT,47.2,4,1,0.459,7840.0,36,9.07,medical,0.055,0.063,0
46,69124.0,0.5,RENT,27.1,7,0,0.335,11951.0,36,10.74,credit_card,0.058,0.068,0
39,80529.0,5.1,MORTGAGE,15.3,3,0,0.381,21252.0,36,5.77,debt_consolidation,0.088,0.096,0
53,174805.0,5.1,OWN,27.0,2,0,0.423,3657.0,36,10.58,major_purchase,0.007,0.008,0
43,58243.0,2.9,OWN,24.1,0,1,0.368,12309.0,24,8.08,major_purchase,0.106,0.115,0
43,32142.0,3.3,MORTGAGE,17.1,10,1,0.443,7756.0,60,6.55,debt_consolidation,0.048,0.057,0
27,82782.0,9.7,MORTGAGE,8.2,3,0,0.692,5468.0,24,8.68,credit_card,0.033,0.036,0
43,137704.0,2.0,RENT,24.6,6,1,0.465,10060.0,24,9.28,small_business,0.037,0.04,0
52,46107.0,12.3,MORTGAGE,33.8,6,1,0.295,12020.0,48,12.68,major_purchase,0.065,0.083,0
30,82499.0,13.6,RENT,11.2,2,0,0.303,15227.0,48,4.0,credit_card,0.046,0.05,0
57,100144.0,6.3,MORTGAGE,37.5,2,0,0.554,31678.0,36,6.61,home_improvement,0.105,0.117,1
39,90087.0,8.9,MORTGAGE,13.1,5,1,0.248,38679.0,48,8.59,small_business,0.107,0.127,0
29,57687.0,5.7,RENT,10.2,5,0,0.101,18154.0,48,11.41,home_improvement,0.079,0.098,0
52,38207.0,4.5,OWN,32.6,3,0,0.101,25544.0,36,9.48,credit_card,0.223,0.257,0
37,52019.0,20.4,MORTGAGE,15.0,4,1,0.313,4630.0,36,10.66,credit_card,0.03,0.035,0
49,68139.0,2.0,RENT,29.9,5,0,0.378,12021.0,12,8.34,small_business,0.176,0.184,0
36,85315.0,1.0,MORTGAGE,14.5,7,2,0.189,29135.0,60,11.45,debt_consolidation,0.068,0.09,0
39,64021.0,2.0,RENT,19.3,3,2,0.404,6713.0,36,7.77,major_purchase,0.035,0.039,0
46,44804.0,5.7,RENT,27.3,5,1,0.15,10269.0,12,6.21,major_purchase,0.229,0.237,0
43,71517.0,1.2,RENT,21.0,9,1,0.125,7066.0,12,7.59,credit_card,0.099,0.103,0
18,83287.0,14.4,OWN,0.0,6,0,0.134,13180.0,36,9.68,major_purchase,0.053,0.061,1
27,65500.0,3.2,RENT,8.0,9,0,0.228,10849.0,36,10.0,small_business,0.055,0.064,0
51,35664.0,11.4,MORTGAGE,31.7,8,0,0.17,20205.0,36,10.18,debt_consolidation,0.189,0.22,0
38,49479.0,1.7,RENT,18.2,6,0,0.151,4785.0,48,4.35,credit_card,0.024,0.026,0
34,87021.0,2.3,RENT,12.6,3,0,0.281,3196.0,12,10.62,debt_consolidation,0.037,0.039,0
24,27133.0,0.4,MORTGAGE,4.2,5,1,0.052,12975.0,36,8.22,small_business,0.159,0.18,0
27,19023.0,1.8,RENT,6.3,6,1,0.047,13892.0,36,9.92,credit_card,0.243,0.282,0
18,115156.0,4.0,MORTGAGE,0.0,6,0,0.275,8463.0,36,5.58,medical,0.024,0.027,0
39,69962.0,17.5,OWN,19.6,3,1,0.371,5106.0,24,6.3,home_improvement,0.036,0.039,0
33,73377.0,3.0,MORTGAGE,6.8,3,3,0.362,4576.0,48,8.39,debt_consolidation,0.016,0.018,1
28,31621.0,6.1,MORTGAGE,0.6,8,0,0.182,14267.0,36,10.27,debt_consolidation,0.15,0.175,0
39,78336.0,3.3,RENT,18.4,1,0,0.327,11764.0,48,9.15,credit_card,0.038,0.045,0
44,62170.0,0.3,RENT,25.8,4,0,0.49,3899.0,36,8.11,credit_card,0.021,0.024,0
65,24535.0,4.2,OWN,45.0,3,0,0.307,3893.0,48,5.32,credit_card,0.04,0.044,0
22,110431.0,0.4,RENT,3.4,1,1,0.181,22424.0,24,9.13,medical,0.102,0.111,0
54,58650.0,12.9,OWN,34.0,4,0,0.654,21954.0,36,8.31,credit_card,0.125,0.141,0
52,44443.0,8.4,RENT,33.4,2,0,0.163,7172.0,36,9.13,debt_consolidation,0.054,0.062,0
31,44847.0,2.9,RENT,9.3,5,1,0.267,6502.0,36,9.42,debt_consolidation,0.048,0.056,0
42,19779.0,6.1,OWN,23.7,2,1,0.339,12884.0,60,4.0,credit_card,0.13,0.144,0
35,72887.0,0.7,MORTGAGE,7.8,6,1,0.12,10538.0,60,6.79,debt_consolidation,0.029,0.034,0
42,61755.0,7.3,MORTGAGE,23.3,10,0,0.419,3657.0,24,8.38,debt_consolidation,0.03,0.032,0
58,49166.0,10.4,MORTGAGE,36.8,4,1,0.379,2941.0,60,11.18,credit_card,0.012,0.016,0
47,102667.0,10.3,RENT,21.5,6,0,0.313,6170.0,48,8.23,medical,0.015,0.018,0
46,27121.0,2.0,RENT,27.1,5,1,0.297,7188.0,24,10.72,credit_card,0.133,0.148,0
35,40200.0,1.8,MORTGAGE,8.8,4,0,0.1,9800.0,36,8.2,credit_card,0.081,0.092,0
22,35419.0,4.4,OWN,2.5,6,0,0.332,11040.0,48,9.34,credit_card,0.078,0.094,0
37,47127.0,20.6,RENT,9.3,6,0,0.209,46040.0,36,10.42,major_purchase,0.326,0.381,0
54,56035.0,15.2,MORTGAGE,25.3,8,1,0.146,6707.0,36,10.43,debt_consolidation,0.04,0.047,0
22,67172.0,2.7,MORTGAGE,3.4,6,1,0.552,6527.0,36,8.52,credit_card,0.032,0.037,0
27,45548.0,9.1,RENT,3.7,5,0,0.611,7880.0,24,8.66,credit_card,0.087,0.095,0
42,34938.0,15.3,RENT,23.4,9,1,0.228,9577.0,36,8.99,major_purchase,0.091,0.105,0
28,125870.0,1.8,MORTGAGE,9.2,2,0,0.034,5490.0,24,9.77,other,0.022,0.024,0
30,180922.0,10.6,OWN,11.7,5,0,0.281,19750.0,48,6.36,debt_consolidation,0.027,0.031,0
35,58200.0,1.9,MORTGAGE,16.5,4,0,0.096,9664.0,48,8.77,debt_consolidation,0.042,0.049,0
24,37109.0,2.5,RENT,3.0,3,0,0.477,15341.0,36,4.76,small_business,0.138,0.148,1
28,113292.0,1.3,MORTGAGE,8.2,7,1,0.173,7950.0,48,7.4,credit_card,0.018,0.02,0
48,26282.0,4.2,RENT,25.3,5,0,0.074,15864.0,48,7.14,debt_consolidation,0.151,0.174,0
24,45826.0,11.1,MORTGAGE,4.8,4,1,0.084,20431.0,36,11.31,credit_card,0.149,0.176,0
21,38252.0,4.5,RENT,0.0,2,0,0.472,11896.0,48,7.69,major_purchase,0.078,0.091,0
32,30340.0,0.8,MORTGAGE,13.8,6,1,0.388,5504.0,48,9.16,debt_consolidation,0.045,0.054,0
49,47098.0,1.7,MORTGAGE,30.8,7,0,0.105,8882.0,12,10.43,home_improvement,0.189,0.199,0
38,35169.0,5.0,MORTGAGE,16.4,4,1,0.085,13531.0,48,9.39,credit_card,0.096,0.116,0
34,54520.0,5.3,OWN,9.4,3,0,0.218,37823.0,24,9.93,home_improvement,0.347,0.384,0
41,54918.0,5.2,MORTGAGE,18.2,7,1,0.116,8357.0,24,8.63,home_improvement,0.076,0.083,0
19,39709.0,0.5,OWN,0.0,9,0,0.353,8127.0,48,9.36,debt_consolidation,0.051,0.062,0
46,45015.0,8.4,MORTGAGE,27.1,6,0,0.588,2908.0,48,10.94,home_improvement,0.016,0.02,0
45,48270.0,14.4,MORTGAGE,27.0,3,0,0.385,36567.0,24,12.88,other,0.379,0.432,0
35,81221.0,4.3,MORTGAGE,14.9,8,0,0.33,10461.0,24,4.82,debt_consolidation,0.064,0.068,0
52,50301.0,7.6,OWN,32.1,10,0,0.299,4753.0,24,9.08,major_purchase,0.047,0.052,0
26,81826.0,14.7,RENT,6.7,5,1,0.342,3220.0,36,5.27,small_business,0.013,0.014,0
54,72614.0,6.2,OWN,33.4,5,1,0.115,8284.0,36,11.52,debt_consolidation,0.038,0.045,0
42,72097.0,6.7,MORTGAGE,20.1,7,0,0.079,9369.0,36,5.56,debt_consolidation,0.043,0.047,0
36,108437.0,7.7,RENT,14.4,1,1,0.107,11928.0,36,5.24,debt_consolidation,0.037,0.04,0
40,30955.0,1.8,MORTGAGE,21.1,5,0,0.516,11921.0,12,15.86,other,0.385,0.419,0
39,42762.0,5.2,RENT,18.4,5,0,0.523,12686.0,24,8.85,credit_card,0.148,0.162,0
55,130829.0,11.1,RENT,36.5,5,2,0.392,5876.0,36,9.78,small_business,0.015,0.017,0
27,47636.0,2.1,MORTGAGE,8.6,4,1,0.09,13815.0,60,14.13,debt_consolidation,0.058,0.081,0
31,15000.0,13.6,OWN,8.4,6,0,0.349,10230.0,36,11.74,debt_consolidation,0.227,0.271,0
52,48948.0,5.8,MORTGAGE,30.4,7,0,0.458,3383.0,48,10.78,credit_card,0.017,0.021,0
33,57958.0,3.3,MORTGAGE,10.6,8,1,0.22,7124.0,36,10.64,home_improvement,0.041,0.048,0
51,15000.0,5.9,OWN,32.5,6,0,0.112,16128.0,36,7.74,major_purchase,0.358,0.403,0
60,105553.0,3.1,RENT,34.6,4,0,0.524,14153.0,24,7.48,small_business,0.067,0.072,0
35,37917.0,10.9,MORTGAGE,16.6,2,1,0.525,14579.0,36,5.44,debt_consolidation,0.128,0.139,0
48,63849.0,4.0,MORTGAGE,23.9,5,1,0.345,27328.0,24,10.2,small_business,0.214,0.237,0
26,48388.0,13.9,RENT,6.7,5,1,0.449,20162.0,48,9.94,major_purchase,0.104,0.127,0
49,28448.0,4.3,RENT,30.7,6,0,0.189,7193.0,36,10.9,debt_consolidation,0.084,0.099,0
42,31721.0,6.5,MORTGAGE,23.0,4,0,0.102,6388.0,24,9.14,other,0.101,0.111,0
46,33944.0,36.6,MORTGAGE,27.4,7,0,0.156,9020.0,12,7.44,debt_consolidation,0.266,0.277,0
32,93231.0,1.0,MORTGAGE,12.0,5,1,0.186,11927.0,60,9.37,other,0.026,0.032,0
20,50324.0,8.0,MORTGAGE,0.0,4,0,0.108,2914.0,24,9.7,credit_card,0.029,0.032,0
46,41734.0,0.9,RENT,26.8,3,1,0.131,2202.0,24,6.39,medical,0.026,0.028,0
18,33952.0,11.0,MORTGAGE,0.0,3,0,0.366,7011.0,24,10.75,home_improvement,0.103,0.115,0
36,98526.0,5.4,OWN,11.3,5,0,0.284,3650.0,48,8.94,debt_consolidation,0.009,0.011,0
51,112657.0,16.7,MORTGAGE,30.0,4,1,0.216,6587.0,60,9.6,debt_consolidation,0.012,0.015,0
42,97966.0,12.1,RENT,22.7,3,0,0.481,11642.0,12,10.72,home_improvement,0.119,0.126,0
63,69301.0,0.5,OWN,30.9,4,2,0.375,2651.0,48,8.54,major_purchase,0.01,0.011,0
52,62625.0,0.9,MORTGAGE,33.4,7,0,0.121,6914.0,36,8.04,debt_consolidation,0.037,0.042,0
32,29497.0,5.5,MORTGAGE,11.8,7,1,0.126,11277.0,60,16.05,home_improvement,0.076,0.112,0
40,47911.0,4.4,RENT,17.2,1,0,0.254,11740.0,60,11.34,home_improvement,0.049,0.064,0
39,38487.0,1.1,OWN,21.0,4,1,0.283,16440.0,36,7.92,major_purchase,0.142,0.16,0
21,21747.0,0.8,OWN,0.0,9,0,0.154,21031.0,48,8.91,home_improvement,0.242,0.288,0
29,91906.0,5.0,RENT,10.1,14,0,0.127,5904.0,24,9.32,credit_card,0.032,0.035,0
33,38257.0,0.3,MORTGAGE,14.4,3,0,0.34,9113.0,36,7.41,credit_card,0.079,0.089,0
18,98516.0,12.4,MORTGAGE,0.0,7,1,0.598,2897.0,60,6.62,home_improvement,0.006,0.007,0
41,84194.0,9.9,MORTGAGE,12.8,4,0,0.474,8235.0,48,8.32,credit_card,0.024,0.029,0
37,71565.0,9.2,OWN,12.3,4,0,0.199,9877.0,12,11.48,credit_card,0.138,0.147,0
20,73603.0,0.1,RENT,1.3,4,0,0.237,7461.0,48,8.99,debt_consolidation,0.025,0.03,0
45,39829.0,0.3,RENT,26.6,6,1,0.152,39370.0,48,8.32,debt_consolidation,0.247,0.291,0
49,137163.0,4.8,MORTGAGE,29.6,11,0,0.555,28092.0,36,8.79,home_improvement,0.068,0.078,0
43,55357.0,31.1,MORTGAGE,22.3,7,1,0.274,18842.0,36,6.93,medical,0.113,0.126,0
36,63005.0,2.5,RENT,11.9,8,0,0.341,4304.0,24,8.83,small_business,0.034,0.037,0
47,39162.0,2.5,RENT,18.8,2,0,0.185,8733.0,12,7.54,major_purchase,0.223,0.232,0
48,34010.0,0.9,MORTGAGE,25.8,5,1,0.057,11973.0,60,8.06,major_purchase,0.07,0.086,0
44,68779.0,6.7,MORTGAGE,23.3,5,0,0.216,12749.0,36,8.83,home_improvement,0.062,0.071,0
30,60401.0,6.2,RENT,11.5,2,2,0.103,9799.0,60,8.98,credit_card,0.032,0.04,1
43,36509.0,0.6,RENT,24.8,3,0,0.34,12368.0,36,5.31,major_purchase,0.113,0.122,0
54,26391.0,3.8,RENT,33.3,6,0,0.193,18044.0,24,9.79,debt_consolidation,0.342,0.378,0
33,28711.0,6.6,RENT,12.7,7,0,0.07,5238.0,36,7.99,home_improvement,0.061,0.069,1
65,98525.0,4.1,RENT,41.4,4,0,0.175,6411.0,36,8.27,small_business,0.022,0.025,0
34,39870.0,6.7,RENT,14.8,5,1,0.134,12131.0,24,10.93,small_business,0.152,0.17,0
40,45732.0,10.2,RENT,21.9,5,0,0.102,6516.0,60,6.1,medical,0.028,0.033,0
32,111879.0,6.9,MORTGAGE,12.3,2,0,0.319,5998.0,36,9.05,other,0.018,0.02,0
43,30913.0,5.7,RENT,14.6,3,0,0.414,47739.0,24,11.16,debt_consolidation,0.772,0.865,1
19,37666.0,11.5,RENT,0.0,6,1,0.553,11460.0,36,9.79,debt_consolidation,0.101,0.117,0
33,36887.0,13.9,MORTGAGE,14.9,8,2,0.541,18790.0,36,9.3,credit_card,0.17,0.195,0
27,121666.0,3.0,MORTGAGE,2.8,8,1,0.205,10865.0,36,10.3,other,0.03,0.035,0
42,146780.0,1.1,OWN,22.1,4,0,0.643,10945.0,48,9.13,debt_consolidation,0.019,0.022,0
52,78888.0,10.2,MORTGAGE,32.6,3,0,0.126,5023.0,36,6.78,credit_card,0.021,0.024,0
48,80153.0,1.4,MORTGAGE,28.7,6,0,0.506,9667.0,60,10.05,credit_card,0.024,0.031,0
18,40531.0,15.9,RENT,0.0,6,0,0.266,46622.0,60,12.02,debt_consolidation,0.23,0.307,0
65,143439.0,0.1,MORTGAGE,44.7,4,0,0.174,13830.0,60,4.37,other,0.019,0.022,0
44,61935.0,15.3,MORTGAGE,22.8,3,2,0.463,21217.0,60,7.97,small_business,0.069,0.083,0
31,82997.0,5.3,MORTGAGE,10.4,4,1,0.039,22098.0,48,8.61,debt_consolidation,0.067,0.079,0
42,51392.0,8.9,MORTGAGE,23.5,2,1,0.15,12322.0,12,6.24,debt_consolidation,0.24,0.248,0
42,47381.0,3.0,MORTGAGE,23.1,7,0,0.545,3704.0,60,7.93,home_improvement,0.016,0.019,0
32,124433.0,28.8,RENT,8.5,5,0,0.52,21797.0,12,13.17,credit_card,0.175,0.188,0
42,70959.0,1.5,RENT,20.7,7,1,0.231,12661.0,36,5.84,debt_consolidation,0.059,0.065,0
33,111937.0,1.8,OWN,13.2,5,0,0.04,6526.0,48,8.3,credit_card,0.015,0.017,0
35,61554.0,0.3,MORTGAGE,16.4,6,1,0.152,8243.0,24,9.41,debt_consolidation,0.067,0.074,0
32,35448.0,16.9,MORTGAGE,14.0,5,0,0.29,22102.0,24,7.53,home_improvement,0.312,0.337,0
23,40470.0,3.7,MORTGAGE,3.9,5,0,0.55,16984.0,48,10.11,debt_consolidation,0.105,0.128,0
42,57039.0,6.7,RENT,23.8,8,2,0.313,10675.0,24,8.75,major_purchase,0.094,0.102,0
47,39607.0,7.0,MORTGAGE,27.0,7,0,0.222,15246.0,48,9.15,small_business,0.096,0.115,0
46,31141.0,12.5,OWN,22.8,3,0,0.455,11156.0,36,9.86,other,0.119,0.138,0
50,98786.0,6.6,MORTGAGE,31.0,5,0,0.435,30852.0,60,10.69,debt_consolidation,0.062,0.081,0
44,41257.0,5.0,RENT,20.4,6,1,0.184,8975.0,36,8.3,other,0.073,0.082,0
34,58052.0,7.4,RENT,12.3,5,0,0.559,11532.0,48,7.78,home_improvement,0.05,0.058,0
50,62822.0,8.3,OWN,31.6,6,0,0.292,4381.0,36,11.04,home_improvement,0.023,0.027,0
24,40373.0,1.2,OWN,2.9,4,0,0.411,9211.0,36,5.04,small_business,0.076,0.082,0
29,111904.0,0.7,MORTGAGE,10.5,4,0,0.434,10520.0,24,12.88,home_improvement,0.047,0.054,0
28,30990.0,0.5,RENT,6.8,7,0,0.441,19966.0,12,9.1,major_purchase,0.644,0.676,0
53,61748.0,2.8,MORTGAGE,34.5,7,1,0.367,3401.0,60,7.41,credit_card,0.011,0.013,0
51,61271.0,4.1,OWN,31.5,5,2,0.464,8635.0,60,5.92,major_purchase,0.028,0.033,0
46,52726.0,5.7,OWN,25.5,8,1,0.334,3480.0,60,9.9,debt_consolidation,0.013,0.017,0
53,28326.0,19.0,MORTGAGE,34.8,7,1,0.439,15919.0,48,4.34,debt_consolidation,0.14,0.153,0
29,83735.0,2.4,RENT,10.5,6,0,0.664,4888.0,36,7.51,other,0.019,0.022,0
44,78571.0,8.6,MORTGAGE,24.8,6,0,0.176,12691.0,24,8.96,credit_card,0.081,0.089,0
38,38647.0,4.5,RENT,18.1,6,0,0.151,33208.0,12,7.33,major_purchase,0.859,0.894,1
50,77168.0,1.5,OWN,26.1,6,0,0.484,14792.0,48,5.74,credit_card,0.048,0.054,0
39,65346.0,5.7,MORTGAGE,20.4,5,2,0.474,22896.0,24,10.02,credit_card,0.175,0.194,0
35,28558.0,20.5,RENT,15.7,4,0,0.264,25019.0,36,6.46,debt_consolidation,0.292,0.322,0
46,35349.0,0.8,RENT,26.1,5,1,0.257,11844.0,48,7.55,major_purchase,0.084,0.097,0
51,95716.0,4.2,RENT,31.9,6,0,0.603,5378.0,24,12.92,home_improvement,0.028,0.032,0
32,63241.0,0.3,MORTGAGE,11.1,10,1,0.112,33161.0,60,8.92,medical,0.105,0.13,0
39,40858.0,2.3,MORTGAGE,20.1,3,3,0.253,17209.0,12,5.11,home_improvement,0.421,0.433,1
27,35269.0,5.8,MORTGAGE,4.6,4,0,0.268,15873.0,12,7.56,debt_consolidation,0.45,0.469,0
18,41869.0,11.0,RENT,0.0,3,1,0.234,10512.0,48,12.22,credit_card,0.063,0.08,0
42,43380.0,7.9,MORTGAGE,23.7,7,0,0.247,13515.0,60,10.18,debt_consolidation,0.062,0.08,0
47,35490.0,3.7,RENT,26.0,3,0,0.277,2135.0,60,6.74,home_improvement,0.012,0.014,0
43,22677.0,14.4,RENT,22.5,4,0,0.286,33937.0,12,13.12,home_improvement,1.497,1.605,1
18,95799.0,2.2,MORTGAGE,0.0,5,0,0.525,18339.0,24,9.33,debt_consolidation,0.096,0.105,0
36,88020.0,8.4,MORTGAGE,18.0,4,0,0.255,11104.0,36,8.64,home_improvement,0.042,0.048,0
18,28663.0,3.9,MORTGAGE,0.0,3,0,0.166,8738.0,48,7.04,home_improvement,0.076,0.088,0
56,57998.0,13.7,RENT,36.4,3,0,0.363,7481.0,60,8.17,small_business,0.026,0.032,0
27,34506.0,9.6,MORTGAGE,8.3,6,1,0.148,18859.0,60,7.92,other,0.109,0.133,0
55,47535.0,13.9,MORTGAGE,34.4,6,2,0.187,10805.0,48,11.81,small_business,0.057,0.072,0
51,45598.0,1.4,MORTGAGE,29.3,5,0,0.198,2945.0,48,11.3,major_purchase,0.016,0.02,0
29,43743.0,6.6,MORTGAGE,5.2,3,0,0.126,5823.0,60,9.39,debt_consolidation,0.027,0.033,0
26,147484.0,8.0,MORTGAGE,4.9,4,1,0.256,8166.0,60,9.04,debt_consolidation,0.011,0.014,0
44,43470.0,8.1,MORTGAGE,22.5,4,0,0.368,14415.0,36,7.61,small_business,0.111,0.124,1
30,36166.0,4.2,MORTGAGE,9.2,6,1,0.108,11823.0,36,7.22,debt_consolidation,0.109,0.122,0
41,37001.0,0.1,MORTGAGE,10.3,4,0,0.291,8499.0,60,6.14,debt_consolidation,0.046,0.053,0
34,91298.0,1.8,MORTGAGE,15.1,4,0,0.253,2455.0,12,12.73,other,0.027,0.029,0
19,23717.0,2.3,MORTGAGE,0.1,5,0,0.166,9695.0,24,9.21,debt_consolidation,0.204,0.225,0
18,37001.0,11.5,MORTGAGE,0.0,4,0,0.161,7276.0,48,5.95,debt_consolidation,0.049,0.055,0
43,111682.0,11.0,MORTGAGE,23.0,4,0,0.24,4352.0,60,6.59,home_improvement,0.008,0.009,0
33,61206.0,0.7,OWN,14.7,6,0,0.6,10997.0,48,7.37,other,0.045,0.052,0
33,59633.0,18.0,MORTGAGE,14.1,7,0,0.413,12795.0,48,11.01,debt_consolidation,0.054,0.067,0
48,157326.0,1.2,OWN,28.0,5,1,0.132,20266.0,24,8.96,credit_card,0.064,0.071,0
54,61278.0,3.2,MORTGAGE,26.5,4,0,0.249,4462.0,12,9.72,debt_consolidation,0.073,0.077,0
37,38021.0,1.5,RENT,9.0,11,1,0.523,5529.0,36,8.74,debt_consolidation,0.048,0.055,0
36,47050.0,11.8,MORTGAGE,13.9,6,0,0.442,22457.0,36,12.68,credit_card,0.159,0.192,1
46,30708.0,8.3,RENT,26.5,2,1,0.581,10452.0,24,9.49,debt_consolidation,0.17,0.188,1
24,101516.0,2.6,MORTGAGE,0.0,8,0,0.323,12906.0,36,12.9,credit_card,0.042,0.051,0
43,72206.0,6.9,MORTGAGE,18.8,4,0,0.579,24857.0,36,8.75,credit_card,0.115,0.131,0
47,95055.0,1.2,RENT,21.8,5,1,0.354,6903.0,60,11.17,credit_card,0.015,0.019,0
48,99359.0,2.9,OWN,26.9,5,1,0.156,4512.0,48,7.33,small_business,0.011,0.013,0
18,44042.0,2.8,MORTGAGE,0.0,7,0,0.155,10610.0,24,8.73,debt_consolidation,0.12,0.132,0
31,33780.0,1.6,OWN,12.7,4,1,0.093,11319.0,36,7.41,small_business,0.112,0.125,0
29,52794.0,12.5,MORTGAGE,3.6,2,0,0.07,15002.0,48,11.25,debt_consolidation,0.071,0.089,0
41,35018.0,6.8,MORTGAGE,22.8,5,0,0.38,18915.0,48,10.49,medical,0.135,0.166,0
46,58834.0,2.0,MORTGAGE,26.9,6,1,0.152,15278.0,48,10.28,other,0.065,0.079,0
58,95420.0,1.7,RENT,38.0,3,1,0.39,27210.0,24,9.38,home_improvement,0.143,0.157,1
34,49808.0,0.1,RENT,15.9,5,1,0.318,35133.0,48,9.4,credit_card,0.176,0.212,1
34,58396.0,2.6,MORTGAGE,8.9,5,0,0.294,9587.0,36,6.53,debt_consolidation,0.055,0.06,0
54,51693.0,4.5,RENT,35.0,5,1,0.092,7753.0,48,7.91,major_purchase,0.037,0.044,0
44,80932.0,2.0,MORTGAGE,25.9,6,0,0.15,15830.0,24,7.76,home_improvement,0.098,0.106,0
55,38797.0,7.2,MORTGAGE,21.9,4,0,0.088,12703.0,36,7.14,credit_card,0.109,0.122,0
43,18066.0,3.2,RENT,23.9,4,0,0.156,10548.0,36,7.55,debt_consolidation,0.195,0.218,1
26,68558.0,2.3,MORTGAGE,1.7,7,0,0.219,73394.0,24,8.09,debt_consolidation,0.535,0.582,1
24,88780.0,16.8,MORTGAGE,4.2,7,1,0.217,19552.0,24,9.91,other,0.11,0.122,0
21,67723.0,1.8,RENT,0.0,6,0,0.273,6237.0,12,6.5,major_purchase,0.092,0.095,0
48,39336.0,3.0,OWN,29.2,5,0,0.263,20579.0,36,7.92,debt_consolidation,0.174,0.197,0
54,30715.0,2.9,MORTGAGE,33.9,3,0,0.149,7733.0,48,8.52,home_improvement,0.063,0.074,0
62,69373.0,1.7,OWN,43.1,6,0,0.231,22814.0,12,7.2,major_purchase,0.329,0.342,1
50,58148.0,1.5,RENT,22.9,5,1,0.489,13257.0,36,8.93,major_purchase,0.076,0.087,1
54,50874.0,2.2,RENT,35.8,6,0,0.416,6379.0,36,10.36,debt_consolidation,0.042,0.049,0
33,134757.0,12.0,OWN,14.0,4,1,0.214,2105.0,24,10.96,other,0.008,0.009,0
26,33745.0,8.7,RENT,1.3,12,0,0.38,21020.0,60,9.06,credit_card,0.125,0.155,1
50,131600.0,6.9,MORTGAGE,30.0,5,0,0.068,17257.0,60,7.89,major_purchase,0.026,0.032,0
45,55044.0,3.7,MORTGAGE,24.3,4,0,0.062,6665.0,36,9.21,major_purchase,0.04,0.046,0
41,21638.0,4.3,OWN,19.8,8,0,0.352,13297.0,60,9.38,other,0.123,0.154,0
45,49533.0,1.9,OWN,26.8,3,0,0.131,11202.0,48,6.97,debt_consolidation,0.057,0.065,0
44,87531.0,0.5,RENT,25.9,5,0,0.331,8654.0,36,10.06,home_improvement,0.033,0.038,0
55,45138.0,2.4,RENT,28.7,7,0,0.463,15121.0,36,7.68,debt_consolidation,0.112,0.125,0
56,25916.0,4.1,RENT,37.0,3,1,0.178,38579.0,24,6.14,debt_consolidation,0.744,0.793,0
47,49898.0,0.4,RENT,27.6,5,0,0.31,43895.0,36,4.31,major_purchase,0.293,0.313,0
50,35292.0,0.6,RENT,28.6,5,2,0.288,13282.0,12,8.92,debt_consolidation,0.376,0.395,0
46,69280.0,1.8,MORTGAGE,27.2,4,0,0.159,8785.0,36,8.84,debt_consolidation,0.042,0.048,0
34,79754.0,2.7,MORTGAGE,12.0,3,0,0.436,6423.0,36,5.15,credit_card,0.027,0.029,1
49,31948.0,3.0,RENT,29.2,4,0,0.252,8574.0,36,9.2,home_improvement,0.089,0.103,0
23,38067.0,0.8,MORTGAGE,0.0,2,1,0.054,8792.0,24,7.96,debt_consolidation,0.115,0.125,0
53,79088.0,1.5,RENT,34.0,4,0,0.367,11260.0,24,9.84,other,0.071,0.079,0
26,35263.0,1.8,MORTGAGE,7.3,5,1,0.266,14048.0,36,8.3,credit_card,0.133,0.15,0
43,31537.0,0.4,OWN,19.7,7,0,0.181,11096.0,60,5.98,debt_consolidation,0.07,0.082,0
30,30051.0,2.4,MORTGAGE,10.8,4,0,0.056,9553.0,60,10.81,debt_consolidation,0.064,0.083,0
47,64603.0,0.4,OWN,27.4,5,0,0.267,6897.0,60,6.98,debt_consolidation,0.021,0.025,0
40,63233.0,7.3,OWN,17.3,4,1,0.128,5700.0,48,10.36,major_purchase,0.023,0.028,0
21,38483.0,2.9,RENT,0.0,1,0,0.243,9060.0,60,7.5,other,0.047,0.057,0
45,54314.0,2.4,RENT,25.3,10,0,0.396,6232.0,24,8.99,debt_consolidation,0.057,0.063,0
33,116258.0,0.8,MORTGAGE,14.1,5,0,0.52,9844.0,48,10.09,other,0.021,0.026,1
51,33289.0,1.5,MORTGAGE,28.7,7,1,0.319,14327.0,48,10.21,debt_consolidation,0.108,0.132,1
40,20417.0,1.6,RENT,21.4,5,0,0.483,12367.0,60,9.45,home_improvement,0.121,0.152,0
45,68019.0,25.3,MORTGAGE,19.1,6,1,0.139,13623.0,36,11.08,other,0.067,0.079,0
29,51267.0,10.8,MORTGAGE,10.5,3,1,0.362,10509.0,24,8.31,credit_card,0.102,0.112,0
33,37987.0,0.1,MORTGAGE,10.1,5,1,0.153,8097.0,12,11.43,debt_consolidation,0.213,0.227,0
34,75060.0,5.8,OWN,14.3,2,1,0.33,11344.0,60,6.8,debt_consolidation,0.03,0.036,1
50,82422.0,1.8,MORTGAGE,31.4,4,0,0.193,20372.0,60,10.4,medical,0.049,0.064,0
60,17959.0,0.7,RENT,40.5,3,1,0.147,19000.0,48,7.45,other,0.264,0.307,0
30,39093.0,7.3,OWN,11.2,4,1,0.329,21965.0,36,9.11,debt_consolidation,0.187,0.215,0
53,172604.0,0.8,RENT,34.6,5,0,0.282,8829.0,24,9.89,small_business,0.026,0.028,0
18,72526.0,3.5,MORTGAGE,0.0,5,0,0.122,8814.0,36,7.38,credit_card,0.041,0.045,0
26,75967.0,6.0,MORTGAGE,1.9,5,1,0.391,15399.0,12,13.69,debt_consolidation,0.203,0.218,0
28,97387.0,4.9,MORTGAGE,9.7,3,0,0.11,13487.0,24,6.66,medical,0.069,0.074,0
24,54641.0,22.8,RENT,0.0,5,1,0.083,13928.0,24,11.96,credit_card,0.127,0.144,1
21,80688.0,9.2,MORTGAGE,3.0,8,1,0.121,3812.0,24,9.97,home_improvement,0.024,0.026,0
45,77577.0,8.9,RENT,23.8,7,1,0.204,5192.0,36,6.72,medical,0.022,0.025,0
37,70935.0,2.6,MORTGAGE,13.2,3,1,0.484,10534.0,24,5.52,other,0.074,0.079,0
45,46120.0,0.1,RENT,18.8,3,0,0.404,13425.0,36,7.59,small_business,0.097,0.109,0
48,59043.0,8.0,OWN,29.5,9,0,0.182,17974.0,36,10.45,small_business,0.101,0.119,0
43,40369.0,40.0,MORTGAGE,21.4,4,0,0.438,4273.0,36,9.04,debt_consolidation,0.035,0.04,0
48,54525.0,3.1,MORTGAGE,29.7,3,0,0.362,13124.0,36,7.55,credit_card,0.08,0.09,0
39,30205.0,25.4,RENT,19.7,2,1,0.536,19065.0,60,8.49,debt_consolidation,0.126,0.155,0
26,36486.0,0.9,RENT,4.1,2,2,0.201,12039.0,36,7.48,home_improvement,0.11,0.123,0
53,47044.0,2.1,MORTGAGE,33.7,7,1,0.178,12376.0,48,7.69,credit_card,0.066,0.077,0
33,33798.0,1.1,MORTGAGE,13.9,2,0,0.246,12630.0,60,6.36,credit_card,0.075,0.087,0
29,42087.0,3.9,RENT,10.6,7,0,0.042,13380.0,36,9.96,debt_consolidation,0.106,0.123,0
38,49913.0,9.6,MORTGAGE,19.8,4,1,0.289,7623.0,36,8.66,credit_card,0.051,0.058,0
29,66246.0,2.5,RENT,10.6,8,0,0.392,11882.0,60,9.86,major_purchase,0.036,0.046,0
35,87084.0,14.2,MORTGAGE,10.8,14,0,0.225,8274.0,36,11.86,debt_consolidation,0.032,0.038,0
44,42964.0,4.7,MORTGAGE,26.0,4,2,0.309,10029.0,36,8.9,small_business,0.078,0.089,0
44,105615.0,3.8,MORTGAGE,22.5,6,0,0.253,13674.0,48,7.17,debt_consolidation,0.032,0.037,0
29,86622.0,9.3,RENT,6.6,7,1,0.102,5853.0,60,7.89,credit_card,0.014,0.016,0
34,69706.0,0.6,RENT,13.5,7,1,0.205,11545.0,36,9.14,home_improvement,0.055,0.063,0
53,58502.0,8.9,RENT,31.1,6,0,0.149,13753.0,48,8.78,debt_consolidation,0.059,0.07,0
46,63549.0,1.7,OWN,24.8,8,0,0.328,19067.0,60,9.73,major_purchase,0.06,0.076,0
65,98079.0,2.0,RENT,45.2,4,1,0.173,3295.0,60,7.72,major_purchase,0.007,0.008,0
54,99887.0,5.5,MORTGAGE,34.6,4,0,0.058,6033.0,24,9.39,major_purchase,0.03,0.033,0
54,105606.0,13.9,OWN,27.5,3,1,0.461,12109.0,36,9.5,debt_consolidation,0.038,0.044,0
23,55307.0,5.2,RENT,0.0,3,0,0.422,33139.0,60,10.2,credit_card,0.12,0.153,0
49,71502.0,6.3,RENT,27.8,6,0,0.047,17230.0,48,9.26,home_improvement,0.06,0.072,0
39,106061.0,9.0,RENT,20.3,5,0,0.443,6541.0,60,7.02,debt_consolidation,0.012,0.015,0
33,39662.0,1.8,MORTGAGE,13.2,8,0,0.267,11048.0,48,8.32,debt_consolidation,0.07,0.082,0
42,46203.0,10.5,MORTGAGE,21.9,7,0,0.13,10358.0,48,11.81,debt_consolidation,0.056,0.071,0
51,54613.0,3.2,MORTGAGE,28.7,5,1,0.603,3896.0,24,7.25,debt_consolidation,0.036,0.038,1
46,84948.0,1.2,OWN,24.7,5,1,0.245,7323.0,36,9.85,debt_consolidation,0.029,0.033,0
29,85612.0,2.6,MORTGAGE,8.8,5,1,0.149,3048.0,48,7.91,credit_card,0.009,0.01,0
49,48270.0,1.7,RENT,27.6,4,0,0.079,15624.0,60,8.57,other,0.065,0.08,0
32,25481.0,1.6,RENT,13.9,2,0,0.249,60437.0,24,4.58,debt_consolidation,1.186,1.243,1
43,61273.0,2.0,MORTGAGE,20.5,1,0,0.074,8204.0,48,6.68,debt_consolidation,0.033,0.038,0
36,34229.0,1.2,MORTGAGE,17.3,4,0,0.465,8664.0,12,7.86,credit_card,0.253,0.264,0
37,25720.0,6.6,RENT,15.8,5,0,0.08,8343.0,60,12.12,debt_consolidation,0.065,0.087,0
49,28798.0,5.2,OWN,30.6,2,0,0.252,5581.0,24,7.68,home_improvement,0.097,0.105,0
28,63780.0,6.3,RENT,9.6,4,0,0.203,19535.0,36,4.0,debt_consolidation,0.102,0.109,0
63,106993.0,2.5,OWN,44.9,5,1,0.269,23065.0,12,11.84,major_purchase,0.216,0.23,0
18,55240.0,8.8,MORTGAGE,0.0,6,0,0.537,5540.0,36,10.55,debt_consolidation,0.033,0.039,0
33,60216.0,0.8,RENT,12.2,7,0,0.278,13605.0,12,8.15,debt_consolidation,0.226,0.236,0
44,97875.0,5.1,RENT,24.7,9,0,0.253,15756.0,24,9.59,debt_consolidation,0.08,0.089,0
47,25029.0,1.9,RENT,24.3,5,1,0.351,15870.0,12,7.17,debt_consolidation,0.634,0.659,1
39,70269.0,4.5,RENT,18.0,3,1,0.211,16226.0,48,7.73,debt_consolidation,0.058,0.067,0
39,53863.0,2.3,RENT,18.1,5,1,0.076,13074.0,60,9.51,medical,0.049,0.061,0
45,71900.0,9.4,RENT,25.0,5,1,0.162,11883.0,48,10.17,home_improvement,0.041,0.05,0
37,42542.0,13.3,RENT,19.0,3,0,0.076,8513.0,48,8.45,credit_card,0.05,0.059,0
57,35991.0,8.1,OWN,38.1,6,0,0.297,11494.0,60,11.86,major_purchase,0.064,0.085,0
50,58119.0,1.2,RENT,31.7,5,1,0.375,23886.0,48,7.03,debt_consolidation,0.103,0.118,0
50,123574.0,1.9,MORTGAGE,28.7,12,1,0.23,30630.0,60,10.66,home_improvement,0.05,0.064,0
28,83321.0,15.1,RENT,9.1,4,0,0.452,6652.0,12,7.08,debt_consolidation,0.08,0.083,0
39,42031.0,3.4,MORTGAGE,19.2,3,2,0.493,19900.0,24,8.72,home_improvement,0.237,0.259,0
36,27709.0,17.0,RENT,16.7,6,0,0.024,22144.0,36,11.09,major_purchase,0.266,0.314,0
28,23364.0,3.0,MORTGAGE,9.5,4,0,0.299,13591.0,60,7.84,debt_consolidation,0.116,0.141,0
44,104616.0,18.2,OWN,16.5,5,1,0.108,11619.0,36,7.62,debt_consolidation,0.037,0.042,0
34,33606.0,15.6,MORTGAGE,7.9,2,1,0.259,6374.0,36,8.38,debt_consolidation,0.063,0.072,0
48,46039.0,6.5,MORTGAGE,29.7,10,0,0.448,22021.0,24,7.9,small_business,0.239,0.259,0
27,104884.0,0.1,MORTGAGE,3.7,3,0,0.102,7454.0,36,6.54,small_business,0.024,0.026,0
61,24174.0,3.1,MORTGAGE,41.0,3,0,0.492,19403.0,60,8.78,major_purchase,0.161,0.199,0
29,114249.0,14.5,MORTGAGE,6.5,7,0,0.665,19129.0,24,9.83,debt_consolidation,0.084,0.093,0
43,47724.0,13.0,MORTGAGE,24.5,2,1,0.394,5829.0,36,7.28,home_improvement,0.041,0.045,0
50,30507.0,1.2,OWN,31.6,5,0,0.159,10936.0,36,9.47,debt_consolidation,0.119,0.138,0
33,47874.0,3.1,MORTGAGE,8.4,3,1,0.499,7257.0,12,9.34,debt_consolidation,0.152,0.159,1
50,37749.0,10.8,MORTGAGE,25.2,1,0,0.149,29346.0,24,10.36,credit_card,0.389,0.432,1
25,67536.0,5.2,OWN,5.1,5,1,0.166,11645.0,48,9.45,medical,0.043,0.052,0
57,39180.0,11.3,OWN,32.9,5,0,0.101,20510.0,24,11.17,debt_consolidation,0.262,0.293,0
40,20831.0,10.5,RENT,18.7,3,0,0.274,25693.0,36,8.44,home_improvement,0.411,0.467,0
33,48519.0,14.3,MORTGAGE,14.4,9,2,0.186,7962.0,60,7.94,home_improvement,0.033,0.04,0
36,27494.0,0.7,MORTGAGE,16.8,6,0,0.201,3932.0,48,6.92,medical,0.036,0.041,0
50,60004.0,0.9,OWN,31.6,3,1,0.12,4063.0,48,11.47,credit_card,0.017,0.021,0
33,29925.0,0.5,MORTGAGE,10.5,4,1,0.161,27123.0,48,10.77,debt_consolidation,0.227,0.28,0
31,42446.0,16.4,OWN,0.4,6,0,0.162,5879.0,36,10.06,debt_consolidation,0.046,0.054,0
37,59355.0,3.9,RENT,16.6,2,0,0.144,11101.0,36,6.79,credit_card,0.062,0.069,0
26,48716.0,0.4,RENT,4.8,5,0,0.226,16140.0,24,8.07,credit_card,0.166,0.18,0
62,61403.0,2.3,MORTGAGE,39.9,5,0,0.384,18411.0,48,10.82,debt_consolidation,0.075,0.093,0
33,76126.0,2.6,MORTGAGE,14.2,4,0,0.109,4467.0,12,8.21,other,0.059,0.061,0
50,30365.0,10.0,OWN,30.8,4,3,0.112,5134.0,60,9.99,other,0.034,0.043,0
43,52460.0,8.0,RENT,23.4,4,0,0.469,35718.0,48,11.18,major_purchase,0.17,0.212,1
28,15000.0,7.0,RENT,7.3,5,0,0.139,31624.0,24,9.19,home_improvement,1.054,1.158,1
40,61308.0,0.1,RENT,16.3,4,0,0.104,24727.0,48,10.56,debt_consolidation,0.101,0.124,0
49,46611.0,14.5,MORTGAGE,30.1,3,0,0.316,34289.0,36,9.34,debt_consolidation,0.245,0.282,0
38,33133.0,1.5,MORTGAGE,18.1,8,0,0.238,6129.0,48,14.29,debt_consolidation,0.046,0.061,0
54,63441.0,6.0,RENT,31.8,3,0,0.381,7870.0,24,8.73,debt_consolidation,0.062,0.068,0
52,97377.0,0.4,RENT,33.7,4,0,0.292,8116.0,60,9.69,other,0.017,0.021,0
51,42702.0,0.5,MORTGAGE,30.8,6,0,0.186,14956.0,48,10.13,credit_card,0.088,0.107,1
34,33779.0,0.1,MORTGAGE,15.5,8,0,0.258,10932.0,24,5.55,debt_consolidation,0.162,0.171,0
27,58836.0,5.0,OWN,6.7,3,0,0.542,15906.0,60,10.68,debt_consolidation,0.054,0.07,0
33,27783.0,6.0,RENT,10.6,5,2,0.127,15782.0,36,9.32,small_business,0.189,0.218,0
42,38941.0,0.3,OWN,23.2,3,0,0.049,9493.0,48,8.54,credit_card,0.061,0.072,0
47,99828.0,2.1,RENT,23.3,3,0,0.578,13646.0,60,7.4,other,0.027,0.033,0
18,55887.0,11.4,MORTGAGE,0.0,5,0,0.164,3119.0,36,8.32,major_purchase,0.019,0.021,0
40,21168.0,0.6,RENT,21.4,4,0,0.251,16046.0,24,10.36,home_improvement,0.379,0.421,0
42,22060.0,1.5,MORTGAGE,22.1,6,0,0.22,17406.0,48,5.41,medical,0.197,0.22,0
37,58750.0,3.3,MORTGAGE,12.7,7,1,0.214,9296.0,24,6.46,credit_card,0.079,0.085,0
55,83383.0,11.1,RENT,36.8,10,1,0.03,17766.0,24,11.3,home_improvement,0.107,0.12,0
45,24129.0,1.8,MORTGAGE,25.8,2,0,0.167,9107.0,36,10.1,major_purchase,0.126,0.146,0
56,67837.0,35.1,MORTGAGE,34.8,5,0,0.309,4776.0,60,10.74,debt_consolidation,0.014,0.018,1
37,105364.0,2.6,RENT,17.7,8,1,0.368,5542.0,36,10.39,debt_consolidation,0.018,0.02,0
51,139237.0,2.9,OWN,32.8,6,0,0.165,18447.0,60,8.49,debt_consolidation,0.026,0.033,0
60,63934.0,0.8,OWN,40.8,5,0,0.631,6206.0,48,11.49,credit_card,0.024,0.03,1
56,69801.0,6.8,MORTGAGE,32.8,3,1,0.12,14837.0,36,11.43,debt_consolidation,0.071,0.084,0
27,18646.0,1.7,MORTGAGE,0.0,1,0,0.383,11042.0,24,7.26,debt_consolidation,0.296,0.319,0
37,154798.0,5.9,RENT,18.9,2,0,0.424,12056.0,36,10.76,debt_consolidation,0.026,0.03,0
36,40630.0,1.5,OWN,15.5,5,1,0.274,23829.0,24,6.82,debt_consolidation,0.293,0.315,0
46,33971.0,2.9,RENT,27.7,3,1,0.592,39217.0,36,11.17,debt_consolidation,0.385,0.455,1
48,47686.0,11.7,OWN,26.6,4,0,0.461,31548.0,48,7.3,credit_card,0.165,0.191,0
30,115363.0,8.1,RENT,12.0,6,0,0.466,4607.0,36,6.97,debt_consolidation,0.013,0.015,0
41,163411.0,1.0,MORTGAGE,23.0,5,0,0.519,18292.0,24,10.26,debt_consolidation,0.056,0.062,0
18,57682.0,5.6,OWN,0.0,6,0,0.217,7856.0,36,7.66,medical,0.045,0.051,0
57,89236.0,5.9,MORTGAGE,38.8,9,1,0.339,17641.0,36,12.7,home_improvement,0.066,0.08,0
34,55359.0,0.6,MORTGAGE,14.9,6,1,0.243,6476.0,60,9.64,credit_card,0.023,0.03,0
41,32244.0,3.8,MORTGAGE,13.5,8,0,0.442,3653.0,36,7.08,major_purchase,0.038,0.042,0
36,113365.0,1.8,MORTGAGE,5.4,6,0,0.47,18873.0,60,6.62,debt_consolidation,0.033,0.039,0
54,39693.0,3.8,MORTGAGE,35.5,6,0,0.305,13728.0,36,7.9,debt_consolidation,0.115,0.13,0
18,116747.0,9.0,RENT,0.0,5,1,0.666,7538.0,60,6.86,credit_card,0.013,0.015,1
40,103701.0,1.0,OWN,19.5,8,0,0.121,36555.0,24,6.99,small_business,0.176,0.189,0
39,73645.0,0.8,MORTGAGE,19.2,5,0,0.299,5285.0,36,8.89,debt_consolidation,0.024,0.027,0
35,135197.0,1.9,RENT,9.2,4,0,0.054,33212.0,24,8.11,other,0.123,0.133,0
61,165408.0,18.3,MORTGAGE,38.8,3,1,0.124,7965.0,48,7.62,credit_card,0.012,0.014,0
29,49631.0,8.3,RENT,6.7,5,1,0.112,17799.0,36,11.54,other,0.12,0.142,0
49,36156.0,0.1,RENT,30.1,10,0,0.1,7448.0,60,7.53,home_improvement,0.041,0.05,0
44,21330.0,3.1,MORTGAGE,24.3,2,0,0.318,13675.0,36,9.69,credit_card,0.214,0.247,0
55,166432.0,1.8,MORTGAGE,35.0,8,0,0.389,10569.0,36,4.62,home_improvement,0.021,0.023,0
32,43484.0,6.1,RENT,12.9,11,1,0.3,14999.0,36,8.76,credit_card,0.115,0.131,0
31,95561.0,3.7,RENT,12.7,6,0,0.202,24123.0,36,8.37,debt_consolidation,0.084,0.095,1
53,37398.0,20.0,MORTGAGE,34.6,4,0,0.411,6487.0,24,10.53,credit_card,0.087,0.097,0
45,116907.0,1.5,MORTGAGE,26.4,5,1,0.298,6392.0,24,10.63,debt_consolidation,0.027,0.03,0
21,38175.0,5.3,MORTGAGE,2.3,3,0,0.12,19244.0,24,11.88,other,0.252,0.284,0
34,29856.0,7.2,RENT,15.2,6,0,0.107,8437.0,36,8.05,credit_card,0.094,0.106,0
45,48813.0,10.5,MORTGAGE,26.1,9,1,0.42,16135.0,24,5.35,debt_consolidation,0.165,0.175,1
50,41528.0,3.1,OWN,30.2,5,0,0.486,17922.0,36,6.95,credit_card,0.144,0.16,0
32,72995.0,7.0,MORTGAGE,11.9,3,0,0.633,2815.0,36,7.93,credit_card,0.013,0.014,0
18,52802.0,2.2,RENT,0.0,8,0,0.223,14204.0,36,7.45,home_improvement,0.09,0.1,1
46,74150.0,3.4,RENT,20.9,7,0,0.148,6542.0,12,12.75,credit_card,0.088,0.094,1
25,46840.0,13.6,OWN,4.6,6,2,0.322,22567.0,36,9.11,credit_card,0.161,0.184,0
18,38849.0,18.0,MORTGAGE,0.0,7,0,0.098,7915.0,36,8.94,credit_card,0.068,0.078,0
18,40466.0,7.6,RENT,0.0,3,1,0.05,14132.0,24,8.96,credit_card,0.175,0.191,0
50,150613.0,2.8,MORTGAGE,31.5,7,0,0.482,6798.0,48,8.42,debt_consolidation,0.011,0.013,0
42,60632.0,10.3,OWN,22.3,2,0,0.402,12692.0,48,5.92,debt_consolidation,0.052,0.059,0
37,20093.0,0.2,RENT,17.3,7,0,0.224,6347.0,24,11.67,credit_card,0.158,0.178,0
57,41768.0,0.7,RENT,37.7,3,0,0.151,11811.0,36,12.96,small_business,0.094,0.114,0
48,56865.0,6.5,MORTGAGE,30.0,3,0,0.105,9621.0,12,6.98,debt_consolidation,0.169,0.176,0
59,136312.0,2.1,MORTGAGE,35.9,2,0,0.195,18517.0,48,9.64,credit_card,0.034,0.041,0
23,90613.0,18.1,OWN,4.6,9,0,0.332,4636.0,36,8.36,debt_consolidation,0.017,0.019,0
40,34171.0,3.4,MORTGAGE,5.8,2,0,0.119,22650.0,60,12.23,home_improvement,0.133,0.178,0
21,181530.0,3.4,MORTGAGE,0.0,5,0,0.24,31430.0,36,11.25,debt_consolidation,0.058,0.068,0
37,53339.0,6.8,RENT,16.4,7,0,0.38,13481.0,36,8.07,debt_consolidation,0.084,0.095,0
37,101029.0,8.8,RENT,18.5,5,0,0.465,5527.0,36,11.41,debt_consolidation,0.018,0.022,0
48,30409.0,3.9,OWN,27.8,3,0,0.078,7513.0,48,10.24,other,0.062,0.076,0
41,16333.0,1.4,RENT,22.1,10,0,0.077,6994.0,36,7.82,debt_consolidation,0.143,0.161,0
47,26790.0,8.9,MORTGAGE,28.1,7,0,0.214,13814.0,12,7.0,credit_card,0.516,0.535,0
48,15000.0,2.3,OWN,24.7,4,1,0.493,12487.0,36,11.48,home_improvement,0.277,0.329,1
66,155756.0,1.2,RENT,46.6,3,1,0.235,23482.0,36,7.89,debt_consolidation,0.05,0.057,0
36,60311.0,6.0,MORTGAGE,16.2,3,2,0.236,10240.0,12,9.47,medical,0.17,0.179,0
29,34121.0,0.6,RENT,5.4,4,1,0.223,5474.0,36,11.3,major_purchase,0.053,0.063,0
43,67935.0,21.3,OWN,24.7,7,1,0.425,5982.0,60,9.35,debt_consolidation,0.018,0.022,1
30,59556.0,6.0,RENT,9.3,4,0,0.421,8496.0,48,7.82,debt_consolidation,0.036,0.042,0
58,73900.0,25.6,RENT,37.4,5,0,0.435,10539.0,12,11.23,credit_card,0.143,0.151,0
37,99187.0,2.5,RENT,17.3,8,1,0.173,7900.0,36,10.74,debt_consolidation,0.027,0.031,0
33,46866.0,21.3,MORTGAGE,9.7,8,0,0.216,17636.0,24,12.87,medical,0.188,0.214,0
34,34894.0,0.9,RENT,7.4,8,1,0.311,13181.0,24,10.76,credit_card,0.189,0.211,0
49,81952.0,0.2,MORTGAGE,29.1,9,0,0.198,5198.0,36,8.54,debt_consolidation,0.021,0.024,0
38,80916.0,0.2,MORTGAGE,18.2,6,0,0.33,5795.0,12,10.02,credit_card,0.072,0.076,0
32,56975.0,3.8,RENT,11.9,3,0,0.171,50126.0,36,11.1,other,0.293,0.346,1
60,160938.0,0.5,MORTGAGE,38.1,8,1,0.443,21198.0,24,9.92,credit_card,0.066,0.073,1
30,43525.0,4.3,MORTGAGE,8.7,8,0,0.084,14011.0,60,7.96,major_purchase,0.064,0.078,0
40,34547.0,2.4,MORTGAGE,21.2,2,0,0.191,5441.0,12,7.85,small_business,0.157,0.164,1
48,66772.0,2.5,MORTGAGE,29.8,7,0,0.05,6753.0,12,10.92,debt_consolidation,0.101,0.107,0
20,38659.0,6.1,MORTGAGE,0.0,6,0,0.151,9608.0,36,11.05,credit_card,0.083,0.098,0
46,69408.0,1.1,RENT,27.1,2,0,0.484,15593.0,12,10.58,debt_consolidation,0.225,0.238,0
27,35721.0,8.7,OWN,5.9,4,0,0.126,23037.0,36,9.46,home_improvement,0.215,0.248,0
50,44350.0,5.2,MORTGAGE,26.7,6,0,0.041,8070.0,36,9.25,debt_consolidation,0.061,0.07,0
28,139444.0,14.8,RENT,8.9,8,2,0.686,18484.0,36,8.23,credit_card,0.044,0.05,0
48,44232.0,2.7,RENT,27.0,3,1,0.389,31098.0,36,11.0,debt_consolidation,0.234,0.276,0
53,36336.0,24.3,RENT,34.7,7,0,0.422,15412.0,36,8.17,debt_consolidation,0.141,0.16,1
50,97279.0,5.1,MORTGAGE,21.5,4,0,0.157,6046.0,48,8.87,credit_card,0.016,0.019,0
43,32032.0,21.8,RENT,24.8,1,0,0.22,9422.0,36,8.36,small_business,0.098,0.111,0
37,38312.0,0.2,MORTGAGE,17.3,4,0,0.413,8857.0,60,9.56,medical,0.046,0.058,0
33,72278.0,7.8,RENT,12.7,1,0,0.309,15699.0,12,8.12,medical,0.217,0.227,0
58,86613.0,10.2,RENT,35.3,5,2,0.065,7476.0,24,10.4,debt_consolidation,0.043,0.048,0
32,99732.0,0.3,RENT,13.6,6,0,0.591,45595.0,12,11.74,debt_consolidation,0.457,0.487,1
28,37287.0,5.2,RENT,8.3,11,0,0.211,4361.0,24,11.2,debt_consolidation,0.058,0.066,0
48,72985.0,9.7,MORTGAGE,28.9,2,0,0.348,7933.0,60,8.24,debt_consolidation,0.022,0.027,0
30,42914.0,4.9,RENT,10.9,5,0,0.29,12490.0,60,11.49,major_purchase,0.058,0.077,0
29,40022.0,0.4,RENT,6.5,7,0,0.677,3985.0,48,6.58,debt_consolidation,0.025,0.028,0
23,98874.0,7.1,MORTGAGE,5.0,5,0,0.526,11876.0,36,7.71,small_business,0.04,0.045,0
34,41160.0,0.4,RENT,11.9,8,0,0.377,4181.0,48,10.39,debt_consolidation,0.025,0.031,0
39,62262.0,10.2,RENT,16.0,1,0,0.413,15426.0,60,8.21,major_purchase,0.05,0.061,0
43,58559.0,0.3,OWN,18.1,6,0,0.066,16294.0,60,7.85,credit_card,0.056,0.067,0
51,31717.0,0.9,MORTGAGE,30.0,7,0,0.391,10872.0,24,8.16,debt_consolidation,0.171,0.186,0
46,87820.0,1.9,RENT,26.8,2,0,0.6,6889.0,48,8.93,credit_card,0.02,0.023,0
38,71692.0,6.0,RENT,18.3,6,0,0.042,8337.0,24,7.36,debt_consolidation,0.058,0.063,0
38,20067.0,22.5,RENT,9.5,2,0,0.264,36128.0,12,8.6,credit_card,1.8,1.885,1
46,62237.0,0.8,MORTGAGE,21.6,2,1,0.702,5633.0,60,10.93,major_purchase,0.018,0.024,0
55,36810.0,0.9,RENT,35.1,6,0,0.183,12538.0,48,8.25,debt_consolidation,0.085,0.1,0
42,93764.0,2.8,OWN,15.4,5,2,0.471,5910.0,60,12.86,credit_card,0.013,0.017,1
34,26299.0,10.9,MORTGAGE,10.8,5,0,0.705,9622.0,48,7.18,home_improvement,0.091,0.106,0
28,45332.0,3.8,MORTGAGE,3.1,2,0,0.052,2322.0,36,7.04,other,0.017,0.019,0
23,64927.0,2.3,RENT,1.6,6,1,0.123,11538.0,48,9.27,credit_card,0.044,0.053,0
48,55669.0,4.9,RENT,24.2,4,0,0.196,18125.0,48,9.39,credit_card,0.081,0.098,0
47,79339.0,1.8,RENT,22.3,10,0,0.4,4350.0,12,10.3,home_improvement,0.055,0.058,0
47,25356.0,3.1,RENT,28.7,1,0,0.048,19437.0,48,4.23,small_business,0.192,0.209,0
38,123742.0,2.4,OWN,9.9,8,0,0.356,38211.0,36,10.65,debt_consolidation,0.103,0.121,0
57,70444.0,9.8,MORTGAGE,37.8,5,2,0.26,14101.0,24,7.09,credit_card,0.1,0.108,0
34,106922.0,15.5,MORTGAGE,14.3,1,1,0.627,15821.0,36,7.48,small_business,0.049,0.055,0
51,83878.0,8.6,OWN,28.3,1,0,0.339,12313.0,12,8.73,debt_consolidation,0.147,0.154,0
40,53863.0,3.5,OWN,18.7,5,0,0.269,14599.0,24,10.46,credit_card,0.136,0.151,0
33,28507.0,4.2,RENT,8.3,6,1,0.089,14415.0,36,8.36,credit_card,0.169,0.191,0
47,40873.0,0.8,OWN,27.5,10,0,0.312,4144.0,24,6.18,debt_consolidation,0.051,0.054,0
45,119944.0,8.2,RENT,25.6,2,0,0.229,16135.0,60,12.48,small_business,0.027,0.036,0
44,108306.0,5.4,MORTGAGE,25.9,4,0,0.197,14887.0,60,11.03,debt_consolidation,0.027,0.036,0
41,39743.0,14.0,OWN,21.1,5,2,0.269,10208.0,24,10.98,major_purchase,0.128,0.144,0
40,15000.0,1.3,MORTGAGE,18.1,3,0,0.357,6526.0,48,6.43,credit_card,0.109,0.124,0
69,48711.0,8.6,MORTGAGE,49.9,4,0,0.015,15965.0,48,5.03,medical,0.082,0.091,0
54,46918.0,6.9,RENT,34.1,4,0,0.081,8029.0,36,6.49,debt_consolidation,0.057,0.063,0
49,47816.0,1.9,RENT,30.3,7,1,0.247,9738.0,48,7.84,debt_consolidation,0.051,0.059,0
41,70564.0,6.6,MORTGAGE,18.6,4,0,0.677,7584.0,60,12.43,credit_card,0.021,0.029,0
52,83961.0,15.5,RENT,33.8,6,0,0.081,13411.0,48,7.34,other,0.04,0.046,0
46,88890.0,15.0,OWN,24.3,6,1,0.323,6750.0,48,8.94,medical,0.019,0.023,0
40,67701.0,7.6,RENT,20.6,4,1,0.384,2308.0,36,12.77,debt_consolidation,0.011,0.014,0
36,22018.0,0.3,RENT,17.9,1,0,0.193,14103.0,60,8.95,credit_card,0.128,0.159,0
39,45679.0,12.3,MORTGAGE,15.2,3,0,0.317,4541.0,60,7.95,other,0.02,0.024,0
18,171450.0,6.4,MORTGAGE,0.0,3,0,0.058,5794.0,24,9.6,home_improvement,0.017,0.019,0
43,65324.0,2.2,MORTGAGE,22.3,6,0,0.433,13057.0,24,10.95,home_improvement,0.1,0.112,0
34,65115.0,1.2,MORTGAGE,12.0,3,1,0.342,10150.0,36,6.37,credit_card,0.052,0.057,0
59,64844.0,0.7,MORTGAGE,37.8,6,0,0.259,6512.0,36,8.26,debt_consolidation,0.033,0.038,0
40,66682.0,0.3,OWN,18.1,4,0,0.135,10405.0,36,11.03,debt_consolidation,0.052,0.061,0
26,16456.0,8.4,MORTGAGE,3.7,2,1,0.219,31066.0,36,10.5,debt_consolidation,0.629,0.736,0
39,48062.0,1.6,MORTGAGE,18.3,4,0,0.131,9292.0,24,12.01,medical,0.097,0.109,0
27,53160.0,0.1,RENT,7.6,9,0,0.089,22181.0,36,7.02,small_business,0.139,0.155,0
46,102821.0,3.0,OWN,27.2,4,0,0.383,12901.0,36,9.52,credit_card,0.042,0.048,0
43,55483.0,4.0,RENT,18.0,5,1,0.185,18525.0,60,9.82,other,0.067,0.085,0
51,23783.0,1.1,RENT,22.5,7,0,0.125,9227.0,60,14.47,other,0.078,0.109,0
31,67174.0,0.3,MORTGAGE,11.7,2,0,0.301,15267.0,36,7.48,debt_consolidation,0.076,0.085,1
40,36246.0,1.3,RENT,21.6,7,0,0.171,35086.0,24,9.65,debt_consolidation,0.484,0.534,0
24,29484.0,6.8,RENT,5.2,3,1,0.105,9291.0,48,6.81,debt_consolidation,0.079,0.09,1
48,35701.0,0.5,RENT,26.7,5,0,0.225,12061.0,24,10.37,debt_consolidation,0.169,0.188,0
46,71058.0,4.9,RENT,27.4,5,0,0.16,7178.0,36,10.19,home_improvement,0.034,0.039,1
46,101659.0,0.9,RENT,23.5,9,0,0.3,4795.0,36,9.34,major_purchase,0.016,0.018,0
40,68973.0,1.3,MORTGAGE,14.3,3,0,0.211,5688.0,36,5.35,debt_consolidation,0.027,0.03,0
45,74311.0,3.0,MORTGAGE,17.1,6,1,0.16,13589.0,48,7.91,credit_card,0.046,0.053,0
59,68633.0,0.6,MORTGAGE,41.0,5,0,0.316,19093.0,12,8.34,medical,0.278,0.291,0
37,56992.0,1.1,OWN,9.5,6,0,0.262,10000.0,24,9.13,home_improvement,0.088,0.096,0
42,76762.0,2.6,RENT,20.0,4,0,0.793,9013.0,24,8.37,credit_card,0.059,0.064,0
27,16165.0,2.4,MORTGAGE,8.7,2,0,0.215,18986.0,60,10.56,debt_consolidation,0.235,0.303,0
30,57271.0,8.3,RENT,10.4,6,1,0.38,7756.0,36,11.8,debt_consolidation,0.045,0.054,0
41,32130.0,0.5,RENT,19.4,4,1,0.315,11301.0,60,10.82,debt_consolidation,0.07,0.091,0
53,96902.0,11.8,MORTGAGE,25.6,6,0,0.522,47992.0,24,8.52,credit_card,0.248,0.27,0
37,50333.0,10.2,RENT,18.5,7,0,0.35,59871.0,24,9.98,debt_consolidation,0.595,0.659,0
37,55021.0,8.7,RENT,18.6,5,2,0.715,22121.0,24,5.3,other,0.201,0.212,1
35,25526.0,2.2,MORTGAGE,15.1,4,0,0.115,13697.0,24,8.54,credit_card,0.268,0.293,0
34,90077.0,10.4,OWN,5.7,4,0,0.228,25536.0,36,7.53,debt_consolidation,0.094,0.106,0
44,74137.0,1.2,RENT,15.3,4,0,0.363,3169.0,24,7.87,home_improvement,0.021,0.023,0
22,71573.0,0.8,RENT,3.2,9,0,0.69,8045.0,36,9.49,major_purchase,0.037,0.043,0
55,36080.0,0.3,MORTGAGE,35.8,6,0,0.274,12206.0,24,8.96,medical,0.169,0.185,0
32,36797.0,16.8,MORTGAGE,6.8,1,1,0.433,4366.0,36,7.63,small_business,0.04,0.044,0
49,60585.0,2.2,MORTGAGE,27.0,5,0,0.088,9373.0,12,5.23,major_purchase,0.155,0.159,0
25,38283.0,15.0,MORTGAGE,0.0,5,0,0.199,8198.0,24,7.84,debt_consolidation,0.107,0.116,0
48,67336.0,1.9,MORTGAGE,23.3,6,0,0.414,13400.0,36,12.14,debt_consolidation,0.066,0.079,0
48,18390.0,14.3,MORTGAGE,29.3,4,0,0.267,13015.0,36,9.36,debt_consolidation,0.236,0.271,0
45,42456.0,14.1,MORTGAGE,22.7,4,2,0.212,4545.0,60,8.77,debt_consolidation,0.021,0.027,0
28,133036.0,15.4,RENT,9.9,4,0,0.692,11486.0,60,8.17,small_business,0.017,0.021,0
43,67491.0,4.1,OWN,19.9,6,0,0.113,53873.0,36,10.13,credit_card,0.266,0.31,0
26,58888.0,12.1,MORTGAGE,5.2,5,0,0.138,19375.0,48,10.13,home_improvement,0.082,0.1,0
37,146183.0,18.1,RENT,9.6,5,1,0.254,7061.0,12,9.28,major_purchase,0.048,0.051,0
52,16849.0,2.4,MORTGAGE,24.3,7,1,0.3,5293.0,48,8.41,credit_card,0.079,0.093,0
50,36039.0,3.3,OWN,31.8,3,0,0.233,11829.0,36,8.38,debt_consolidation,0.109,0.124,0
40,44330.0,7.6,RENT,21.5,6,1,0.318,7608.0,48,8.2,debt_consolidation,0.043,0.05,0
28,83214.0,2.1,MORTGAGE,8.0,8,0,0.413,10458.0,36,7.77,home_improvement,0.042,0.047,0
48,83938.0,8.4,RENT,23.7,6,0,0.474,15323.0,60,9.65,home_improvement,0.037,0.046,0
40,35137.0,0.5,MORTGAGE,16.9,5,0,0.887,5757.0,36,10.81,debt_consolidation,0.055,0.064,0
18,89230.0,4.4,RENT,0.0,7,2,0.353,12052.0,24,11.08,major_purchase,0.068,0.076,0
49,44282.0,0.8,RENT,28.1,5,0,0.323,5235.0,60,10.71,debt_consolidation,0.024,0.031,0
40,99292.0,2.1,OWN,21.1,5,1,0.051,6061.0,24,9.36,debt_consolidation,0.031,0.034,0
54,32328.0,1.8,RENT,35.9,2,0,0.565,11612.0,36,11.7,debt_consolidation,0.12,0.143,0
27,50937.0,11.0,RENT,8.2,5,1,0.223,12139.0,24,7.39,debt_consolidation,0.119,0.129,0
18,42401.0,1.3,MORTGAGE,0.0,6,1,0.073,15884.0,24,11.77,medical,0.187,0.211,0
43,91859.0,9.9,OWN,17.2,6,1,0.525,11936.0,12,9.15,major_purchase,0.13,0.136,0
43,41715.0,9.5,RENT,23.8,4,0,0.156,24084.0,24,7.35,debt_consolidation,0.289,0.311,0
20,53039.0,4.1,MORTGAGE,0.0,5,1,0.373,12487.0,48,8.64,debt_consolidation,0.059,0.07,0
28,69801.0,1.6,OWN,8.5,6,2,0.106,28954.0,48,8.43,debt_consolidation,0.104,0.123,0
73,71156.0,1.5,OWN,53.9,2,1,0.476,4987.0,48,9.49,small_business,0.018,0.021,0
36,84413.0,3.8,RENT,15.9,6,0,0.167,11183.0,24,8.21,credit_card,0.066,0.072,0
49,60208.0,0.1,RENT,29.2,5,0,0.165,15096.0,36,7.67,debt_consolidation,0.084,0.094,0
32,43953.0,4.5,RENT,6.6,4,0,0.102,5876.0,36,12.3,medical,0.045,0.054,0
18,45486.0,18.3,RENT,0.0,2,1,0.361,9270.0,36,9.92,credit_card,0.068,0.079,0
38,54876.0,1.0,MORTGAGE,19.0,9,0,0.258,9527.0,36,9.01,other,0.058,0.066,0
37,61377.0,5.1,MORTGAGE,13.5,4,1,0.078,8409.0,24,8.22,credit_card,0.069,0.075,0
35,50333.0,19.6,MORTGAGE,0.0,7,1,0.405,17670.0,36,6.79,home_improvement,0.117,0.13,0
39,54699.0,11.8,MORTGAGE,17.9,14,0,0.418,13471.0,60,5.74,debt_consolidation,0.049,0.057,0
43,25371.0,11.4,RENT,24.1,7,0,0.111,13967.0,12,7.06,small_business,0.551,0.572,0
38,75635.0,10.4,RENT,19.2,5,2,0.172,8389.0,60,8.37,small_business,0.022,0.027,0
25,59311.0,2.2,MORTGAGE,6.8,6,1,0.072,14261.0,60,8.07,home_improvement,0.048,0.059,0
46,89405.0,13.3,MORTGAGE,27.8,6,0,0.026,5039.0,36,10.43,debt_consolidation,0.019,0.022,0
18,54181.0,17.0,RENT,0.0,2,0,0.364,10344.0,12,4.16,debt_consolidation,0.191,0.195,0
18,22715.0,4.1,MORTGAGE,0.0,2,0,0.61,15680.0,12,9.18,major_purchase,0.69,0.725,1
49,45287.0,2.6,RENT,29.0,9,1,0.116,8493.0,60,12.2,debt_consolidation,0.038,0.05,0
46,49023.0,3.2,OWN,24.4,7,0,0.457,8955.0,36,7.14,credit_card,0.061,0.068,0
39,78547.0,2.4,RENT,15.3,3,2,0.258,6927.0,48,8.34,debt_consolidation,0.022,0.026,0
23,19242.0,1.4,MORTGAGE,4.4,7,1,0.083,8051.0,36,8.82,debt_consolidation,0.139,0.159,0
32,55303.0,5.8,RENT,12.3,4,0,0.091,17268.0,60,9.87,major_purchase,0.062,0.079,0
37,70041.0,5.0,RENT,18.1,3,0,0.593,4116.0,24,7.4,debt_consolidation,0.029,0.032,0
21,38920.0,3.7,OWN,2.1,3,0,0.274,13797.0,48,8.62,credit_card,0.089,0.105,0
31,56236.0,0.6,MORTGAGE,11.9,2,0,0.386,9859.0,24,5.66,major_purchase,0.088,0.093,0
48,39596.0,9.6,MORTGAGE,27.3,3,1,0.281,8212.0,60,11.51,medical,0.041,0.055,0
57,37617.0,1.2,RENT,38.9,0,1,0.355,13489.0,60,8.05,other,0.072,0.087,0
35,44170.0,0.7,MORTGAGE,15.4,10,1,0.225,5762.0,60,10.56,debt_consolidation,0.026,0.034,0
49,37974.0,5.9,RENT,30.4,7,1,0.192,13000.0,60,11.0,debt_consolidation,0.068,0.089,0
18,76253.0,3.1,RENT,0.0,4,0,0.286,8321.0,24,7.67,small_business,0.055,0.059,0
48,37516.0,0.4,MORTGAGE,27.4,8,1,0.164,6920.0,60,8.48,debt_consolidation,0.037,0.045,0
30,34494.0,2.6,RENT,5.9,4,1,0.282,9858.0,48,11.74,major_purchase,0.071,0.09,0
44,131133.0,8.9,RENT,25.3,6,1,0.474,14809.0,48,7.15,small_business,0.028,0.033,0
37,87585.0,5.7,RENT,14.0,5,2,0.445,12555.0,36,6.97,credit_card,0.048,0.053,0
56,21359.0,2.7,OWN,36.4,3,0,0.136,8920.0,48,6.69,medical,0.104,0.119,0
30,36961.0,1.3,RENT,11.4,4,1,0.536,9254.0,48,5.65,debt_consolidation,0.063,0.07,0
48,61159.0,6.0,MORTGAGE,25.7,3,1,0.662,6725.0,48,6.33,small_business,0.027,0.031,0
37,63696.0,13.1,MORTGAGE,14.7,3,1,0.435,8198.0,36,11.21,major_purchase,0.043,0.051,0
38,25713.0,6.2,MORTGAGE,3.5,2,0,0.077,8718.0,24,8.51,small_business,0.17,0.185,0
38,96692.0,10.1,RENT,15.4,2,0,0.538,5047.0,60,7.03,debt_consolidation,0.01,0.012,1
30,81847.0,4.4,RENT,11.5,7,1,0.097,2877.0,36,10.27,debt_consolidation,0.012,0.014,0
40,68937.0,7.6,RENT,20.8,3,0,0.282,5961.0,48,9.5,medical,0.022,0.026,0
39,106763.0,13.6,MORTGAGE,19.2,6,1,0.683,17967.0,48,6.5,debt_consolidation,0.042,0.048,0
43,67924.0,8.9,RENT,24.6,5,0,0.602,17458.0,24,6.97,debt_consolidation,0.129,0.138,0
41,67798.0,14.4,RENT,18.3,3,0,0.22,22095.0,24,10.15,debt_consolidation,0.163,0.181,0
50,118047.0,3.4,RENT,29.8,6,0,0.575,11330.0,48,8.35,home_improvement,0.024,0.028,0
51,93959.0,14.1,RENT,24.3,5,0,0.594,16370.0,60,12.19,debt_consolidation,0.035,0.047,0
27,35570.0,5.8,RENT,6.3,5,1,0.219,10459.0,60,6.43,debt_consolidation,0.059,0.069,0
50,74354.0,12.2,RENT,29.8,7,0,0.633,2704.0,24,10.16,debt_consolidation,0.018,0.02,0
26,38866.0,0.2,MORTGAGE,7.8,5,1,0.386,15770.0,24,8.03,home_improvement,0.203,0.22,1
47,69708.0,6.4,RENT,28.5,6,0,0.083,5065.0,60,5.46,debt_consolidation,0.015,0.017,0
47,68755.0,11.3,RENT,23.3,9,0,0.406,6509.0,60,9.84,debt_consolidation,0.019,0.024,0
18,27126.0,1.1,MORTGAGE,0.0,7,1,0.301,26633.0,24,13.7,home_improvement,0.491,0.564,0
41,50974.0,6.5,MORTGAGE,21.4,6,0,0.598,4673.0,24,10.44,debt_consolidation,0.046,0.051,0
34,61860.0,10.5,MORTGAGE,11.0,4,1,0.364,3352.0,24,6.77,debt_consolidation,0.027,0.029,0
31,43558.0,2.0,MORTGAGE,10.0,6,1,0.025,20216.0,48,11.48,credit_card,0.116,0.145,0
56,63409.0,3.1,MORTGAGE,28.4,2,0,0.413,3332.0,48,7.98,major_purchase,0.013,0.015,0
32,81060.0,5.1,MORTGAGE,13.2,6,0,0.426,1986.0,36,10.29,debt_consolidation,0.008,0.01,0
30,53354.0,4.4,MORTGAGE,9.6,7,2,0.517,4655.0,48,5.06,major_purchase,0.022,0.024,0
41,60615.0,0.2,MORTGAGE,21.4,10,0,0.146,11505.0,24,7.95,debt_consolidation,0.095,0.103,0
48,108197.0,0.6,OWN,27.7,5,0,0.352,14458.0,24,6.13,small_business,0.067,0.071,0
38,68638.0,0.6,MORTGAGE,19.1,4,0,0.304,14746.0,60,12.54,debt_consolidation,0.043,0.058,0
54,59899.0,1.8,MORTGAGE,33.9,7,0,0.297,16641.0,48,8.62,home_improvement,0.069,0.082,0
46,33556.0,1.7,MORTGAGE,25.1,4,0,0.042,8061.0,48,11.09,credit_card,0.06,0.075,0
18,75774.0,8.1,OWN,0.0,5,0,0.032,22585.0,24,11.49,debt_consolidation,0.149,0.168,0
34,63900.0,5.1,RENT,11.9,3,0,0.104,18845.0,48,9.63,small_business,0.074,0.089,0
33,102937.0,8.7,RENT,11.3,4,1,0.25,7059.0,36,11.96,home_improvement,0.023,0.027,0
46,55461.0,0.4,MORTGAGE,21.6,3,1,0.225,10375.0,60,11.84,debt_consolidation,0.037,0.05,0
18,21848.0,4.0,RENT,0.0,1,0,0.197,35913.0,36,7.29,credit_card,0.548,0.612,1
71,23154.0,2.3,MORTGAGE,52.8,9,1,0.253,13256.0,24,12.04,debt_consolidation,0.286,0.324,0
46,78264.0,11.4,OWN,26.1,9,0,0.182,48066.0,36,8.41,home_improvement,0.205,0.232,0
42,40737.0,7.4,RENT,23.6,7,0,0.378,2647.0,12,6.38,small_business,0.065,0.067,0
54,67399.0,12.2,MORTGAGE,32.9,6,1,0.718,7531.0,48,6.95,major_purchase,0.028,0.032,0
68,57361.0,0.3,OWN,49.9,5,1,0.191,6779.0,36,8.32,home_improvement,0.039,0.045,0
50,49840.0,7.7,MORTGAGE,30.6,4,2,0.536,5063.0,36,5.82,small_business,0.034,0.037,0
51,51628.0,4.7,RENT,32.7,3,0,0.321,5539.0,12,6.57,debt_consolidation,0.107,0.111,0
42,35147.0,10.5,MORTGAGE,24.0,4,0,0.42,12924.0,36,8.2,credit_card,0.123,0.139,0
38,53751.0,4.2,MORTGAGE,10.3,4,0,0.238,7806.0,48,10.21,debt_consolidation,0.036,0.044,0
34,40447.0,4.7,MORTGAGE,0.0,5,1,0.503,11540.0,36,7.36,credit_card,0.095,0.106,0
30,44975.0,0.3,MORTGAGE,9.6,6,0,0.111,6860.0,12,10.57,credit_card,0.153,0.161,0
32,46082.0,6.6,MORTGAGE,13.2,2,0,0.232,8078.0,36,7.11,credit_card,0.058,0.065,0
24,48371.0,1.9,RENT,0.0,8,0,0.177,2403.0,24,8.98,debt_consolidation,0.025,0.027,0
39,85913.0,0.1,RENT,13.3,6,0,0.271,18472.0,36,13.03,debt_consolidation,0.072,0.087,0
20,50772.0,0.4,OWN,0.0,9,0,0.263,29343.0,24,9.93,small_business,0.289,0.32,0
42,90387.0,18.9,MORTGAGE,21.6,3,1,0.384,10719.0,24,10.14,debt_consolidation,0.059,0.066,0
40,116883.0,2.5,RENT,21.8,7,0,0.384,12927.0,48,4.44,debt_consolidation,0.028,0.03,0
42,83073.0,12.2,MORTGAGE,23.7,6,0,0.346,5767.0,24,12.15,credit_card,0.035,0.039,0
34,70773.0,19.3,RENT,9.2,4,0,0.062,3470.0,60,11.52,credit_card,0.01,0.013,0
75,63794.0,17.2,MORTGAGE,50.7,2,1,0.297,9294.0,60,11.62,other,0.029,0.039,0
56,83506.0,12.8,MORTGAGE,36.3,6,0,0.371,4677.0,36,8.48,home_improvement,0.019,0.021,0
25,56652.0,13.5,MORTGAGE,5.8,3,2,0.356,26000.0,12,6.09,medical,0.459,0.474,0
43,88635.0,2.0,MORTGAGE,21.9,4,0,0.482,19499.0,36,10.82,debt_consolidation,0.073,0.086,0
33,73648.0,1.0,MORTGAGE,10.1,5,0,0.088,19590.0,36,7.68,debt_consolidation,0.089,0.1,0
28,45256.0,6.1,MORTGAGE,6.1,4,1,0.223,5714.0,24,8.75,debt_consolidation,0.063,0.069,0
24,84789.0,4.0,MORTGAGE,3.1,6,0,0.27,8859.0,48,6.91,medical,0.026,0.03,0
45,56712.0,0.6,MORTGAGE,26.2,10,1,0.261,24415.0,24,9.83,home_improvement,0.215,0.238,0
32,51376.0,6.8,RENT,13.1,3,0,0.188,7167.0,36,6.3,credit_card,0.047,0.051,0
52,42698.0,5.0,OWN,30.1,5,1,0.157,8015.0,36,9.25,debt_consolidation,0.063,0.072,0
52,58865.0,11.9,RENT,29.1,2,2,0.303,19417.0,36,10.2,home_improvement,0.11,0.128,0
56,89164.0,5.6,RENT,37.6,7,0,0.087,9013.0,36,9.74,debt_consolidation,0.034,0.039,0
30,84497.0,5.1,OWN,11.4,8,0,0.721,6084.0,48,6.9,home_improvement,0.018,0.021,0
46,64647.0,3.5,RENT,24.6,4,0,0.609,13196.0,36,8.33,credit_card,0.068,0.077,0
48,73117.0,3.7,OWN,28.5,4,0,0.129,22323.0,60,11.52,debt_consolidation,0.061,0.081,0
34,102319.0,18.5,RENT,13.5,6,1,0.574,14195.0,36,7.24,debt_consolidation,0.046,0.052,0
31,50263.0,0.9,MORTGAGE,10.1,5,1,0.703,15907.0,24,12.83,credit_card,0.158,0.18,0
59,31017.0,3.5,RENT,36.5,5,0,0.113,14289.0,24,8.24,other,0.23,0.251,0
43,103836.0,6.4,MORTGAGE,20.1,7,0,0.127,20650.0,24,10.75,debt_consolidation,0.099,0.111,0
48,41569.0,3.4,MORTGAGE,29.0,8,1,0.227,20124.0,60,8.13,debt_consolidation,0.097,0.118,0
30,38362.0,2.0,RENT,9.7,4,1,0.207,4406.0,36,7.92,home_improvement,0.038,0.043,0
25,22068.0,2.0,MORTGAGE,6.6,8,1,0.15,11518.0,48,8.2,debt_consolidation,0.13,0.153,0
33,72088.0,1.6,MORTGAGE,9.5,4,0,0.435,7983.0,60,12.54,debt_consolidation,0.022,0.03,0
39,24083.0,2.5,MORTGAGE,15.4,4,0,0.44,10479.0,36,12.6,credit_card,0.145,0.175,0
27,37230.0,12.3,RENT,7.9,2,1,0.103,29537.0,12,10.09,debt_consolidation,0.793,0.837,1
40,72702.0,4.2,RENT,21.5,7,1,0.26,20613.0,12,7.89,credit_card,0.284,0.296,0
20,77727.0,1.6,RENT,1.8,4,0,0.282,4046.0,24,6.92,medical,0.026,0.028,1
27,39111.0,2.9,RENT,6.4,4,0,0.149,6136.0,36,11.33,debt_consolidation,0.052,0.062,0
48,50662.0,0.7,MORTGAGE,29.7,3,1,0.549,8141.0,24,9.37,other,0.08,0.088,0
47,35021.0,14.1,OWN,25.6,4,0,0.619,15143.0,12,9.91,credit_card,0.432,0.456,0
35,41184.0,3.1,MORTGAGE,13.6,1,0,0.112,14639.0,36,12.83,debt_consolidation,0.118,0.143,0
28,61890.0,23.6,MORTGAGE,7.1,6,1,0.146,22324.0,60,11.62,credit_card,0.072,0.095,0
28,42158.0,2.6,MORTGAGE,3.7,6,0,0.148,17713.0,48,11.7,debt_consolidation,0.105,0.132,0
36,47949.0,10.9,RENT,16.6,4,1,0.573,6011.0,36,8.98,debt_consolidation,0.042,0.048,0
48,26047.0,1.8,MORTGAGE,23.0,4,1,0.47,8447.0,48,6.47,debt_consolidation,0.081,0.092,0
51,95461.0,0.5,MORTGAGE,32.9,6,0,0.252,16266.0,36,6.4,major_purchase,0.057,0.063,0
34,69915.0,0.2,RENT,15.6,6,0,0.257,17263.0,60,9.32,debt_consolidation,0.049,0.062,0
26,80535.0,5.6,RENT,6.4,6,0,0.184,27785.0,36,10.63,debt_consolidation,0.115,0.135,0
43,103281.0,2.2,RENT,22.3,7,0,0.127,53708.0,36,7.06,debt_consolidation,0.173,0.193,0
30,35861.0,3.5,OWN,11.9,4,0,0.551,12247.0,36,9.91,other,0.114,0.132,0
34,45288.0,10.2,OWN,13.5,3,0,0.426,16240.0,36,10.11,small_business,0.12,0.139,0
56,21006.0,1.7,MORTGAGE,36.9,3,0,0.367,28625.0,60,11.51,debt_consolidation,0.273,0.36,0
50,260462.0,2.2,OWN,25.5,6,0,0.021,10224.0,24,9.38,credit_card,0.02,0.022,0
42,50272.0,11.2,MORTGAGE,21.7,2,1,0.278,12159.0,36,10.14,debt_consolidation,0.081,0.094,0
25,91068.0,4.1,MORTGAGE,4.3,4,0,0.333,4963.0,36,7.12,credit_card,0.018,0.02,0
43,29171.0,10.5,MORTGAGE,16.3,4,0,0.284,15735.0,36,10.45,debt_consolidation,0.18,0.21,0
53,89161.0,2.8,RENT,30.7,6,0,0.293,10329.0,48,8.93,credit_card,0.029,0.035,0
35,137145.0,3.0,MORTGAGE,15.3,4,0,0.087,12699.0,24,9.67,other,0.046,0.051,0
56,52568.0,1.1,MORTGAGE,36.1,4,1,0.439,10602.0,48,10.28,home_improvement,0.05,0.062,0
56,32681.0,14.9,RENT,34.9,8,0,0.382,3058.0,36,6.0,credit_card,0.031,0.034,0
60,50544.0,13.6,RENT,41.3,3,0,0.169,11191.0,12,8.51,credit_card,0.221,0.232,0
44,17794.0,24.9,MORTGAGE,25.7,10,0,0.344,8960.0,60,7.7,debt_consolidation,0.101,0.122,0
47,53160.0,3.1,RENT,27.9,7,0,0.35,3284.0,36,10.51,debt_consolidation,0.021,0.024,0
57,81673.0,10.2,RENT,34.5,5,0,0.201,10051.0,36,5.74,other,0.041,0.045,0
45,53216.0,3.2,RENT,26.1,6,0,0.087,5925.0,12,9.62,credit_card,0.111,0.117,0
34,47001.0,3.6,RENT,15.6,5,0,0.285,8105.0,36,9.5,debt_consolidation,0.057,0.066,0
35,70529.0,10.6,OWN,16.3,4,0,0.078,5418.0,12,11.56,credit_card,0.077,0.082,0
43,73278.0,1.2,MORTGAGE,21.6,5,1,0.207,17258.0,36,9.98,other,0.079,0.091,0
25,23625.0,1.5,MORTGAGE,4.1,5,0,0.264,5288.0,36,9.28,credit_card,0.075,0.086,0
38,56637.0,2.3,OWN,16.5,7,0,0.381,10461.0,24,7.44,debt_consolidation,0.092,0.1,0
53,183138.0,9.3,RENT,33.8,7,1,0.144,19274.0,24,7.81,home_improvement,0.053,0.057,0
18,27792.0,2.8,MORTGAGE,0.0,5,0,0.144,6934.0,48,8.74,medical,0.062,0.074,0
58,51911.0,2.7,RENT,38.2,5,0,0.391,7959.0,60,10.9,major_purchase,0.031,0.04,0
53,143039.0,40.0,OWN,32.8,8,0,0.139,6895.0,24,6.62,medical,0.024,0.026,0
34,94098.0,2.9,MORTGAGE,7.1,8,1,0.075,4955.0,48,7.77,home_improvement,0.013,0.015,0
47,41911.0,1.7,MORTGAGE,17.4,3,0,0.153,7574.0,48,14.39,credit_card,0.045,0.06,0
40,60058.0,5.9,MORTGAGE,18.7,6,1,0.032,23423.0,36,10.43,home_improvement,0.13,0.152,0
55,54119.0,9.7,OWN,28.3,5,0,0.214,19508.0,36,7.81,home_improvement,0.12,0.135,0
52,37271.0,0.4,MORTGAGE,31.7,9,0,0.141,5044.0,60,10.4,medical,0.027,0.035,0
23,52202.0,5.8,MORTGAGE,3.9,2,0,0.256,18363.0,36,12.62,home_improvement,0.117,0.141,0
47,47099.0,0.2,OWN,27.9,7,0,0.142,10161.0,48,11.72,credit_card,0.054,0.068,0
38,57318.0,4.5,RENT,17.5,3,1,0.337,9957.0,48,7.96,home_improvement,0.043,0.051,1
41,37265.0,1.8,RENT,20.2,6,0,0.403,23196.0,36,8.27,credit_card,0.207,0.235,0
31,28615.0,2.2,RENT,11.3,4,1,0.613,14004.0,36,10.05,debt_consolidation,0.163,0.19,1
61,53070.0,3.8,RENT,36.5,6,2,0.319,8807.0,36,11.13,debt_consolidation,0.055,0.065,0
52,127715.0,15.7,RENT,32.3,4,0,0.117,6304.0,60,7.61,debt_consolidation,0.01,0.012,0
31,56449.0,7.4,RENT,12.0,5,2,0.334,7016.0,60,9.6,other,0.025,0.031,1
24,45899.0,16.6,OWN,6.0,3,1,0.209,7820.0,60,7.54,credit_card,0.034,0.041,1
35,78987.0,6.5,MORTGAGE,6.4,3,1,0.279,2089.0,48,9.64,home_improvement,0.007,0.008,0
45,50053.0,0.0,OWN,21.8,6,0,0.304,10293.0,36,8.55,credit_card,0.069,0.078,1
43,137863.0,1.9,RENT,22.1,6,0,0.549,10884.0,48,8.59,home_improvement,0.02,0.023,0
55,54070.0,14.2,RENT,31.7,5,1,0.349,38151.0,48,11.04,credit_card,0.176,0.219,0
49,76899.0,6.2,MORTGAGE,26.0,6,0,0.276,20522.0,60,11.55,credit_card,0.053,0.071,0
52,37149.0,24.0,RENT,25.9,9,0,0.251,4912.0,24,10.25,home_improvement,0.066,0.073,0
44,69671.0,1.0,OWN,24.5,5,0,0.162,21656.0,36,5.34,debt_consolidation,0.104,0.112,0
23,62165.0,2.1,MORTGAGE,2.6,4,0,0.148,29558.0,36,8.39,home_improvement,0.158,0.18,0
38,52667.0,2.7,MORTGAGE,19.7,3,0,0.454,6776.0,60,4.99,debt_consolidation,0.026,0.029,0
53,42156.0,2.4,OWN,24.9,9,0,0.054,12197.0,48,8.62,credit_card,0.072,0.086,0
39,39379.0,1.7,RENT,8.4,1,0,0.266,11785.0,12,4.0,credit_card,0.299,0.306,0
46,62391.0,3.5,RENT,23.3,8,1,0.56,17392.0,36,6.43,other,0.093,0.102,0
36,74196.0,6.2,RENT,16.2,3,1,0.094,23166.0,24,8.59,home_improvement,0.156,0.17,0
28,50839.0,2.2,RENT,7.9,4,0,0.245,8828.0,60,9.05,debt_consolidation,0.035,0.043,0
39,62545.0,0.5,MORTGAGE,19.3,5,0,0.17,18441.0,60,10.31,other,0.059,0.076,0
44,53159.0,7.4,RENT,25.0,9,0,0.154,3930.0,24,8.04,credit_card,0.037,0.04,0
32,56912.0,3.7,OWN,11.7,2,1,0.293,12038.0,12,11.59,debt_consolidation,0.212,0.225,1
37,49010.0,4.9,RENT,18.8,7,1,0.36,12897.0,48,7.59,debt_consolidation,0.066,0.076,0
29,54665.0,3.6,MORTGAGE,0.0,5,0,0.149,22176.0,36,10.99,credit_card,0.135,0.159,0
53,208777.0,13.3,MORTGAGE,33.3,6,0,0.221,7793.0,48,9.97,small_business,0.009,0.011,0
36,63311.0,4.9,MORTGAGE,10.1,2,1,0.233,10156.0,36,7.66,credit_card,0.053,0.06,0
57,74806.0,15.4,RENT,35.1,5,0,0.176,16210.0,12,9.56,home_improvement,0.217,0.228,0
58,67441.0,4.3,MORTGAGE,39.0,6,1,0.147,10833.0,36,11.53,major_purchase,0.054,0.064,0
39,47505.0,2.1,OWN,20.2,7,1,0.154,11635.0,48,10.95,debt_consolidation,0.061,0.076,0
28,103466.0,2.6,RENT,0.0,6,0,0.301,8359.0,12,10.7,debt_consolidation,0.081,0.086,0
18,46837.0,4.4,RENT,0.0,5,0,0.58,16270.0,60,8.0,debt_consolidation,0.069,0.085,0
22,91815.0,4.5,MORTGAGE,3.1,3,0,0.223,18879.0,36,7.85,other,0.069,0.077,0
24,45839.0,7.0,MORTGAGE,5.8,4,2,0.158,8760.0,60,7.86,credit_card,0.038,0.046,0
57,33524.0,1.5,RENT,35.4,3,1,0.267,13170.0,48,7.65,debt_consolidation,0.098,0.114,0
41,65036.0,6.5,MORTGAGE,21.9,7,0,0.18,30418.0,24,8.63,medical,0.234,0.255,0
45,31184.0,9.0,MORTGAGE,26.2,4,0,0.512,3582.0,36,6.22,credit_card,0.038,0.042,1
18,70815.0,6.8,RENT,0.0,10,0,0.263,17229.0,12,4.81,debt_consolidation,0.243,0.25,1
26,29820.0,3.9,MORTGAGE,4.6,4,0,0.603,3604.0,24,8.93,debt_consolidation,0.06,0.066,1
51,46189.0,28.7,MORTGAGE,31.0,10,1,0.074,15999.0,36,11.87,credit_card,0.115,0.138,0
43,26480.0,3.1,MORTGAGE,16.4,4,0,0.781,17301.0,12,9.34,home_improvement,0.653,0.687,1
38,222367.0,0.7,MORTGAGE,16.6,5,1,0.275,4423.0,36,10.15,credit_card,0.007,0.008,1
47,23695.0,10.3,MORTGAGE,22.3,4,1,0.231,15964.0,48,9.31,debt_consolidation,0.168,0.202,1
60,54443.0,1.4,MORTGAGE,41.4,5,0,0.331,5878.0,48,9.78,debt_consolidation,0.027,0.033,0
37,95957.0,7.5,RENT,17.9,7,1,0.185,38810.0,12,8.39,small_business,0.404,0.423,0
41,90962.0,1.2,OWN,22.7,6,0,0.171,7139.0,24,7.49,major_purchase,0.039,0.042,0
42,82923.0,0.1,MORTGAGE,22.9,4,1,0.137,24978.0,24,10.97,credit_card,0.151,0.168,0
69,46230.0,1.0,RENT,40.3,5,0,0.122,9126.0,60,9.19,small_business,0.039,0.049,0
18,106462.0,2.8,MORTGAGE,0.0,4,1,0.08,10422.0,12,8.98,home_improvement,0.098,0.103,0
48,85536.0,0.7,OWN,25.7,4,0,0.097,12290.0,60,11.63,debt_consolidation,0.029,0.038,0
39,60243.0,1.3,RENT,18.8,6,0,0.402,18490.0,60,8.67,debt_consolidation,0.061,0.076,0
47,61101.0,8.7,MORTGAGE,24.4,6,0,0.294,5819.0,48,9.4,debt_consolidation,0.024,0.029,0
32,46539.0,8.8,RENT,11.6,2,0,0.116,6539.0,12,6.68,debt_consolidation,0.141,0.146,0
39,34378.0,10.2,MORTGAGE,21.0,2,0,0.175,15587.0,12,9.43,major_purchase,0.453,0.477,1
49,100567.0,11.0,OWN,28.9,4,0,0.275,12403.0,48,9.89,major_purchase,0.031,0.037,0
75,104412.0,3.3,MORTGAGE,54.3,2,0,0.104,9454.0,36,9.35,credit_card,0.03,0.035,0
50,34820.0,12.1,RENT,31.1,2,0,0.587,9768.0,60,9.95,debt_consolidation,0.056,0.071,0
30,50167.0,4.5,RENT,11.3,4,0,0.339,13126.0,48,6.69,debt_consolidation,0.065,0.075,0
35,50427.0,3.8,RENT,16.0,3,0,0.12,14837.0,48,8.88,home_improvement,0.074,0.088,0
35,53299.0,7.6,MORTGAGE,14.1,9,0,0.279,6528.0,12,7.45,debt_consolidation,0.122,0.127,0
18,55946.0,1.4,MORTGAGE,0.0,5,0,0.11,22805.0,48,11.71,other,0.102,0.128,0
36,86980.0,9.3,RENT,14.2,7,0,0.187,22678.0,12,6.83,credit_card,0.261,0.27,0
49,37287.0,3.4,RENT,29.4,6,0,0.58,19568.0,48,8.17,credit_card,0.131,0.154,0
25,35484.0,0.8,RENT,5.7,5,2,0.447,18973.0,12,8.78,home_improvement,0.535,0.56,1
53,100540.0,0.8,RENT,30.1,6,0,0.236,10416.0,36,10.05,debt_consolidation,0.035,0.04,0
46,42988.0,1.1,RENT,25.9,5,1,0.204,13879.0,48,7.01,debt_consolidation,0.081,0.093,0
31,28810.0,13.3,MORTGAGE,11.6,4,1,0.375,4932.0,12,9.98,debt_consolidation,0.171,0.181,0
38,42507.0,28.2,RENT,13.7,4,0,0.124,7269.0,36,9.02,other,0.057,0.065,0
59,45935.0,2.6,MORTGAGE,39.6,4,0,0.398,11353.0,60,5.7,credit_card,0.049,0.057,0
49,117887.0,2.1,MORTGAGE,25.1,4,0,0.453,4336.0,48,7.68,small_business,0.009,0.011,0
40,86027.0,1.5,MORTGAGE,19.9,10,0,0.513,4329.0,60,7.98,credit_card,0.01,0.012,0
37,96159.0,10.4,MORTGAGE,18.3,4,1,0.182,11374.0,24,8.87,debt_consolidation,0.059,0.065,0
41,81633.0,1.4,RENT,20.2,3,1,0.485,56898.0,36,7.44,home_improvement,0.232,0.26,0
34,86953.0,15.5,RENT,15.0,4,0,0.355,4911.0,36,12.14,other,0.019,0.023,0
18,38406.0,6.6,RENT,0.0,7,0,0.551,23543.0,12,7.66,small_business,0.613,0.639,1
65,49055.0,13.6,RENT,46.7,4,0,0.315,7017.0,12,12.28,home_improvement,0.143,0.153,0
42,33026.0,4.8,MORTGAGE,23.2,5,0,0.227,7810.0,36,11.3,debt_consolidation,0.079,0.093,0
45,48764.0,7.0,MORTGAGE,23.0,5,0,0.202,14591.0,48,8.8,major_purchase,0.075,0.089,0
39,76271.0,5.8,RENT,15.5,4,1,0.046,25823.0,36,7.29,credit_card,0.113,0.126,0
31,57947.0,10.7,RENT,7.1,9,0,0.291,20595.0,36,9.6,credit_card,0.118,0.137,0
38,104374.0,10.8,MORTGAGE,19.1,3,1,0.305,13316.0,48,10.31,debt_consolidation,0.032,0.039,0
21,30616.0,5.3,RENT,0.0,4,0,0.539,14529.0,12,10.06,debt_consolidation,0.475,0.501,0
67,69572.0,6.0,OWN,48.2,7,0,0.681,2843.0,36,7.86,debt_consolidation,0.014,0.015,0
25,29023.0,15.3,RENT,4.1,6,0,0.563,31249.0,36,9.41,home_improvement,0.359,0.413,0
28,56788.0,15.9,RENT,3.5,1,1,0.079,22708.0,36,13.79,credit_card,0.133,0.164,0
35,78446.0,6.5,RENT,16.9,2,2,0.231,8968.0,24,9.97,debt_consolidation,0.057,0.063,1
55,48667.0,0.0,OWN,24.4,4,1,0.273,24885.0,60,9.02,other,0.102,0.127,0
40,71365.0,0.7,MORTGAGE,16.7,1,0,0.313,5468.0,36,9.05,credit_card,0.026,0.029,0
25,33528.0,11.7,RENT,2.7,7,0,0.34,6355.0,60,6.82,debt_consolidation,0.038,0.045,0
55,23580.0,0.5,MORTGAGE,33.5,3,0,0.297,8916.0,24,8.23,major_purchase,0.189,0.206,0
49,71576.0,1.4,OWN,26.6,7,1,0.296,18622.0,24,10.84,home_improvement,0.13,0.145,0
46,129574.0,1.6,MORTGAGE,12.3,4,0,0.161,12005.0,24,5.65,other,0.046,0.049,0
49,32925.0,5.5,RENT,26.6,9,0,0.104,2815.0,60,8.83,medical,0.017,0.021,1
69,99817.0,5.2,MORTGAGE,49.7,6,0,0.235,18983.0,12,4.19,major_purchase,0.19,0.195,0
66,55365.0,2.1,MORTGAGE,45.1,4,0,0.392,4647.0,36,10.74,debt_consolidation,0.028,0.033,0
32,27782.0,1.4,MORTGAGE,12.8,4,1,0.254,11628.0,36,10.59,credit_card,0.14,0.163,0
59,30769.0,8.7,MORTGAGE,30.5,4,0,0.118,14407.0,36,9.75,home_improvement,0.156,0.181,0
45,54606.0,16.4,MORTGAGE,20.1,13,0,0.332,13820.0,48,10.94,credit_card,0.063,0.078,0
46,44257.0,0.3,RENT,25.5,4,0,0.32,12599.0,48,7.45,major_purchase,0.071,0.083,0
20,28101.0,0.9,RENT,0.0,4,0,0.183,14217.0,24,7.93,debt_consolidation,0.253,0.274,0
38,23225.0,6.2,OWN,12.8,0,1,0.105,24993.0,24,9.88,debt_consolidation,0.538,0.595,1
30,35477.0,9.8,RENT,11.2,8,0,0.377,15192.0,24,11.11,other,0.214,0.24,0
50,59689.0,9.4,MORTGAGE,29.4,7,1,0.319,18991.0,60,6.29,home_improvement,0.064,0.074,0
53,54003.0,7.6,MORTGAGE,33.0,7,1,0.071,18406.0,48,7.93,debt_consolidation,0.085,0.1,0
18,42166.0,13.1,RENT,0.0,4,0,0.031,8205.0,12,9.38,credit_card,0.195,0.205,0
40,59931.0,1.5,MORTGAGE,20.6,3,1,0.544,8325.0,48,6.14,other,0.035,0.039,0
53,91127.0,0.7,MORTGAGE,31.3,5,1,0.313,9988.0,60,6.95,debt_consolidation,0.022,0.026,0
38,65977.0,5.7,OWN,18.5,2,1,0.481,15766.0,36,5.62,home_improvement,0.08,0.087,0
49,50988.0,10.4,RENT,30.6,6,1,0.197,10750.0,48,9.13,small_business,0.053,0.063,0
44,86166.0,5.2,MORTGAGE,25.7,8,1,0.143,9665.0,36,9.49,other,0.037,0.043,0
44,33526.0,19.8,OWN,25.6,7,0,0.06,23801.0,24,10.05,debt_consolidation,0.355,0.393,0
37,48414.0,9.5,RENT,18.9,6,1,0.087,28615.0,12,9.66,debt_consolidation,0.591,0.622,0
25,48994.0,7.2,MORTGAGE,4.7,4,0,0.338,10184.0,12,9.77,credit_card,0.208,0.219,1
27,29188.0,0.4,RENT,5.7,7,0,0.281,4511.0,60,7.89,credit_card,0.031,0.038,0
49,43917.0,0.7,MORTGAGE,30.6,3,0,0.124,4093.0,36,8.85,credit_card,0.031,0.035,0
40,19197.0,9.2,OWN,19.2,3,0,0.178,12886.0,12,8.52,debt_consolidation,0.671,0.703,0
38,140940.0,1.3,MORTGAGE,17.3,4,1,0.082,19988.0,36,8.1,debt_consolidation,0.047,0.053,0
35,33904.0,0.2,MORTGAGE,16.5,7,0,0.128,4420.0,36,12.4,credit_card,0.043,0.052,0
36,119737.0,14.5,RENT,16.4,8,1,0.294,4192.0,12,9.89,other,0.035,0.037,0
53,55218.0,13.3,MORTGAGE,30.8,7,1,0.14,10587.0,36,8.84,small_business,0.064,0.073,0
36,71857.0,1.5,RENT,17.9,4,0,0.296,12934.0,60,6.36,credit_card,0.036,0.042,0
24,42430.0,9.1,RENT,5.5,5,0,0.243,21269.0,60,6.89,other,0.1,0.119,0
49,60112.0,0.3,RENT,14.6,10,0,0.298,10762.0,48,6.74,credit_card,0.045,0.051,0
38,75000.0,2.0,MORTGAGE,16.0,4,1,0.31,12419.0,12,8.24,credit_card,0.166,0.173,1
40,75529.0,5.9,MORTGAGE,20.1,7,0,0.265,6232.0,36,11.14,debt_consolidation,0.028,0.032,0
59,79809.0,8.6,MORTGAGE,38.0,7,0,0.287,11742.0,48,7.19,major_purchase,0.037,0.042,0
40,45064.0,0.1,MORTGAGE,16.4,5,0,0.146,15858.0,36,8.53,medical,0.117,0.133,0
43,42609.0,2.4,RENT,19.5,2,1,0.585,9356.0,36,11.77,credit_card,0.073,0.087,0
26,24414.0,1.4,MORTGAGE,6.8,6,1,0.581,8707.0,60,10.72,other,0.071,0.092,0
37,70376.0,40.0,OWN,17.0,2,0,0.294,12145.0,60,9.35,major_purchase,0.035,0.043,0
47,93078.0,6.7,MORTGAGE,26.0,4,0,0.402,8912.0,12,9.67,home_improvement,0.096,0.101,0
21,121539.0,3.1,RENT,2.8,6,1,0.544,32121.0,24,6.29,debt_consolidation,0.132,0.141,1
42,63107.0,0.5,MORTGAGE,15.3,7,0,0.151,12895.0,36,8.24,debt_consolidation,0.068,0.077,0
41,36929.0,5.5,RENT,21.3,6,1,0.461,22941.0,24,7.32,credit_card,0.311,0.335,0
40,23189.0,6.2,MORTGAGE,20.6,7,0,0.218,6352.0,36,8.37,home_improvement,0.091,0.104,0
52,91202.0,10.2,OWN,26.9,6,1,0.166,22513.0,36,8.5,debt_consolidation,0.082,0.094,0
44,22068.0,2.0,OWN,25.6,4,0,0.142,21560.0,36,7.73,other,0.326,0.366,0
58,45693.0,23.9,RENT,39.9,4,0,0.368,10783.0,36,6.71,debt_consolidation,0.079,0.087,0
28,48429.0,3.5,RENT,6.5,4,0,0.205,41964.0,36,6.76,credit_card,0.289,0.32,0
42,52327.0,2.1,MORTGAGE,22.5,6,2,0.319,15335.0,36,7.51,debt_consolidation,0.098,0.109,0
41,55155.0,2.6,OWN,18.7,6,0,0.135,16861.0,48,6.44,home_improvement,0.076,0.087,0
27,58051.0,4.4,MORTGAGE,8.8,3,0,0.07,17531.0,60,12.59,other,0.06,0.082,0
51,16193.0,16.6,OWN,31.5,3,1,0.256,13150.0,48,4.08,debt_consolidation,0.203,0.22,0
68,54575.0,8.0,RENT,49.2,4,1,0.57,22894.0,24,13.47,credit_card,0.21,0.24,0
40,17769.0,5.2,MORTGAGE,18.0,3,1,0.345,19769.0,60,11.57,medical,0.223,0.294,1
46,78128.0,1.1,OWN,27.2,7,2,0.414,11744.0,48,9.69,medical,0.038,0.045,0
41,41046.0,1.0,MORTGAGE,21.2,6,1,0.198,7341.0,60,9.79,debt_consolidation,0.036,0.045,0
31,18425.0,4.2,OWN,7.9,4,1,0.346,10456.0,48,12.02,major_purchase,0.142,0.179,0
18,36058.0,7.8,MORTGAGE,0.0,1,0,0.424,8544.0,24,9.71,credit_card,0.118,0.131,0
32,40740.0,8.3,MORTGAGE,10.2,7,0,0.425,7294.0,12,8.7,other,0.179,0.188,0
23,98258.0,1.5,OWN,3.3,2,0,0.243,18411.0,36,9.14,debt_consolidation,0.062,0.072,0
60,59774.0,0.6,RENT,39.5,6,0,0.598,4066.0,24,10.51,home_improvement,0.034,0.038,0
39,64358.0,2.9,OWN,17.5,6,0,0.175,7359.0,36,13.87,other,0.038,0.047,0
36,97793.0,15.0,MORTGAGE,11.8,9,0,0.07,11247.0,48,10.68,credit_card,0.029,0.035,0
51,51634.0,4.7,RENT,26.4,3,1,0.473,8798.0,36,7.92,major_purchase,0.057,0.064,0
27,78991.0,2.3,MORTGAGE,1.0,10,0,0.421,14806.0,36,6.99,small_business,0.062,0.069,0
31,76262.0,2.3,MORTGAGE,8.0,2,0,0.272,8128.0,36,10.83,home_improvement,0.036,0.042,0
41,28475.0,0.8,RENT,22.5,4,0,0.456,24071.0,36,7.78,credit_card,0.282,0.317,0
52,113153.0,3.8,OWN,29.9,8,2,0.029,10670.0,36,10.07,credit_card,0.031,0.037,0
46,26631.0,9.4,RENT,22.9,5,0,0.426,19068.0,24,7.94,credit_card,0.358,0.388,0
43,85706.0,20.8,MORTGAGE,18.7,8,0,0.153,10646.0,60,11.0,debt_consolidation,0.025,0.032,1
41,25374.0,4.2,RENT,15.2,6,2,0.514,11458.0,36,9.52,debt_consolidation,0.151,0.174,0
45,73176.0,1.1,MORTGAGE,24.9,9,2,0.28,3447.0,48,8.97,other,0.012,0.014,0
42,137442.0,6.9,RENT,20.8,8,0,0.188,15802.0,48,6.93,small_business,0.029,0.033,0
28,48704.0,8.5,RENT,10.0,1,0,0.292,6881.0,36,13.19,credit_card,0.047,0.057,0
41,47659.0,0.4,RENT,20.4,4,1,0.15,10803.0,24,7.45,major_purchase,0.113,0.122,0
27,73513.0,11.4,MORTGAGE,7.1,3,0,0.365,33691.0,36,9.65,home_improvement,0.153,0.177,0
41,45950.0,10.6,RENT,13.2,7,0,0.136,4038.0,36,9.12,credit_card,0.029,0.034,0
34,134476.0,3.8,RENT,9.0,4,0,0.569,14385.0,36,8.65,debt_consolidation,0.036,0.041,0
70,59641.0,4.9,RENT,47.2,4,1,0.358,37956.0,60,9.93,credit_card,0.127,0.162,1
40,46162.0,7.5,RENT,21.8,6,0,0.269,10717.0,36,8.41,debt_consolidation,0.077,0.088,0
23,41351.0,6.8,RENT,3.5,3,1,0.478,9833.0,36,11.66,major_purchase,0.079,0.094,0
38,33980.0,0.1,OWN,16.4,6,0,0.09,16968.0,36,9.54,home_improvement,0.166,0.192,0
46,39582.0,0.8,MORTGAGE,27.9,7,1,0.206,11675.0,12,6.8,debt_consolidation,0.295,0.306,0
60,45463.0,1.1,RENT,41.2,8,0,0.305,3747.0,48,8.12,medical,0.021,0.024,0
33,42454.0,8.5,RENT,8.4,9,0,0.269,25712.0,36,7.25,credit_card,0.202,0.225,0
21,38984.0,3.5,MORTGAGE,2.6,1,0,0.076,33516.0,48,9.74,home_improvement,0.215,0.26,0
50,154727.0,4.7,MORTGAGE,31.8,5,0,0.214,16718.0,36,10.33,small_business,0.036,0.042,0
23,32369.0,8.9,RENT,2.4,6,0,0.236,11352.0,12,7.54,credit_card,0.351,0.365,0
35,58298.0,2.5,RENT,8.2,9,1,0.232,12820.0,36,10.17,small_business,0.073,0.085,0
37,72857.0,8.3,RENT,13.6,7,1,0.652,9358.0,36,10.43,other,0.043,0.05,0
39,74240.0,3.5,MORTGAGE,10.0,3,1,0.101,28056.0,48,9.74,medical,0.094,0.114,0
48,52612.0,2.8,RENT,25.8,3,0,0.339,19151.0,36,11.88,other,0.121,0.145,0
32,48033.0,2.4,MORTGAGE,12.3,4,1,0.094,13577.0,36,9.48,debt_consolidation,0.094,0.109,0
37,67899.0,20.1,RENT,10.2,6,0,0.123,12609.0,24,11.71,credit_card,0.093,0.105,0
40,61899.0,8.9,MORTGAGE,20.3,6,0,0.788,20812.0,48,9.15,major_purchase,0.084,0.101,0
42,47597.0,0.1,RENT,22.7,3,0,0.448,10743.0,24,10.36,other,0.113,0.125,0
41,24811.0,18.9,MORTGAGE,21.2,7,0,0.543,12595.0,48,11.82,credit_card,0.127,0.16,0
45,42875.0,9.0,OWN,22.0,5,0,0.296,8392.0,24,5.04,major_purchase,0.098,0.103,0
50,30538.0,1.0,OWN,24.5,3,0,0.273,3614.0,36,5.68,small_business,0.039,0.043,0
45,38809.0,0.5,OWN,25.7,7,0,0.266,18223.0,24,12.43,debt_consolidation,0.235,0.266,0
45,55084.0,2.2,MORTGAGE,25.1,7,0,0.259,10971.0,36,6.98,debt_consolidation,0.066,0.074,0
21,64820.0,5.9,MORTGAGE,0.0,4,0,0.294,11050.0,36,10.05,credit_card,0.057,0.066,0
41,131956.0,5.8,RENT,22.9,2,0,0.133,7114.0,36,10.96,credit_card,0.018,0.021,1
46,41411.0,1.9,MORTGAGE,23.4,8,1,0.186,10678.0,24,7.09,debt_consolidation,0.129,0.139,0
49,79803.0,3.5,RENT,29.2,4,1,0.265,19686.0,24,8.7,debt_consolidation,0.123,0.135,0
32,63132.0,1.4,RENT,12.6,5,1,0.285,10516.0,36,9.61,other,0.056,0.064,0
32,103570.0,0.3,RENT,12.2,5,1,0.032,7123.0,36,8.55,home_improvement,0.023,0.026,0
33,72266.0,4.4,MORTGAGE,13.4,2,1,0.331,6853.0,24,8.43,debt_consolidation,0.047,0.052,0
46,32721.0,2.6,MORTGAGE,23.8,3,0,0.143,13431.0,12,12.58,credit_card,0.41,0.439,0
52,22890.0,4.7,MORTGAGE,26.1,4,0,0.285,9795.0,48,8.93,credit_card,0.107,0.128,1
35,63299.0,17.6,OWN,15.0,2,0,0.19,23347.0,12,9.17,debt_consolidation,0.369,0.387,0
51,41597.0,0.9,OWN,27.6,1,0,0.444,5970.0,36,9.23,major_purchase,0.048,0.055,0
41,33185.0,0.0,OWN,19.1,4,0,0.348,23042.0,36,14.73,debt_consolidation,0.231,0.288,0
39,28745.0,0.5,RENT,19.8,4,2,0.578,9900.0,60,5.57,medical,0.069,0.079,0
37,58717.0,3.7,MORTGAGE,16.3,7,0,0.142,11086.0,48,7.15,medical,0.047,0.054,0
49,115134.0,7.4,RENT,27.7,7,0,0.175,11813.0,12,8.74,medical,0.103,0.108,0
44,44164.0,5.2,MORTGAGE,25.9,5,0,0.46,24636.0,12,6.66,home_improvement,0.558,0.578,0
67,72776.0,4.1,MORTGAGE,47.5,3,1,0.253,37286.0,48,8.39,major_purchase,0.128,0.151,0
30,51476.0,2.6,MORTGAGE,0.0,6,0,0.384,10310.0,24,9.82,home_improvement,0.1,0.111,0
46,28433.0,2.2,RENT,25.0,4,1,0.186,3717.0,24,8.73,debt_consolidation,0.065,0.071,0
34,78230.0,2.8,RENT,14.8,5,1,0.051,11276.0,36,6.53,debt_consolidation,0.048,0.053,0
30,31340.0,5.7,RENT,11.1,5,0,0.169,15570.0,60,8.11,other,0.099,0.121,0
40,54765.0,1.1,MORTGAGE,21.3,3,2,0.401,7152.0,36,6.2,major_purchase,0.044,0.048,0
42,45672.0,8.9,RENT,22.5,2,0,0.173,11094.0,36,7.96,debt_consolidation,0.081,0.091,0
75,84672.0,5.1,RENT,56.4,4,0,0.11,27339.0,24,13.62,major_purchase,0.161,0.185,0
38,31918.0,1.9,OWN,19.6,4,0,0.127,3881.0,48,10.39,credit_card,0.03,0.037,0
26,65870.0,4.2,OWN,6.6,2,0,0.103,6009.0,36,8.93,major_purchase,0.03,0.035,0
43,35600.0,19.7,RENT,22.2,6,0,0.106,20449.0,48,6.39,debt_consolidation,0.144,0.163,0
18,41959.0,0.1,OWN,0.0,0,0,0.199,33183.0,48,4.47,debt_consolidation,0.198,0.216,0
39,15000.0,1.3,MORTGAGE,20.9,7,0,0.203,26091.0,24,7.55,small_business,0.87,0.94,0
40,154207.0,3.6,MORTGAGE,21.9,6,0,0.174,7003.0,24,7.67,credit_card,0.023,0.025,0
50,71345.0,6.1,MORTGAGE,31.1,6,1,0.333,5876.0,24,9.69,debt_consolidation,0.041,0.045,0
52,36913.0,1.4,MORTGAGE,33.4,7,0,0.181,8527.0,36,9.08,debt_consolidation,0.077,0.088,0
34,30874.0,16.1,MORTGAGE,13.7,3,1,0.474,17426.0,48,9.34,small_business,0.141,0.17,0
38,42284.0,6.2,OWN,18.2,3,1,0.515,6335.0,36,9.31,medical,0.05,0.057,0
31,77532.0,12.6,MORTGAGE,11.8,8,0,0.248,18342.0,36,6.58,medical,0.079,0.087,0
26,21035.0,2.4,MORTGAGE,2.6,7,0,0.146,20314.0,48,6.68,home_improvement,0.241,0.276,0
44,50474.0,10.6,RENT,23.9,6,1,0.057,19699.0,12,10.8,other,0.39,0.413,0
25,131311.0,2.9,OWN,6.7,1,0,0.203,9451.0,24,9.13,other,0.036,0.04,0
35,30731.0,1.7,MORTGAGE,15.9,3,1,0.336,11856.0,60,9.6,home_improvement,0.077,0.097,1
28,56398.0,14.6,RENT,0.0,7,1,0.554,10706.0,60,6.6,credit_card,0.038,0.045,0
47,163024.0,0.6,OWN,17.7,4,1,0.29,4838.0,48,4.86,home_improvement,0.007,0.008,0
62,74316.0,17.2,MORTGAGE,43.1,4,1,0.291,12696.0,24,8.76,home_improvement,0.085,0.093,0
24,57697.0,3.7,RENT,5.5,3,0,0.079,5732.0,48,6.18,home_improvement,0.025,0.028,0
18,69795.0,29.5,MORTGAGE,0.0,1,0,0.392,11961.0,60,11.77,debt_consolidation,0.034,0.046,0
39,44337.0,4.7,OWN,19.0,5,1,0.446,6348.0,36,10.08,debt_consolidation,0.048,0.056,0
40,103758.0,8.5,MORTGAGE,20.4,5,1,0.456,4744.0,12,6.39,debt_consolidation,0.046,0.047,1
43,44371.0,0.0,MORTGAGE,22.7,7,1,0.322,5346.0,60,13.17,debt_consolidation,0.024,0.033,0
35,20341.0,4.1,RENT,16.2,4,0,0.21,18401.0,12,8.65,home_improvement,0.905,0.948,0
38,44549.0,8.0,MORTGAGE,19.6,5,0,0.308,5394.0,48,9.09,credit_card,0.03,0.036,0
44,33411.0,9.2,RENT,23.5,6,0,0.242,14507.0,36,9.54,medical,0.145,0.167,0
52,47071.0,1.0,RENT,25.9,5,0,0.329,7950.0,36,8.94,debt_consolidation,0.056,0.064,0
18,47594.0,3.3,OWN,0.0,5,0,0.262,9224.0,60,10.76,debt_consolidation,0.039,0.05,0
36,98589.0,3.3,OWN,14.3,7,0,0.414,15205.0,36,11.31,credit_card,0.051,0.061,0
43,76699.0,0.7,MORTGAGE,23.3,5,0,0.142,26667.0,24,7.09,credit_card,0.174,0.187,0
29,61798.0,3.5,MORTGAGE,10.0,7,0,0.58,7606.0,24,7.43,credit_card,0.062,0.066,0
61,54097.0,9.9,RENT,37.2,1,0,0.283,18880.0,24,7.92,small_business,0.175,0.189,0
32,31907.0,2.1,RENT,12.2,6,0,0.174,15117.0,36,6.61,credit_card,0.158,0.175,1
40,18204.0,3.4,MORTGAGE,19.4,5,0,0.106,7753.0,24,9.31,home_improvement,0.213,0.234,0
47,57330.0,19.5,RENT,27.2,4,0,0.262,8448.0,24,8.42,credit_card,0.074,0.08,0
33,80605.0,0.2,RENT,14.7,6,0,0.33,30643.0,24,9.74,home_improvement,0.19,0.21,0
18,51320.0,5.4,RENT,0.0,5,0,0.312,6798.0,24,8.17,debt_consolidation,0.066,0.072,0
35,41464.0,8.2,RENT,15.4,1,1,0.616,9014.0,60,9.35,debt_consolidation,0.043,0.055,0
52,68340.0,8.6,MORTGAGE,33.7,8,0,0.22,5354.0,36,9.83,home_improvement,0.026,0.03,0
36,51965.0,7.6,OWN,15.3,7,1,0.573,5080.0,36,7.29,home_improvement,0.033,0.036,0
30,125853.0,7.8,MORTGAGE,12.0,5,1,0.265,5943.0,48,10.29,home_improvement,0.012,0.014,0
51,100344.0,0.4,RENT,32.3,8,1,0.242,29581.0,36,9.61,debt_consolidation,0.098,0.113,0
36,87532.0,4.6,MORTGAGE,13.4,3,2,0.151,17346.0,24,8.75,home_improvement,0.099,0.108,1
34,79132.0,9.2,RENT,15.9,2,0,0.348,30154.0,48,6.26,other,0.095,0.108,0
42,28422.0,0.6,MORTGAGE,20.9,3,0,0.316,6016.0,48,9.3,debt_consolidation,0.053,0.064,0
49,75470.0,0.1,MORTGAGE,22.0,7,1,0.385,12151.0,60,8.07,debt_consolidation,0.032,0.039,1
69,65393.0,10.1,RENT,50.4,8,0,0.285,14448.0,24,7.0,debt_consolidation,0.11,0.119,0
50,73366.0,7.5,RENT,30.4,5,1,0.083,8017.0,24,9.59,home_improvement,0.055,0.06,0
54,69307.0,3.2,RENT,33.4,4,1,0.277,7162.0,36,8.68,credit_card,0.034,0.039,0
34,67940.0,16.9,MORTGAGE,14.2,2,1,0.131,14549.0,24,8.46,small_business,0.107,0.117,0
28,209072.0,8.7,RENT,7.1,6,0,0.213,33243.0,48,8.41,medical,0.04,0.047,0
41,52151.0,20.6,OWN,21.4,6,1,0.636,3946.0,36,6.86,credit_card,0.025,0.028,0
41,86523.0,15.9,RENT,22.5,7,0,0.127,5088.0,60,13.31,other,0.012,0.016,0
27,42809.0,3.9,RENT,8.7,7,1,0.28,5098.0,24,8.92,medical,0.06,0.065,0
38,80444.0,8.4,MORTGAGE,15.9,1,0,0.16,24901.0,48,5.21,debt_consolidation,0.077,0.086,0
45,86652.0,6.6,RENT,26.2,7,1,0.476,5588.0,24,13.11,debt_consolidation,0.032,0.037,0
44,65005.0,10.0,RENT,20.4,8,0,0.147,10318.0,36,9.39,small_business,0.053,0.061,0
46,124819.0,9.3,RENT,23.9,3,0,0.423,5448.0,36,8.87,major_purchase,0.015,0.017,0
43,34817.0,1.0,MORTGAGE,24.8,8,0,0.392,21053.0,24,8.56,other,0.302,0.33,0
34,42463.0,1.6,RENT,15.3,7,0,0.239,19323.0,48,7.05,medical,0.114,0.131,0
34,60246.0,1.9,RENT,15.0,5,0,0.083,9397.0,36,9.15,debt_consolidation,0.052,0.06,0
26,84154.0,10.2,MORTGAGE,5.3,5,1,0.333,9606.0,36,6.63,medical,0.038,0.042,0
61,59261.0,10.0,OWN,38.0,1,0,0.192,8952.0,36,9.92,debt_consolidation,0.05,0.058,0
40,103041.0,4.1,RENT,21.8,4,0,0.309,18472.0,36,12.19,credit_card,0.06,0.072,0
37,38916.0,5.2,MORTGAGE,18.1,6,1,0.126,20845.0,36,8.15,medical,0.179,0.202,0
29,30629.0,10.5,MORTGAGE,9.6,6,0,0.227,6811.0,48,6.99,credit_card,0.056,0.064,0
75,63200.0,2.2,MORTGAGE,56.4,4,0,0.378,49331.0,36,10.69,debt_consolidation,0.26,0.305,0
27,52126.0,0.3,MORTGAGE,6.6,6,2,0.731,14939.0,36,6.16,debt_consolidation,0.096,0.105,0
35,71071.0,4.0,OWN,15.0,3,0,0.079,34243.0,36,8.78,debt_consolidation,0.161,0.183,0
45,53439.0,14.7,RENT,25.9,3,0,0.054,13462.0,60,7.63,debt_consolidation,0.05,0.061,0
47,45706.0,9.4,RENT,26.8,4,0,0.275,10922.0,24,10.91,home_improvement,0.119,0.134,0
51,52184.0,2.7,MORTGAGE,31.7,4,1,0.381,6331.0,36,9.57,debt_consolidation,0.04,0.047,0
62,54963.0,0.4,MORTGAGE,42.7,3,1,0.274,4954.0,60,10.38,home_improvement,0.018,0.023,0
46,46514.0,6.1,OWN,27.1,4,0,0.413,7105.0,60,10.66,credit_card,0.031,0.04,0
27,48944.0,10.8,RENT,6.7,6,0,0.153,15518.0,48,9.8,home_improvement,0.079,0.096,0
37,44276.0,6.6,MORTGAGE,17.2,3,0,0.274,10265.0,24,10.32,home_improvement,0.116,0.129,0
44,83144.0,3.3,RENT,25.3,4,0,0.173,22722.0,48,10.84,home_improvement,0.068,0.085,0
65,59695.0,0.8,RENT,47.0,2,0,0.213,7511.0,60,10.94,small_business,0.025,0.033,0
23,167439.0,14.5,RENT,4.5,5,0,0.071,20276.0,60,8.26,other,0.024,0.03,0
54,58709.0,1.9,OWN,35.9,6,0,0.382,8387.0,24,9.54,debt_consolidation,0.071,0.079,0
42,41133.0,1.5,RENT,22.3,4,1,0.154,5295.0,36,9.86,medical,0.043,0.05,0
50,205939.0,10.2,RENT,31.2,4,0,0.318,11382.0,48,7.7,debt_consolidation,0.014,0.016,0
39,66624.0,23.8,RENT,19.4,2,0,0.41,12068.0,12,9.25,other,0.181,0.19,0
30,88882.0,6.5,RENT,10.8,5,0,0.195,3581.0,60,9.99,credit_card,0.008,0.01,0
49,72842.0,5.9,MORTGAGE,28.7,7,0,0.403,17722.0,36,10.8,debt_consolidation,0.081,0.095,0
48,73977.0,2.3,RENT,26.1,11,0,0.217,13764.0,36,10.83,other,0.062,0.073,0
52,70815.0,0.1,OWN,32.0,3,0,0.141,17663.0,36,8.43,debt_consolidation,0.083,0.094,0
40,31224.0,1.3,RENT,21.8,5,0,0.473,10254.0,24,8.07,small_business,0.164,0.178,0
33,65106.0,5.3,MORTGAGE,14.9,4,1,0.061,14275.0,24,4.0,medical,0.11,0.114,0
21,27933.0,1.0,RENT,2.3,5,1,0.189,15152.0,36,9.8,debt_consolidation,0.181,0.209,0
50,49653.0,12.9,RENT,30.3,9,1,0.221,11985.0,48,6.75,debt_consolidation,0.06,0.069,0
45,37692.0,1.3,RENT,26.9,4,1,0.197,5511.0,48,5.16,debt_consolidation,0.037,0.041,0
28,64779.0,4.4,RENT,8.8,12,0,0.175,8397.0,48,9.88,other,0.032,0.039,1
34,64027.0,4.3,MORTGAGE,9.5,4,1,0.523,30170.0,60,10.37,major_purchase,0.094,0.121,1
34,68911.0,5.6,OWN,15.7,5,1,0.551,14149.0,12,10.2,medical,0.205,0.217,1
22,62545.0,2.4,OWN,0.0,2,0,0.534,20450.0,24,9.51,debt_consolidation,0.163,0.18,0
30,39998.0,12.4,MORTGAGE,6.2,7,3,0.675,10184.0,48,8.46,debt_consolidation,0.064,0.075,0
26,47548.0,3.5,RENT,2.7,7,1,0.558,9004.0,36,8.82,home_improvement,0.063,0.072,0
35,85836.0,7.2,MORTGAGE,11.0,3,0,0.525,5608.0,60,10.05,debt_consolidation,0.013,0.017,0
31,92404.0,6.1,RENT,12.7,6,2,0.216,5884.0,36,10.06,other,0.021,0.025,0
20,30534.0,0.7,MORTGAGE,1.5,9,1,0.307,12273.0,24,8.45,major_purchase,0.201,0.219,0
64,25198.0,5.8,RENT,45.6,8,0,0.142,19517.0,60,7.99,medical,0.155,0.188,0
55,37668.0,4.8,MORTGAGE,36.6,3,0,0.326,7296.0,48,8.88,other,0.048,0.058,0
31,91364.0,13.7,MORTGAGE,11.8,8,0,0.339,6245.0,48,6.49,credit_card,0.017,0.019,0
43,99453.0,12.8,RENT,19.7,4,3,0.564,12913.0,36,6.54,major_purchase,0.043,0.048,0
45,34120.0,1.0,MORTGAGE,26.1,3,0,0.201,7168.0,24,7.78,home_improvement,0.105,0.114,0
54,63174.0,0.5,RENT,35.2,4,0,0.409,9341.0,48,8.17,major_purchase,0.037,0.043,0
30,135566.0,2.1,RENT,8.6,3,1,0.24,5165.0,36,9.7,major_purchase,0.013,0.015,0
53,66680.0,25.9,RENT,34.7,6,0,0.242,7184.0,36,4.0,credit_card,0.036,0.038,0
33,110277.0,0.1,MORTGAGE,13.7,5,1,0.047,36184.0,24,10.07,credit_card,0.164,0.182,0
24,89265.0,6.7,RENT,4.9,4,0,0.248,18563.0,12,10.14,small_business,0.208,0.22,0
49,34369.0,5.6,RENT,25.4,2,1,0.201,10303.0,60,5.56,small_business,0.06,0.069,0
55,49267.0,6.2,RENT,34.8,4,0,0.221,8133.0,48,8.17,debt_consolidation,0.041,0.049,0
71,55126.0,1.5,RENT,49.9,6,0,0.322,22268.0,48,4.0,credit_card,0.101,0.109,0
26,57072.0,1.5,MORTGAGE,7.6,3,0,0.127,4678.0,48,10.23,home_improvement,0.02,0.025,0
48,85662.0,3.4,MORTGAGE,22.1,1,0,0.169,33594.0,24,10.51,debt_consolidation,0.196,0.218,0
35,66459.0,0.6,OWN,15.8,5,0,0.256,16970.0,60,8.73,home_improvement,0.051,0.063,0
49,15000.0,0.5,RENT,27.3,4,0,0.003,12691.0,60,8.15,small_business,0.169,0.207,0
22,28102.0,0.6,MORTGAGE,0.0,7,0,0.513,5644.0,48,11.97,debt_consolidation,0.05,0.063,0
25,18148.0,5.1,RENT,4.9,4,1,0.161,12357.0,48,9.74,other,0.17,0.206,0
31,59141.0,3.0,MORTGAGE,10.9,7,2,0.225,14731.0,36,16.96,other,0.083,0.107,0
41,61099.0,2.1,RENT,22.6,3,0,0.257,16931.0,48,12.59,home_improvement,0.069,0.089,0
32,62418.0,2.3,MORTGAGE,12.5,6,0,0.177,14239.0,36,8.89,debt_consolidation,0.076,0.087,0
48,33541.0,1.4,MORTGAGE,24.3,6,1,0.535,5552.0,24,6.04,credit_card,0.083,0.088,0
52,75892.0,3.2,MORTGAGE,33.6,3,0,0.573,11826.0,36,10.4,debt_consolidation,0.052,0.061,0
47,77508.0,1.4,RENT,21.5,8,0,0.364,4479.0,48,9.39,medical,0.014,0.017,0
59,28924.0,7.2,MORTGAGE,37.7,8,0,0.562,7747.0,24,8.42,credit_card,0.134,0.146,0
45,26029.0,0.8,OWN,25.4,4,0,0.211,9900.0,36,7.25,debt_consolidation,0.127,0.141,0
25,54173.0,17.8,RENT,4.6,5,0,0.556,8739.0,48,7.16,debt_consolidation,0.04,0.047,0
56,132706.0,0.6,OWN,37.5,5,3,0.407,6838.0,24,9.33,credit_card,0.026,0.028,0
33,126737.0,17.2,RENT,14.3,5,0,0.46,8990.0,36,8.28,credit_card,0.024,0.027,0
51,71804.0,10.7,RENT,32.0,4,0,0.271,15440.0,48,12.93,home_improvement,0.054,0.069,0
59,37609.0,6.8,OWN,39.5,5,1,0.146,6705.0,36,12.31,major_purchase,0.059,0.071,0
45,84408.0,14.6,RENT,19.6,3,0,0.375,21305.0,24,10.28,credit_card,0.126,0.14,0
22,43208.0,0.9,RENT,2.6,4,0,0.213,20912.0,24,11.99,debt_consolidation,0.242,0.273,0
29,36910.0,1.2,MORTGAGE,8.8,5,0,0.802,13810.0,48,9.94,medical,0.094,0.114,0
56,18546.0,1.7,MORTGAGE,37.5,6,0,0.253,8718.0,24,7.6,debt_consolidation,0.235,0.254,0
38,57022.0,1.7,MORTGAGE,16.0,5,0,0.332,4465.0,36,7.92,home_improvement,0.026,0.029,0
41,39540.0,2.2,MORTGAGE,20.5,6,1,0.272,2687.0,48,9.2,home_improvement,0.017,0.02,0
49,56852.0,5.1,MORTGAGE,29.3,8,0,0.5,9280.0,48,7.0,credit_card,0.041,0.047,0
48,17160.0,0.2,MORTGAGE,21.2,4,0,0.505,20676.0,60,12.21,other,0.241,0.323,0
43,58978.0,2.9,RENT,18.4,6,0,0.399,8479.0,36,10.76,small_business,0.048,0.056,0
37,16066.0,1.7,RENT,15.8,8,0,0.149,17355.0,48,7.64,other,0.27,0.314,0
36,93337.0,5.6,RENT,10.4,5,0,0.505,23547.0,60,9.97,major_purchase,0.05,0.064,0
50,70329.0,25.3,OWN,29.5,4,0,0.408,18317.0,48,6.89,medical,0.065,0.075,0
47,47130.0,4.4,MORTGAGE,23.7,4,1,0.579,17655.0,48,4.53,medical,0.094,0.103,0
37,71780.0,3.3,MORTGAGE,17.4,2,0,0.388,4307.0,24,6.84,debt_consolidation,0.03,0.032,0
53,33222.0,2.8,MORTGAGE,34.7,7,0,0.094,18184.0,36,9.81,other,0.182,0.211,0
38,56173.0,9.2,RENT,4.6,4,0,0.478,19012.0,48,9.34,debt_consolidation,0.085,0.102,0
30,80611.0,0.4,OWN,11.5,8,0,0.545,6801.0,24,6.36,debt_consolidation,0.042,0.045,0
31,15000.0,19.3,RENT,12.1,1,0,0.139,13482.0,24,8.46,debt_consolidation,0.449,0.49,0
28,43321.0,3.2,OWN,9.5,6,0,0.243,9075.0,36,10.74,small_business,0.07,0.082,0
37,53566.0,2.3,MORTGAGE,17.8,2,0,0.325,7116.0,60,11.4,major_purchase,0.027,0.035,0
55,49112.0,21.9,MORTGAGE,36.0,4,0,0.403,5660.0,48,9.54,medical,0.029,0.035,0
30,112258.0,16.5,RENT,9.2,10,0,0.594,15915.0,24,9.89,medical,0.071,0.078,0
42,30886.0,6.2,MORTGAGE,7.1,2,0,0.087,4735.0,24,8.09,debt_consolidation,0.077,0.083,0
32,39712.0,0.1,MORTGAGE,13.8,8,0,0.363,35047.0,60,9.54,small_business,0.177,0.223,0
37,20787.0,8.3,RENT,14.5,12,0,0.464,7381.0,60,8.03,debt_consolidation,0.071,0.086,0
22,115283.0,2.5,RENT,3.6,8,0,0.312,13325.0,60,9.13,credit_card,0.023,0.029,0
37,47899.0,2.9,OWN,18.9,4,2,0.336,5904.0,24,7.23,major_purchase,0.062,0.066,0
38,43512.0,1.0,RENT,16.9,5,0,0.226,9301.0,36,10.92,credit_card,0.071,0.084,0
46,52773.0,4.4,RENT,21.8,14,1,0.487,10391.0,36,9.28,debt_consolidation,0.066,0.075,0
43,74467.0,8.2,MORTGAGE,24.4,5,0,0.533,10583.0,48,6.36,home_improvement,0.036,0.04,0
26,64452.0,1.9,MORTGAGE,6.7,4,0,0.125,7129.0,48,9.69,small_business,0.028,0.033,0
53,203606.0,16.8,MORTGAGE,34.4,8,1,0.296,18751.0,36,5.52,home_improvement,0.031,0.033,0
43,67980.0,1.3,RENT,17.9,4,1,0.085,10282.0,12,11.18,major_purchase,0.151,0.161,0
42,42932.0,0.4,OWN,23.1,8,0,0.402,6791.0,24,6.21,major_purchase,0.079,0.084,0
40,40918.0,6.2,MORTGAGE,20.2,5,1,0.388,13383.0,48,8.52,debt_consolidation,0.082,0.097,0
34,44517.0,11.4,RENT,9.2,2,0,0.434,14925.0,48,7.16,major_purchase,0.084,0.097,0
43,25568.0,18.4,MORTGAGE,22.6,11,0,0.548,16042.0,60,10.19,major_purchase,0.125,0.161,0
46,55267.0,8.7,MORTGAGE,19.9,3,0,0.263,15699.0,48,11.52,credit_card,0.071,0.089,0
19,80156.0,1.3,RENT,0.0,5,0,0.316,9432.0,36,8.37,small_business,0.039,0.044,0
34,39868.0,22.8,RENT,14.1,5,0,0.249,16730.0,36,11.52,debt_consolidation,0.14,0.166,1
37,36182.0,15.1,MORTGAGE,16.4,9,1,0.131,6070.0,36,8.89,debt_consolidation,0.056,0.064,0
43,115609.0,1.1,RENT,24.2,4,0,0.259,6521.0,12,9.28,major_purchase,0.056,0.059,0
54,26549.0,4.9,MORTGAGE,22.0,1,0,0.419,20363.0,36,5.21,debt_consolidation,0.256,0.277,0
31,19266.0,4.9,RENT,12.0,6,0,0.398,15508.0,24,7.05,credit_card,0.402,0.433,0
34,30441.0,3.5,RENT,11.4,4,0,0.376,9569.0,36,9.3,small_business,0.105,0.12,0
34,25079.0,24.9,RENT,14.9,4,1,0.532,5453.0,60,11.34,debt_consolidation,0.043,0.057,1
30,65717.0,0.4,RENT,10.9,5,0,0.096,12821.0,24,10.26,small_business,0.098,0.108,0
36,45236.0,5.9,OWN,17.7,5,0,0.479,9544.0,24,11.06,credit_card,0.105,0.118,0
49,48541.0,1.4,MORTGAGE,28.5,6,0,0.116,9858.0,24,8.95,debt_consolidation,0.102,0.111,0
27,96420.0,4.5,RENT,8.2,4,1,0.344,10822.0,36,7.68,small_business,0.037,0.042,0
45,38343.0,9.1,RENT,26.5,3,0,0.294,6260.0,60,10.21,small_business,0.033,0.042,0
20,79821.0,1.7,RENT,1.2,8,0,0.3,14320.0,48,9.8,debt_consolidation,0.045,0.054,0
33,115343.0,3.0,RENT,14.1,5,0,0.396,12246.0,48,4.62,credit_card,0.027,0.029,0
36,43138.0,18.1,OWN,15.9,7,1,0.466,9481.0,24,10.18,other,0.11,0.122,0
60,78316.0,8.6,OWN,40.5,6,0,0.416,7204.0,48,6.64,medical,0.023,0.026,0
37,48006.0,5.1,MORTGAGE,18.8,5,3,0.299,37615.0,24,9.74,credit_card,0.392,0.433,0
18,85995.0,1.5,OWN,0.0,5,0,0.104,8144.0,36,6.62,debt_consolidation,0.032,0.035,0
18,24693.0,3.3,OWN,0.0,6,2,0.32,4424.0,24,7.2,debt_consolidation,0.09,0.096,0
40,23795.0,8.9,MORTGAGE,19.4,5,0,0.065,25043.0,60,8.34,debt_consolidation,0.21,0.258,0
47,44550.0,10.3,RENT,18.0,5,1,0.211,23909.0,24,8.6,home_improvement,0.268,0.293,0
45,34736.0,1.7,MORTGAGE,26.7,5,0,0.301,6341.0,24,5.89,medical,0.091,0.097,0
42,41842.0,6.5,RENT,18.8,7,0,0.238,26575.0,60,9.72,credit_card,0.127,0.161,0
54,48545.0,0.6,RENT,33.9,4,1,0.186,31882.0,48,8.04,other,0.164,0.193,0
34,77653.0,0.1,RENT,13.8,4,0,0.411,8832.0,36,8.08,debt_consolidation,0.038,0.043,0
51,44186.0,4.8,RENT,30.8,7,1,0.365,9021.0,24,7.89,credit_card,0.102,0.111,0
20,35885.0,1.5,MORTGAGE,0.8,5,1,0.108,28936.0,24,9.28,other,0.403,0.443,0
29,45444.0,0.5,OWN,9.8,7,0,0.683,19952.0,24,12.32,small_business,0.22,0.249,0
18,36880.0,7.9,RENT,0.0,10,0,0.025,20191.0,36,5.93,small_business,0.182,0.2,0
37,33962.0,4.1,RENT,18.9,7,0,0.457,28476.0,24,7.56,credit_card,0.419,0.453,0
39,24185.0,9.5,MORTGAGE,18.3,3,0,0.218,7277.0,24,12.17,major_purchase,0.15,0.17,0
41,56091.0,6.5,MORTGAGE,19.1,6,0,0.167,5641.0,24,9.6,other,0.05,0.055,0
41,40768.0,7.9,RENT,21.7,3,0,0.231,14361.0,12,7.03,home_improvement,0.352,0.366,0
29,87828.0,2.2,RENT,10.3,4,0,0.237,6258.0,48,12.06,small_business,0.018,0.023,0
38,26273.0,1.8,RENT,19.3,6,0,0.453,17973.0,12,7.74,debt_consolidation,0.684,0.713,0
22,41314.0,5.5,MORTGAGE,3.7,4,2,0.428,25137.0,24,8.65,credit_card,0.304,0.332,0
56,134115.0,1.3,OWN,37.7,4,0,0.083,10672.0,48,9.8,credit_card,0.02,0.024,0
36,33867.0,10.1,MORTGAGE,17.5,3,0,0.273,11183.0,60,9.75,debt_consolidation,0.066,0.084,0
34,48133.0,4.4,MORTGAGE,15.9,5,0,0.712,11188.0,24,5.93,medical,0.116,0.124,1
59,29498.0,1.5,MORTGAGE,40.1,6,1,0.319,11235.0,60,10.9,credit_card,0.076,0.099,0
25,27606.0,5.9,MORTGAGE,5.9,5,0,0.428,3534.0,24,11.98,other,0.064,0.072,0
26,117437.0,17.4,OWN,0.0,6,0,0.193,6348.0,48,7.58,home_improvement,0.014,0.016,0
27,59013.0,0.5,OWN,0.0,8,1,0.108,10225.0,48,5.16,credit_card,0.043,0.048,0
39,57921.0,0.7,MORTGAGE,20.4,4,1,0.49,51526.0,36,10.35,small_business,0.297,0.346,0
45,23198.0,11.1,MORTGAGE,26.3,4,1,0.191,29383.0,12,10.81,medical,1.267,1.342,1
49,64820.0,0.7,RENT,29.0,6,3,0.287,13230.0,36,8.59,debt_consolidation,0.068,0.077,0
71,96636.0,0.2,MORTGAGE,52.5,4,0,0.23,21475.0,24,11.04,medical,0.111,0.124,0
18,96253.0,2.6,MORTGAGE,0.0,5,1,0.223,3980.0,48,9.1,credit_card,0.01,0.012,0
47,75672.0,3.8,MORTGAGE,27.5,6,2,0.455,15926.0,36,11.28,debt_consolidation,0.07,0.083,0
33,30800.0,5.1,OWN,13.8,11,0,0.123,7327.0,36,13.52,medical,0.079,0.097,0
33,63358.0,4.2,RENT,9.8,3,1,0.089,10223.0,36,7.01,debt_consolidation,0.054,0.06,0
33,75644.0,14.7,MORTGAGE,9.7,7,0,0.714,9839.0,36,8.7,debt_consolidation,0.043,0.049,0
29,22088.0,8.8,OWN,0.0,5,0,0.139,9590.0,24,10.02,medical,0.217,0.24,0
60,30926.0,24.7,RENT,41.2,4,0,0.224,7204.0,36,11.93,major_purchase,0.078,0.093,0
50,84464.0,3.9,RENT,25.4,5,0,0.317,5659.0,60,6.29,home_improvement,0.013,0.016,0
40,83954.0,0.5,MORTGAGE,19.7,2,0,0.472,5994.0,48,5.77,debt_consolidation,0.018,0.02,0
56,24977.0,18.7,RENT,35.3,6,2,0.4,22333.0,48,8.14,debt_consolidation,0.224,0.263,0
22,80621.0,0.0,RENT,0.0,3,0,0.154,5371.0,12,7.69,credit_card,0.067,0.069,0
24,56820.0,9.0,RENT,0.0,10,1,0.444,12058.0,36,10.29,major_purchase,0.071,0.083,0
18,80058.0,0.2,MORTGAGE,0.0,6,0,0.311,5539.0,36,10.07,debt_consolidation,0.023,0.027,0
32,39448.0,8.6,MORTGAGE,12.7,5,0,0.734,4603.0,48,8.36,home_improvement,0.029,0.034,0
42,74801.0,16.7,RENT,22.0,1,0,0.159,7671.0,36,6.42,home_improvement,0.034,0.038,0
41,82612.0,3.0,MORTGAGE,20.1,9,2,0.299,15970.0,48,5.63,major_purchase,0.048,0.054,0
42,45448.0,1.7,OWN,18.7,3,1,0.497,5161.0,24,8.2,home_improvement,0.057,0.062,0
23,54659.0,1.5,RENT,1.8,4,0,0.171,4822.0,60,9.51,debt_consolidation,0.018,0.022,0
50,39173.0,4.1,RENT,30.6,6,1,0.228,7795.0,36,7.98,other,0.066,0.075,0
43,123725.0,1.1,RENT,23.4,5,0,0.292,27429.0,24,8.01,medical,0.111,0.12,0
49,51014.0,6.7,RENT,30.8,2,0,0.107,24782.0,48,9.42,debt_consolidation,0.121,0.146,0
18,34166.0,2.8,RENT,0.0,8,0,0.245,24983.0,48,8.84,debt_consolidation,0.183,0.218,0
44,37877.0,2.3,MORTGAGE,25.7,6,0,0.196,9622.0,48,8.59,credit_card,0.064,0.075,0
26,57722.0,3.7,MORTGAGE,5.4,3,0,0.015,23306.0,36,12.71,debt_consolidation,0.135,0.163,0
35,78958.0,4.7,RENT,10.8,4,0,0.305,5818.0,48,13.12,major_purchase,0.018,0.024,0
46,27780.0,0.9,RENT,26.4,3,0,0.137,5655.0,48,12.22,small_business,0.051,0.065,0
41,136466.0,7.4,MORTGAGE,18.2,5,0,0.291,7773.0,24,9.4,debt_consolidation,0.028,0.031,0
30,63218.0,12.9,RENT,7.1,4,0,0.405,6535.0,60,7.82,medical,0.021,0.025,0
40,68407.0,2.0,MORTGAGE,21.8,8,0,0.412,11037.0,24,10.23,debt_consolidation,0.081,0.09,0
22,51607.0,1.2,RENT,2.4,5,0,0.09,5110.0,24,9.37,home_improvement,0.05,0.054,0
54,54701.0,8.6,MORTGAGE,32.5,5,0,0.562,11875.0,48,11.37,debt_consolidation,0.054,0.068,0
38,50305.0,1.2,MORTGAGE,18.4,5,2,0.214,28689.0,60,11.85,debt_consolidation,0.114,0.152,0
53,90120.0,0.3,OWN,32.6,6,0,0.559,19033.0,36,7.5,home_improvement,0.07,0.079,0
34,53962.0,5.8,OWN,13.3,3,0,0.541,11213.0,36,9.83,debt_consolidation,0.069,0.08,0
34,79501.0,1.6,MORTGAGE,15.5,2,0,0.262,12954.0,12,10.69,other,0.163,0.173,0
31,43612.0,1.1,OWN,11.4,4,0,0.24,8155.0,36,5.46,debt_consolidation,0.062,0.068,0
51,59744.0,24.0,RENT,32.9,7,1,0.361,9498.0,48,4.83,medical,0.04,0.044,0
31,36244.0,2.1,RENT,12.5,3,0,0.273,8944.0,60,11.34,debt_consolidation,0.049,0.065,1
48,99535.0,14.0,MORTGAGE,27.8,5,0,0.374,10809.0,36,8.96,credit_card,0.036,0.041,0
35,35708.0,1.2,MORTGAGE,14.4,4,0,0.156,13219.0,36,11.58,credit_card,0.123,0.147,0
18,46051.0,10.3,RENT,0.0,6,0,0.2,5027.0,12,8.56,home_improvement,0.109,0.114,0
33,46283.0,4.2,MORTGAGE,10.8,5,0,0.38,20491.0,24,8.55,other,0.221,0.242,0
26,45389.0,0.5,RENT,6.6,6,0,0.438,29150.0,24,10.3,small_business,0.321,0.357,0
40,77750.0,7.9,MORTGAGE,14.4,6,1,0.121,2544.0,36,12.56,debt_consolidation,0.011,0.013,0
26,46243.0,13.4,MORTGAGE,6.5,5,0,0.066,13848.0,36,8.88,medical,0.1,0.114,0
51,108767.0,1.1,RENT,32.5,4,0,0.367,4592.0,36,10.48,credit_card,0.014,0.016,1
39,35982.0,7.8,RENT,16.7,3,0,0.2,36954.0,36,4.0,debt_consolidation,0.342,0.364,0
38,58964.0,3.5,MORTGAGE,17.5,6,2,0.593,8146.0,48,8.39,small_business,0.035,0.041,0
48,36758.0,8.4,MORTGAGE,28.5,6,0,0.345,15376.0,36,9.91,debt_consolidation,0.139,0.162,0
52,66869.0,7.5,OWN,32.7,0,0,0.298,5077.0,12,4.0,credit_card,0.076,0.078,0
40,53746.0,0.2,RENT,21.5,3,0,0.283,4554.0,24,8.41,debt_consolidation,0.042,0.046,0
31,50135.0,1.2,OWN,11.7,5,0,0.245,18754.0,36,13.09,small_business,0.125,0.151,0
19,98149.0,3.8,OWN,0.9,3,1,0.282,13647.0,60,8.72,debt_consolidation,0.028,0.034,0
32,39059.0,16.3,RENT,11.9,2,0,0.479,18132.0,60,8.14,credit_card,0.093,0.113,0
33,72639.0,2.5,RENT,8.2,5,0,0.273,11148.0,24,5.36,medical,0.077,0.081,0
41,36884.0,5.9,OWN,18.2,7,0,0.546,6869.0,24,9.82,debt_consolidation,0.093,0.103,0
36,57316.0,0.1,RENT,17.9,7,1,0.237,12581.0,24,8.69,debt_consolidation,0.11,0.12,0
48,29798.0,7.5,MORTGAGE,23.6,4,1,0.226,9363.0,36,6.89,credit_card,0.105,0.116,0
33,38900.0,5.5,RENT,13.2,3,2,0.02,10031.0,48,7.3,debt_consolidation,0.064,0.075,1
39,51996.0,7.5,MORTGAGE,20.4,8,0,0.262,14012.0,48,8.29,medical,0.067,0.079,0
54,134232.0,14.1,MORTGAGE,31.8,5,0,0.168,14598.0,60,6.53,other,0.022,0.026,0
44,56977.0,1.0,RENT,24.8,5,2,0.134,17528.0,36,8.35,credit_card,0.103,0.116,0
39,123913.0,1.8,RENT,20.1,6,0,0.281,3866.0,12,5.58,home_improvement,0.031,0.032,0
33,60486.0,32.8,OWN,14.5,7,0,0.512,8662.0,24,11.95,other,0.072,0.081,0
32,44643.0,1.0,MORTGAGE,12.0,4,0,0.511,7456.0,36,11.44,medical,0.056,0.066,0
30,116971.0,7.7,MORTGAGE,11.7,6,0,0.315,9581.0,48,6.51,small_business,0.02,0.023,1
34,67407.0,7.7,RENT,11.4,4,0,0.31,11568.0,48,10.79,credit_card,0.043,0.053,0
49,39287.0,6.9,RENT,29.1,6,1,0.413,5481.0,48,7.65,credit_card,0.035,0.041,0
37,68548.0,1.5,RENT,17.2,2,0,0.234,6630.0,60,10.64,medical,0.019,0.025,0
24,46803.0,1.5,RENT,6.0,5,2,0.345,24427.0,36,9.03,debt_consolidation,0.174,0.199,0
61,20040.0,6.6,MORTGAGE,37.9,3,1,0.174,30308.0,48,6.76,major_purchase,0.378,0.433,0
44,86508.0,1.2,RENT,24.0,3,2,0.357,9833.0,48,12.46,other,0.028,0.036,0
23,93664.0,6.5,MORTGAGE,3.3,3,0,0.06,16555.0,36,10.73,home_improvement,0.059,0.069,0
35,135804.0,4.1,MORTGAGE,12.7,8,1,0.393,17476.0,36,9.49,credit_card,0.043,0.049,0
41,66908.0,2.9,RENT,22.8,4,1,0.13,7348.0,36,9.48,home_improvement,0.037,0.042,0
60,47841.0,2.1,MORTGAGE,40.6,11,0,0.219,5358.0,36,5.88,credit_card,0.037,0.041,0
27,82248.0,17.7,RENT,6.4,5,1,0.238,17562.0,12,7.3,home_improvement,0.214,0.222,1
52,82860.0,4.3,RENT,32.1,3,1,0.262,7656.0,60,8.02,credit_card,0.018,0.022,0
57,122902.0,4.9,RENT,38.4,7,0,0.388,7482.0,24,8.34,debt_consolidation,0.03,0.033,0
32,52981.0,17.9,MORTGAGE,12.9,7,1,0.114,14960.0,36,10.01,debt_consolidation,0.094,0.109,0
37,49872.0,6.4,MORTGAGE,17.9,2,0,0.128,16118.0,60,7.63,home_improvement,0.065,0.078,0
28,37882.0,19.0,MORTGAGE,0.0,9,0,0.355,14468.0,60,8.11,debt_consolidation,0.076,0.093,0
38,70879.0,0.7,MORTGAGE,18.8,3,3,0.586,4733.0,48,5.52,major_purchase,0.017,0.019,0
40,24981.0,11.2,OWN,21.3,9,0,0.193,2940.0,60,8.17,debt_consolidation,0.024,0.029,0
48,79861.0,2.5,OWN,24.8,4,1,0.201,11735.0,36,11.04,debt_consolidation,0.049,0.058,0
53,72687.0,10.0,RENT,33.4,2,2,0.277,27310.0,36,5.77,credit_card,0.125,0.137,0
31,72587.0,11.6,RENT,11.2,6,1,0.557,6857.0,24,7.87,debt_consolidation,0.047,0.051,0
18,58053.0,1.9,RENT,0.0,3,0,0.553,21323.0,48,10.17,credit_card,0.092,0.112,0
40,116598.0,3.2,OWN,19.3,6,3,0.425,8963.0,36,8.34,credit_card,0.026,0.029,0
44,83784.0,7.8,RENT,23.3,8,0,0.101,8122.0,36,6.58,home_improvement,0.032,0.036,0
43,39993.0,0.6,RENT,24.9,3,0,0.282,14556.0,24,8.38,credit_card,0.182,0.198,0
36,40353.0,8.5,RENT,12.9,6,1,0.213,16871.0,24,10.79,medical,0.209,0.233,0
41,34897.0,0.7,MORTGAGE,22.3,7,0,0.069,14410.0,36,8.77,major_purchase,0.138,0.157,0
58,71371.0,14.8,RENT,39.0,3,1,0.249,10971.0,48,9.3,debt_consolidation,0.038,0.046,0
45,32857.0,1.9,MORTGAGE,26.4,1,0,0.46,7598.0,36,7.61,other,0.077,0.086,0
36,93125.0,5.1,RENT,13.6,6,0,0.147,8786.0,60,6.92,debt_consolidation,0.019,0.022,1
34,104976.0,0.7,MORTGAGE,13.4,5,0,0.45,15852.0,48,9.87,home_improvement,0.038,0.046,0
38,34909.0,1.9,MORTGAGE,15.8,7,0,0.445,10305.0,24,9.93,debt_consolidation,0.148,0.163,0
60,49376.0,3.1,RENT,38.8,5,0,0.55,12453.0,48,6.81,home_improvement,0.063,0.072,0
38,54628.0,4.0,MORTGAGE,19.7,5,0,0.018,25338.0,36,10.99,medical,0.155,0.182,0
40,84288.0,0.0,MORTGAGE,20.9,5,0,0.45,14470.0,36,14.06,credit_card,0.057,0.07,0
34,121136.0,13.2,MORTGAGE,13.9,10,0,0.194,29999.0,36,9.31,credit_card,0.083,0.095,0
53,23324.0,0.0,RENT,33.9,11,2,0.406,8741.0,48,10.89,home_improvement,0.094,0.116,0
64,46208.0,8.9,RENT,45.3,3,1,0.445,43398.0,36,7.76,debt_consolidation,0.313,0.352,1
45,47429.0,3.8,MORTGAGE,20.9,8,0,0.119,8867.0,48,8.14,small_business,0.047,0.055,0
41,26894.0,4.5,RENT,18.9,4,0,0.37,15107.0,36,8.41,home_improvement,0.187,0.213,0
40,42508.0,1.4,RENT,20.7,3,1,0.509,14509.0,36,9.08,other,0.114,0.13,0
18,67096.0,5.6,RENT,0.0,5,0,0.676,5089.0,24,10.57,small_business,0.038,0.042,0
49,47130.0,4.6,MORTGAGE,28.0,4,2,0.266,11587.0,24,8.07,home_improvement,0.123,0.134,0
42,25026.0,1.1,MORTGAGE,24.0,8,0,0.573,39634.0,36,6.95,debt_consolidation,0.528,0.586,0
45,227986.0,1.6,RENT,25.6,10,0,0.176,9396.0,24,7.98,medical,0.021,0.022,0
31,61888.0,0.4,MORTGAGE,12.0,6,0,0.286,6182.0,48,9.46,debt_consolidation,0.025,0.03,0
35,57288.0,0.4,MORTGAGE,16.3,4,0,0.535,21301.0,48,7.16,debt_consolidation,0.093,0.107,0
35,31289.0,0.1,MORTGAGE,16.1,4,1,0.168,10802.0,48,8.56,credit_card,0.086,0.102,0
52,61719.0,1.5,RENT,25.4,5,0,0.153,19160.0,36,6.87,debt_consolidation,0.103,0.115,0
35,49906.0,6.8,MORTGAGE,15.0,6,1,0.337,10116.0,12,10.55,home_improvement,0.203,0.214,0
65,21073.0,2.3,MORTGAGE,41.4,5,1,0.203,8269.0,36,7.83,credit_card,0.131,0.147,0
45,31725.0,2.5,MORTGAGE,26.3,5,2,0.395,4176.0,48,5.86,major_purchase,0.033,0.037,0
25,80617.0,0.8,MORTGAGE,6.4,1,1,0.141,4637.0,48,10.26,major_purchase,0.014,0.018,0
38,143202.0,5.1,MORTGAGE,13.4,6,2,0.164,13085.0,24,8.82,credit_card,0.046,0.05,0
32,65094.0,2.5,RENT,11.9,3,0,0.176,5817.0,36,7.93,debt_consolidation,0.03,0.034,0
18,94046.0,6.8,RENT,0.0,7,0,0.149,5713.0,36,6.16,major_purchase,0.02,0.022,0
59,50117.0,8.1,RENT,40.8,5,0,0.422,14817.0,60,6.89,debt_consolidation,0.059,0.07,0
48,51882.0,5.3,MORTGAGE,22.6,5,2,0.449,17642.0,12,7.88,credit_card,0.34,0.355,0
46,93479.0,1.9,RENT,26.4,1,0,0.319,4794.0,60,5.67,credit_card,0.01,0.012,0
42,124416.0,4.3,RENT,23.5,4,0,0.292,8305.0,60,8.6,medical,0.013,0.016,0
23,103834.0,1.7,MORTGAGE,1.5,6,0,0.395,7009.0,24,7.21,major_purchase,0.034,0.036,0
34,31787.0,14.0,MORTGAGE,11.2,8,0,0.196,26633.0,24,9.25,debt_consolidation,0.419,0.46,0
50,52393.0,8.7,MORTGAGE,31.9,3,1,0.171,14221.0,36,8.38,debt_consolidation,0.09,0.103,0
27,62241.0,4.1,RENT,0.0,3,0,0.513,13756.0,48,8.97,credit_card,0.055,0.066,1
18,47580.0,20.2,RENT,0.0,6,0,0.278,18694.0,36,4.0,credit_card,0.131,0.139,0
37,65771.0,4.7,MORTGAGE,17.8,6,0,0.288,4859.0,36,8.22,other,0.025,0.028,0
38,81657.0,2.4,MORTGAGE,19.5,8,1,0.098,8210.0,24,10.18,debt_consolidation,0.05,0.056,0
42,89447.0,0.6,MORTGAGE,22.5,8,0,0.081,3360.0,48,9.14,small_business,0.009,0.011,0
49,125861.0,4.7,MORTGAGE,30.3,4,0,0.089,11644.0,36,9.04,credit_card,0.031,0.035,0
48,45949.0,11.8,RENT,28.0,4,0,0.306,9299.0,60,10.46,small_business,0.04,0.052,0
43,27391.0,12.1,MORTGAGE,20.4,8,0,0.281,5347.0,48,9.56,credit_card,0.049,0.059,0
54,64804.0,5.6,MORTGAGE,32.8,4,1,0.147,5958.0,36,9.03,major_purchase,0.031,0.035,0
22,138955.0,3.0,MORTGAGE,2.3,9,0,0.186,13109.0,12,5.61,home_improvement,0.094,0.097,0
46,42681.0,6.3,OWN,27.6,5,0,0.23,18982.0,60,10.95,debt_consolidation,0.089,0.116,0
48,76376.0,8.6,MORTGAGE,20.5,4,0,0.193,9795.0,24,9.7,credit_card,0.064,0.071,0
25,76717.0,3.2,MORTGAGE,6.1,7,1,0.352,24134.0,36,5.98,credit_card,0.105,0.115,0
22,59618.0,3.9,MORTGAGE,3.0,8,2,0.62,8675.0,24,9.17,debt_consolidation,0.073,0.08,0
31,54364.0,6.8,MORTGAGE,9.9,4,0,0.177,7908.0,12,11.24,medical,0.145,0.154,0
32,34142.0,12.6,MORTGAGE,9.6,6,1,0.303,17299.0,24,8.69,credit_card,0.253,0.277,1
49,17312.0,9.4,RENT,18.6,2,0,0.317,11226.0,60,8.68,debt_consolidation,0.13,0.16,0
33,31072.0,0.1,RENT,4.6,7,0,0.381,10449.0,36,9.62,home_improvement,0.112,0.13,0
30,44571.0,0.8,RENT,4.6,4,0,0.617,14967.0,24,8.4,small_business,0.168,0.183,0
33,93780.0,11.5,RENT,13.3,4,2,0.071,22661.0,12,7.53,credit_card,0.242,0.252,0
53,51454.0,10.8,MORTGAGE,34.5,6,1,0.31,12462.0,36,9.1,debt_consolidation,0.081,0.093,0
40,41793.0,3.0,RENT,19.4,3,0,0.084,12895.0,24,9.11,credit_card,0.154,0.169,0
38,34700.0,5.3,RENT,19.9,4,0,0.165,20339.0,36,9.47,small_business,0.195,0.225,0
39,75237.0,14.2,RENT,20.3,6,0,0.245,9219.0,36,6.49,credit_card,0.041,0.045,0
56,106850.0,14.6,MORTGAGE,38.0,2,0,0.314,10949.0,12,8.38,small_business,0.102,0.107,0
31,92200.0,9.2,MORTGAGE,12.4,7,0,0.187,9758.0,36,9.37,debt_consolidation,0.035,0.041,0
56,73356.0,1.4,MORTGAGE,36.1,4,0,0.12,13543.0,36,9.62,credit_card,0.062,0.071,0
43,25905.0,7.9,OWN,23.5,5,0,0.065,2757.0,48,9.09,small_business,0.027,0.032,0
38,45441.0,0.6,MORTGAGE,18.6,8,0,0.342,17526.0,12,8.29,home_improvement,0.386,0.403,0
70,143437.0,13.5,RENT,46.7,5,0,0.463,13227.0,36,10.67,small_business,0.031,0.036,0
27,94938.0,1.0,RENT,5.6,4,0,0.141,10177.0,24,5.94,major_purchase,0.054,0.057,0
36,25116.0,6.5,RENT,9.7,6,2,0.253,9118.0,36,8.86,credit_card,0.121,0.138,0
25,52691.0,5.7,RENT,5.2,7,1,0.169,28706.0,12,8.46,debt_consolidation,0.545,0.57,1
51,64961.0,9.0,RENT,32.0,4,0,0.378,28259.0,36,12.39,credit_card,0.145,0.174,0
60,37009.0,4.8,RENT,41.6,6,0,0.207,32992.0,36,10.61,major_purchase,0.297,0.348,0
60,17075.0,0.4,RENT,38.7,8,0,0.112,26465.0,36,5.14,debt_consolidation,0.517,0.559,0
55,56921.0,7.3,MORTGAGE,31.5,3,1,0.411,11306.0,24,7.58,credit_card,0.099,0.107,0
38,36538.0,2.9,MORTGAGE,19.4,8,2,0.071,15766.0,36,9.78,major_purchase,0.144,0.167,0
36,36610.0,2.3,RENT,11.7,10,0,0.352,15802.0,12,9.04,home_improvement,0.432,0.453,0
20,45372.0,28.7,RENT,0.0,7,0,0.342,13543.0,48,8.54,medical,0.075,0.088,0
64,50674.0,5.4,MORTGAGE,45.5,4,0,0.249,6213.0,48,10.26,debt_consolidation,0.031,0.037,0
46,53931.0,7.4,RENT,24.9,6,0,0.376,13947.0,12,6.13,home_improvement,0.259,0.267,0
34,34822.0,4.5,MORTGAGE,13.8,3,1,0.113,8346.0,48,8.89,credit_card,0.06,0.071,1
56,48528.0,8.8,MORTGAGE,37.9,1,1,0.412,29668.0,36,7.41,major_purchase,0.204,0.228,0
28,22500.0,8.4,RENT,8.5,3,0,0.2,7478.0,24,8.43,major_purchase,0.166,0.181,0
45,63292.0,6.4,RENT,22.4,1,0,0.234,17449.0,36,13.41,credit_card,0.092,0.112,0
38,15000.0,36.6,MORTGAGE,17.6,2,0,0.451,5124.0,36,10.57,credit_card,0.114,0.133,0
48,46876.0,3.7,MORTGAGE,29.0,5,1,0.208,14214.0,36,5.55,debt_consolidation,0.101,0.11,0
39,85784.0,7.3,RENT,13.1,6,1,0.16,7003.0,36,10.67,other,0.027,0.032,0
23,31899.0,9.6,RENT,4.2,7,0,0.059,9645.0,36,6.38,debt_consolidation,0.101,0.111,0
41,77514.0,2.8,OWN,22.1,1,0,0.043,22365.0,12,8.31,home_improvement,0.289,0.302,1
53,96555.0,3.7,MORTGAGE,33.7,7,0,0.433,18859.0,24,10.49,debt_consolidation,0.098,0.109,0
40,15000.0,20.9,OWN,15.3,4,0,0.439,18837.0,60,11.24,small_business,0.251,0.329,0
49,50228.0,0.2,OWN,28.9,5,2,0.43,14112.0,12,9.48,home_improvement,0.281,0.296,1
27,15000.0,2.5,MORTGAGE,5.6,3,0,0.443,7644.0,48,5.41,credit_card,0.127,0.142,0
40,51067.0,4.0,OWN,10.8,4,0,0.042,13524.0,24,8.82,debt_consolidation,0.132,0.145,0
33,53982.0,0.0,RENT,10.4,4,0,0.192,3952.0,36,6.98,home_improvement,0.024,0.027,0
49,15658.0,13.8,MORTGAGE,30.4,3,1,0.292,17208.0,12,4.76,debt_consolidation,1.099,1.128,1
40,141835.0,2.0,RENT,17.3,3,0,0.467,8065.0,24,7.07,medical,0.028,0.031,0
48,62505.0,1.8,MORTGAGE,25.9,6,1,0.303,9359.0,48,8.68,home_improvement,0.037,0.044,0
53,35436.0,10.3,OWN,34.2,5,0,0.136,9147.0,48,11.16,major_purchase,0.065,0.08,0
48,112723.0,2.0,MORTGAGE,28.8,4,0,0.203,19801.0,36,13.36,home_improvement,0.059,0.071,0
43,22075.0,6.4,OWN,21.3,6,0,0.101,11698.0,60,10.02,debt_consolidation,0.106,0.135,0
28,29302.0,10.3,MORTGAGE,9.2,3,0,0.408,8046.0,24,7.52,home_improvement,0.137,0.148,0
40,17159.0,9.4,MORTGAGE,21.3,6,1,0.167,4440.0,12,6.26,debt_consolidation,0.259,0.268,0
34,133322.0,9.1,RENT,12.4,4,0,0.509,23105.0,60,9.0,small_business,0.035,0.043,1
36,63970.0,0.6,RENT,11.6,7,1,0.056,15624.0,36,8.42,debt_consolidation,0.081,0.092,0
36,75335.0,0.5,RENT,17.8,9,0,0.135,17721.0,36,7.51,medical,0.078,0.088,0
28,62975.0,2.2,RENT,8.2,9,1,0.159,5631.0,36,7.51,debt_consolidation,0.03,0.033,0
18,72178.0,0.2,MORTGAGE,0.0,2,0,0.619,4641.0,24,12.37,home_improvement,0.032,0.036,0
32,56333.0,4.2,RENT,10.6,1,1,0.147,7675.0,24,8.64,debt_consolidation,0.068,0.074,0
42,62035.0,3.0,OWN,7.3,2,2,0.4,6110.0,36,10.47,credit_card,0.033,0.038,0
24,57171.0,4.9,MORTGAGE,2.6,8,0,0.43,6967.0,12,9.64,debt_consolidation,0.122,0.128,1
40,39963.0,2.1,RENT,19.1,9,0,0.099,18507.0,48,8.91,home_improvement,0.116,0.138,0
63,52928.0,4.0,OWN,31.3,2,2,0.346,3216.0,48,10.35,medical,0.015,0.019,0
52,62118.0,2.4,MORTGAGE,33.8,9,0,0.068,4888.0,36,9.24,other,0.026,0.03,0
60,57255.0,1.3,MORTGAGE,41.8,7,0,0.552,40001.0,48,9.36,home_improvement,0.175,0.21,0
45,25877.0,6.3,RENT,24.5,3,1,0.54,12107.0,36,8.87,major_purchase,0.156,0.178,0
54,27653.0,6.7,MORTGAGE,34.7,8,0,0.173,7125.0,36,6.8,debt_consolidation,0.086,0.095,0
31,93099.0,10.6,RENT,12.7,9,0,0.103,5868.0,12,9.48,credit_card,0.063,0.066,0
32,46467.0,12.5,RENT,12.9,4,0,0.416,10439.0,48,10.43,debt_consolidation,0.056,0.069,0
18,72574.0,7.3,MORTGAGE,0.0,3,0,0.358,11629.0,24,10.38,medical,0.08,0.089,0
54,31380.0,7.0,RENT,29.6,7,2,0.128,19555.0,36,10.71,credit_card,0.208,0.244,1
58,25937.0,0.4,RENT,39.7,5,0,0.151,6326.0,24,9.23,home_improvement,0.122,0.134,0
33,35532.0,0.7,MORTGAGE,12.7,4,0,0.16,12640.0,24,9.67,debt_consolidation,0.178,0.196,0
37,48471.0,10.0,RENT,17.9,2,0,0.195,4595.0,36,8.01,credit_card,0.032,0.036,0
31,38849.0,1.6,RENT,9.7,5,0,0.014,7077.0,36,8.53,debt_consolidation,0.061,0.069,0
45,103463.0,2.6,MORTGAGE,24.6,3,0,0.346,4232.0,48,11.85,major_purchase,0.01,0.013,0
53,59264.0,0.9,OWN,27.2,4,0,0.358,7895.0,36,7.32,credit_card,0.044,0.05,0
19,136553.0,1.3,RENT,0.9,9,0,0.386,16762.0,12,10.58,medical,0.123,0.13,0
45,66317.0,9.0,RENT,25.1,5,2,0.342,12349.0,36,6.06,medical,0.062,0.068,0
37,16216.0,1.8,MORTGAGE,18.4,5,0,0.206,18315.0,60,8.93,debt_consolidation,0.226,0.281,0
41,91860.0,3.6,RENT,20.7,8,1,0.281,7017.0,60,13.02,major_purchase,0.015,0.021,0
46,25469.0,1.0,RENT,22.2,9,0,0.229,11508.0,36,9.1,credit_card,0.151,0.173,0
38,60795.0,6.8,OWN,12.7,4,2,0.336,8695.0,48,7.13,medical,0.036,0.041,0
39,36778.0,7.8,MORTGAGE,19.5,6,0,0.207,8009.0,36,8.92,debt_consolidation,0.073,0.083,0
37,158159.0,2.7,RENT,14.0,6,1,0.427,10695.0,24,10.71,home_improvement,0.034,0.038,0
52,111279.0,9.2,MORTGAGE,33.0,4,1,0.439,73101.0,48,8.32,debt_consolidation,0.164,0.194,0
45,37387.0,1.6,MORTGAGE,27.0,9,1,0.198,6827.0,24,6.37,home_improvement,0.091,0.097,0
43,50834.0,7.1,MORTGAGE,19.2,4,0,0.315,8208.0,24,10.5,debt_consolidation,0.081,0.09,0
25,61224.0,7.9,RENT,6.6,2,0,0.42,11220.0,24,8.82,debt_consolidation,0.092,0.1,0
35,83425.0,20.8,MORTGAGE,16.9,4,0,0.096,13353.0,36,9.54,major_purchase,0.053,0.062,0
51,54972.0,1.6,OWN,31.7,2,0,0.162,16445.0,24,8.46,major_purchase,0.15,0.163,0
40,32453.0,0.6,OWN,20.6,3,2,0.393,7334.0,60,6.32,major_purchase,0.045,0.053,0
48,37844.0,1.8,RENT,29.8,0,1,0.074,4553.0,36,10.28,credit_card,0.04,0.047,0
61,54055.0,0.8,RENT,38.0,8,0,0.282,10037.0,48,9.86,debt_consolidation,0.046,0.056,0
52,100431.0,1.1,MORTGAGE,32.4,12,0,0.687,18891.0,60,8.53,debt_consolidation,0.038,0.046,0
41,67099.0,2.4,RENT,21.0,3,0,0.256,18790.0,36,7.83,credit_card,0.093,0.105,0
34,36801.0,3.2,MORTGAGE,15.1,2,0,0.619,2051.0,36,8.28,credit_card,0.019,0.021,0
18,74921.0,14.0,MORTGAGE,0.0,5,0,0.318,7375.0,24,10.91,major_purchase,0.049,0.055,0
38,44645.0,1.3,RENT,15.6,0,0,0.247,9848.0,48,11.07,debt_consolidation,0.055,0.069,0
36,84559.0,21.4,RENT,10.9,4,0,0.436,17002.0,36,8.33,other,0.067,0.076,0
45,191665.0,10.0,RENT,16.4,4,1,0.179,17085.0,48,6.76,home_improvement,0.022,0.025,0
38,45278.0,12.8,RENT,18.3,5,0,0.315,6683.0,12,8.75,debt_consolidation,0.148,0.155,1
36,80887.0,15.9,MORTGAGE,4.2,5,0,0.186,24272.0,36,10.98,major_purchase,0.1,0.118,0
19,37321.0,8.4,MORTGAGE,0.0,8,1,0.42,9805.0,24,6.45,debt_consolidation,0.131,0.14,1
29,51219.0,9.3,MORTGAGE,11.0,4,0,0.117,12280.0,36,10.41,debt_consolidation,0.08,0.093,0
46,54983.0,3.5,MORTGAGE,23.6,5,0,0.126,15283.0,36,5.11,credit_card,0.093,0.1,0
61,49176.0,4.3,RENT,42.4,7,0,0.186,9292.0,48,10.39,credit_card,0.047,0.058,0
39,185629.0,16.2,RENT,20.8,4,0,0.17,21993.0,60,8.31,debt_consolidation,0.024,0.029,0
44,46477.0,2.9,OWN,18.3,9,1,0.148,8237.0,60,7.73,debt_consolidation,0.035,0.043,0
51,72651.0,0.3,MORTGAGE,28.3,6,1,0.336,14315.0,48,10.2,small_business,0.049,0.06,0
30,20639.0,8.6,MORTGAGE,11.7,4,0,0.378,11174.0,36,7.62,major_purchase,0.18,0.202,0
44,67238.0,5.1,MORTGAGE,21.5,5,0,0.33,9386.0,24,9.49,small_business,0.07,0.077,0
31,95897.0,10.1,RENT,7.4,7,1,0.082,5827.0,12,10.82,home_improvement,0.061,0.064,0
50,41614.0,0.5,MORTGAGE,24.9,7,2,0.234,37506.0,36,5.01,small_business,0.3,0.324,1
42,15443.0,5.8,MORTGAGE,21.6,9,1,0.243,7618.0,60,10.16,home_improvement,0.099,0.126,0
44,53139.0,1.7,MORTGAGE,22.4,5,2,0.309,4163.0,48,8.62,home_improvement,0.02,0.023,0
31,54644.0,14.0,OWN,8.7,6,0,0.493,9599.0,60,10.07,debt_consolidation,0.035,0.045,0
48,77811.0,0.7,MORTGAGE,26.5,4,0,0.456,7964.0,36,8.07,small_business,0.034,0.039,0
65,148072.0,11.1,MORTGAGE,43.9,5,0,0.267,18124.0,36,10.39,credit_card,0.041,0.048,1
28,44800.0,0.6,OWN,7.6,7,0,0.17,17243.0,48,9.04,other,0.096,0.115,0
36,35308.0,0.2,RENT,16.0,3,0,0.28,4298.0,48,8.37,small_business,0.03,0.036,0
43,30229.0,1.6,RENT,8.3,0,0,0.365,11526.0,48,8.95,other,0.095,0.114,0
49,59817.0,2.4,OWN,29.8,4,0,0.062,6409.0,36,6.59,major_purchase,0.036,0.039,0
33,68849.0,5.9,MORTGAGE,14.7,2,0,0.203,4798.0,36,7.24,medical,0.023,0.026,0
18,41240.0,0.8,RENT,0.0,3,0,0.099,3551.0,36,10.2,credit_card,0.029,0.033,0
56,79965.0,3.5,RENT,37.3,4,0,0.395,9759.0,36,8.83,other,0.041,0.046,0
49,68370.0,1.4,MORTGAGE,28.7,4,0,0.345,10018.0,24,9.9,debt_consolidation,0.073,0.081,0
19,55360.0,11.6,MORTGAGE,0.7,3,0,0.561,3761.0,48,10.99,other,0.017,0.021,0
33,34503.0,0.3,MORTGAGE,12.1,4,1,0.165,24661.0,48,8.73,debt_consolidation,0.179,0.212,0
59,42577.0,2.6,OWN,32.4,5,0,0.151,6602.0,36,10.53,medical,0.052,0.061,0
57,16077.0,6.0,RENT,35.2,5,1,0.194,4643.0,36,9.46,home_improvement,0.096,0.111,1
51,60955.0,14.7,MORTGAGE,32.3,3,0,0.043,13599.0,24,11.35,home_improvement,0.112,0.125,0
38,54895.0,12.1,MORTGAGE,9.4,5,1,0.094,1629.0,24,7.72,credit_card,0.015,0.016,0
41,59530.0,13.5,OWN,21.9,3,2,0.178,5084.0,48,7.43,credit_card,0.021,0.025,0
38,69714.0,0.4,RENT,18.3,2,1,0.295,21550.0,36,9.0,major_purchase,0.103,0.118,0
54,65704.0,11.0,OWN,33.9,6,0,0.099,17307.0,12,9.75,credit_card,0.263,0.278,0
29,51267.0,9.1,RENT,0.0,5,0,0.207,5981.0,36,10.01,credit_card,0.039,0.045,0
30,55511.0,14.0,RENT,11.8,9,1,0.485,24056.0,36,7.0,credit_card,0.144,0.161,0
52,26845.0,2.2,RENT,30.4,4,1,0.413,10466.0,24,9.25,credit_card,0.195,0.214,0
39,40463.0,14.6,RENT,19.7,8,1,0.413,9938.0,12,8.59,debt_consolidation,0.246,0.257,0
57,55561.0,3.1,RENT,38.8,7,0,0.07,9331.0,36,8.62,other,0.056,0.064,0
32,37499.0,6.0,MORTGAGE,5.8,8,0,0.233,23797.0,60,9.46,debt_consolidation,0.127,0.16,0
39,83289.0,3.3,MORTGAGE,18.3,3,0,0.392,18929.0,24,10.94,credit_card,0.114,0.127,0
29,38975.0,3.3,MORTGAGE,6.8,5,1,0.254,26857.0,48,8.82,debt_consolidation,0.172,0.205,0
40,60364.0,4.7,MORTGAGE,21.2,7,0,0.294,21596.0,48,9.37,debt_consolidation,0.089,0.108,0
22,57428.0,2.6,RENT,0.0,6,1,0.232,17741.0,36,5.63,major_purchase,0.103,0.112,0
34,78680.0,9.4,RENT,10.7,5,1,0.498,9033.0,60,6.16,small_business,0.023,0.027,1
23,84999.0,6.0,MORTGAGE,3.3,5,0,0.333,13933.0,24,8.26,home_improvement,0.082,0.089,0
48,76651.0,7.0,MORTGAGE,27.5,2,0,0.637,11083.0,24,10.17,small_business,0.072,0.08,0
49,18902.0,1.6,MORTGAGE,20.3,6,0,0.796,7516.0,36,9.25,credit_card,0.133,0.152,0
19,98427.0,21.0,RENT,0.0,7,1,0.434,22274.0,36,10.42,debt_consolidation,0.075,0.088,0
56,116268.0,6.5,RENT,36.2,1,0,0.526,9066.0,60,12.14,medical,0.016,0.021,0
70,42571.0,1.3,MORTGAGE,48.7,6,1,0.459,8740.0,12,6.19,other,0.205,0.212,1
41,60981.0,8.3,MORTGAGE,18.4,2,1,0.296,6599.0,24,9.94,credit_card,0.054,0.06,0
32,34703.0,1.1,MORTGAGE,13.9,5,0,0.493,4688.0,24,10.99,debt_consolidation,0.068,0.076,0
74,20451.0,0.4,MORTGAGE,53.3,5,0,0.098,9752.0,12,10.96,credit_card,0.477,0.506,0
24,37446.0,4.5,MORTGAGE,0.0,8,0,0.034,16391.0,36,11.74,debt_consolidation,0.146,0.174,0
40,41354.0,4.8,MORTGAGE,13.2,3,0,0.409,3657.0,12,11.78,other,0.088,0.094,0
42,45369.0,1.3,MORTGAGE,18.6,5,0,0.246,15479.0,24,4.0,credit_card,0.171,0.178,0
56,33542.0,2.6,MORTGAGE,37.7,6,0,0.332,6860.0,48,7.97,medical,0.051,0.06,0
44,37545.0,17.5,MORTGAGE,10.6,6,0,0.139,13184.0,36,12.21,credit_card,0.117,0.14,0
34,53879.0,2.0,OWN,13.2,3,0,0.661,7693.0,24,11.48,home_improvement,0.071,0.08,0
29,36860.0,1.0,MORTGAGE,10.2,5,1,0.422,20940.0,48,5.05,major_purchase,0.142,0.157,1
36,71094.0,29.4,RENT,14.6,7,0,0.837,31074.0,24,11.34,small_business,0.219,0.245,0
28,76178.0,2.2,MORTGAGE,4.2,4,0,0.483,5557.0,24,9.68,debt_consolidation,0.036,0.04,0
41,178117.0,6.8,RENT,22.6,7,0,0.042,18315.0,48,8.64,major_purchase,0.026,0.03,0
33,95115.0,1.6,RENT,7.6,4,0,0.494,8453.0,48,10.23,credit_card,0.022,0.027,0
22,61179.0,4.8,MORTGAGE,0.0,7,1,0.337,11570.0,24,11.39,debt_consolidation,0.095,0.106,0
55,39730.0,2.9,RENT,37.0,5,0,0.66,16962.0,24,6.83,other,0.213,0.229,0
34,62747.0,19.6,MORTGAGE,9.1,7,1,0.442,4826.0,36,12.8,debt_consolidation,0.026,0.031,0
25,63787.0,3.4,OWN,0.0,5,2,0.376,8723.0,36,9.15,other,0.046,0.052,0
38,41913.0,5.3,MORTGAGE,19.9,2,1,0.508,10650.0,60,8.43,credit_card,0.051,0.062,0
41,80167.0,17.4,MORTGAGE,22.0,2,0,0.187,22036.0,24,7.54,major_purchase,0.137,0.148,0
19,26929.0,27.2,RENT,0.0,3,1,0.131,13278.0,48,7.69,debt_consolidation,0.123,0.144,0
44,47945.0,0.6,OWN,24.7,2,0,0.113,9066.0,60,7.16,debt_consolidation,0.038,0.045,0
27,71534.0,10.8,MORTGAGE,4.7,2,0,0.205,9584.0,36,6.43,debt_consolidation,0.045,0.049,0
61,46920.0,2.9,MORTGAGE,41.7,6,0,0.161,40265.0,24,6.55,debt_consolidation,0.429,0.459,0
46,48856.0,5.4,RENT,18.6,4,2,0.195,15638.0,36,12.38,home_improvement,0.107,0.128,0
35,50570.0,2.8,RENT,1.1,6,0,0.289,14103.0,48,11.71,home_improvement,0.07,0.088,0
31,35675.0,3.1,RENT,11.9,5,0,0.459,23976.0,36,6.11,other,0.224,0.246,0
39,97436.0,1.0,RENT,18.9,6,0,0.346,30740.0,36,10.28,major_purchase,0.105,0.123,1
47,32565.0,5.1,RENT,26.6,4,0,0.156,8303.0,12,11.58,debt_consolidation,0.255,0.271,0
40,63518.0,4.7,MORTGAGE,19.4,6,0,0.274,20005.0,48,8.23,small_business,0.079,0.093,1
37,66624.0,1.3,RENT,17.6,8,1,0.346,21199.0,48,12.6,debt_consolidation,0.08,0.102,0
41,33715.0,4.7,RENT,22.5,10,0,0.354,9020.0,24,10.63,home_improvement,0.134,0.149,0
33,56193.0,21.7,RENT,14.8,1,0,0.298,15408.0,36,11.41,debt_consolidation,0.091,0.108,0
36,34378.0,7.5,MORTGAGE,17.7,4,0,0.436,8581.0,24,11.18,major_purchase,0.125,0.14,0
18,108610.0,3.9,RENT,0.0,7,1,0.264,8190.0,12,9.22,debt_consolidation,0.075,0.079,0
52,30657.0,14.9,RENT,33.0,8,0,0.338,5405.0,48,7.84,other,0.044,0.051,0
44,39068.0,5.1,RENT,25.8,2,0,0.185,8876.0,36,10.92,debt_consolidation,0.076,0.089,0
31,29375.0,0.9,MORTGAGE,10.1,8,0,0.155,9518.0,48,5.9,major_purchase,0.081,0.091,0
63,27478.0,4.8,RENT,44.8,5,0,0.057,19312.0,24,7.84,home_improvement,0.351,0.381,0
41,120043.0,1.2,RENT,22.8,5,0,0.398,5583.0,60,10.56,small_business,0.009,0.012,0
28,71068.0,8.8,MORTGAGE,7.1,7,0,0.437,57726.0,48,6.68,small_business,0.203,0.232,0
50,58113.0,20.5,RENT,29.3,5,0,0.025,16505.0,36,5.11,other,0.095,0.102,0
45,39015.0,2.7,MORTGAGE,26.9,3,0,0.429,8458.0,36,7.82,small_business,0.072,0.081,0
45,85289.0,3.4,RENT,25.1,6,0,0.279,10372.0,48,10.21,small_business,0.03,0.037,0
35,35878.0,3.3,MORTGAGE,15.3,4,1,0.236,2643.0,24,6.81,home_improvement,0.037,0.04,0
45,80565.0,2.0,MORTGAGE,24.6,2,0,0.339,4275.0,24,9.94,debt_consolidation,0.027,0.029,0
37,35022.0,9.5,RENT,15.0,2,0,0.363,5200.0,48,4.0,debt_consolidation,0.037,0.04,0
47,39252.0,5.8,MORTGAGE,28.0,4,0,0.395,11796.0,36,10.63,debt_consolidation,0.1,0.117,0
18,79153.0,0.4,RENT,0.0,9,0,0.571,3643.0,60,6.66,debt_consolidation,0.009,0.011,0
35,83443.0,11.0,OWN,12.3,6,3,0.399,3733.0,12,7.09,other,0.045,0.046,0
61,73038.0,1.2,RENT,35.3,3,0,0.133,13439.0,60,13.52,debt_consolidation,0.037,0.051,0
31,32054.0,23.2,MORTGAGE,6.3,7,0,0.385,22519.0,36,9.43,credit_card,0.234,0.27,0
33,43332.0,2.8,RENT,13.1,5,1,0.451,19084.0,48,6.51,small_business,0.11,0.125,0
35,58598.0,5.7,RENT,14.8,1,1,0.265,14072.0,12,10.6,debt_consolidation,0.24,0.254,0
25,35432.0,0.5,RENT,4.7,5,0,0.487,6646.0,12,7.97,major_purchase,0.188,0.196,1
18,107525.0,2.5,MORTGAGE,0.0,3,1,0.316,5507.0,60,8.73,debt_consolidation,0.01,0.013,0
37,16302.0,9.7,RENT,13.5,3,1,0.222,23965.0,36,9.01,debt_consolidation,0.49,0.561,0
42,36704.0,3.9,RENT,22.9,6,2,0.335,5446.0,24,10.9,other,0.074,0.083,1
39,41991.0,14.1,MORTGAGE,20.5,4,0,0.25,12069.0,48,8.57,major_purchase,0.072,0.085,1
38,15000.0,5.1,MORTGAGE,18.6,5,0,0.125,3251.0,24,6.9,debt_consolidation,0.108,0.116,0
41,26954.0,15.8,MORTGAGE,22.0,8,0,0.346,7865.0,60,7.73,medical,0.058,0.071,0
52,74061.0,24.3,MORTGAGE,25.0,5,1,0.244,4880.0,36,8.62,debt_consolidation,0.022,0.025,0
38,55003.0,3.6,MORTGAGE,19.1,7,0,0.628,11493.0,12,7.94,debt_consolidation,0.209,0.218,0
33,118963.0,5.0,MORTGAGE,14.4,4,0,0.238,15048.0,36,8.51,major_purchase,0.042,0.048,0
37,117314.0,10.8,RENT,12.1,7,0,0.342,3833.0,36,10.01,debt_consolidation,0.011,0.013,0
47,67274.0,1.5,MORTGAGE,28.7,7,0,0.246,10761.0,36,8.25,credit_card,0.053,0.06,0
57,63362.0,11.9,MORTGAGE,38.1,6,1,0.119,12881.0,60,6.35,debt_consolidation,0.041,0.048,0
32,55992.0,5.4,RENT,12.3,7,0,0.09,5797.0,60,10.52,credit_card,0.021,0.027,0
41,15000.0,7.8,RENT,20.3,6,1,0.091,8100.0,48,8.93,credit_card,0.135,0.161,0
44,26976.0,0.5,MORTGAGE,24.8,5,0,0.221,19738.0,12,10.45,debt_consolidation,0.732,0.774,1
28,56973.0,8.7,RENT,7.9,6,0,0.082,29866.0,60,8.76,credit_card,0.105,0.13,0
40,73719.0,2.2,RENT,21.3,7,0,0.455,8210.0,24,8.21,debt_consolidation,0.056,0.061,0
22,62620.0,9.8,RENT,1.4,3,0,0.265,11488.0,12,6.36,debt_consolidation,0.183,0.19,1
19,34675.0,4.3,RENT,0.0,4,3,0.168,14164.0,60,9.93,debt_consolidation,0.082,0.104,0
44,86570.0,1.9,RENT,20.3,6,1,0.292,30282.0,12,8.35,other,0.35,0.366,0
35,113689.0,18.3,MORTGAGE,15.4,3,1,0.401,11366.0,12,5.83,major_purchase,0.1,0.103,0
42,86595.0,8.7,RENT,22.2,6,0,0.554,7399.0,48,6.87,debt_consolidation,0.021,0.024,0
40,88858.0,25.5,RENT,19.3,6,1,0.204,6947.0,12,10.67,major_purchase,0.078,0.083,0
28,40961.0,2.7,OWN,9.6,7,0,0.295,13637.0,36,12.04,other,0.111,0.133,0
39,92778.0,6.3,MORTGAGE,20.5,3,1,0.221,5896.0,48,7.91,debt_consolidation,0.016,0.019,0
25,58272.0,5.7,MORTGAGE,2.3,3,1,0.538,15106.0,36,8.61,major_purchase,0.086,0.098,0
57,69967.0,7.0,OWN,38.0,4,0,0.499,7174.0,48,10.08,other,0.026,0.031,0
24,65037.0,0.2,RENT,2.5,7,0,0.692,20253.0,60,11.27,debt_consolidation,0.062,0.082,0
38,50983.0,2.1,RENT,19.7,5,0,0.114,15645.0,60,9.01,other,0.061,0.076,1
27,35242.0,14.4,RENT,3.8,8,0,0.109,10188.0,36,9.14,debt_consolidation,0.096,0.111,0
47,51996.0,3.3,MORTGAGE,15.7,4,0,0.179,12514.0,48,9.04,home_improvement,0.06,0.072,0
36,88732.0,19.4,MORTGAGE,16.6,5,0,0.011,4517.0,48,8.42,other,0.013,0.015,0
34,43445.0,1.4,MORTGAGE,13.9,4,0,0.042,6974.0,60,6.72,home_improvement,0.032,0.038,0
50,84683.0,35.8,MORTGAGE,30.2,8,0,0.052,5318.0,60,10.45,credit_card,0.013,0.016,0
40,78318.0,7.2,RENT,15.3,2,0,0.316,8491.0,36,6.01,credit_card,0.036,0.04,0
46,46655.0,9.0,MORTGAGE,28.0,8,0,0.504,7143.0,36,11.28,debt_consolidation,0.051,0.06,0
28,108489.0,3.0,MORTGAGE,6.8,1,0,0.146,21554.0,24,9.49,debt_consolidation,0.099,0.109,0
23,45353.0,14.3,MORTGAGE,1.8,5,0,0.178,24288.0,36,9.4,major_purchase,0.179,0.206,1
41,115240.0,4.7,RENT,21.6,5,0,0.18,1982.0,48,9.1,credit_card,0.004,0.005,0
36,67310.0,6.9,OWN,17.3,2,1,0.321,13100.0,36,10.57,debt_consolidation,0.065,0.076,0
48,53748.0,0.6,RENT,29.2,6,1,0.37,51733.0,12,9.96,debt_consolidation,0.963,1.015,1
39,34756.0,6.0,OWN,16.2,9,1,0.156,3828.0,36,8.72,debt_consolidation,0.037,0.042,0
42,51838.0,12.7,MORTGAGE,23.8,3,0,0.362,21436.0,36,6.13,credit_card,0.138,0.151,0
21,48929.0,1.2,MORTGAGE,0.5,6,1,0.107,19507.0,24,10.48,small_business,0.199,0.222,0
63,28878.0,8.0,OWN,43.9,3,0,0.313,9127.0,36,10.37,home_improvement,0.105,0.123,0
38,48591.0,0.2,MORTGAGE,19.1,4,0,0.447,18237.0,48,6.97,debt_consolidation,0.094,0.108,1
48,36247.0,15.6,MORTGAGE,27.9,5,0,0.241,8007.0,12,5.88,home_improvement,0.221,0.228,0
30,72620.0,24.4,RENT,5.2,1,0,0.304,5402.0,36,7.46,credit_card,0.025,0.028,0
44,104103.0,2.6,RENT,23.1,5,1,0.355,68383.0,12,7.91,debt_consolidation,0.657,0.685,1
24,29335.0,0.7,MORTGAGE,1.3,6,0,0.312,9873.0,48,8.16,credit_card,0.084,0.099,0
45,127536.0,6.4,OWN,24.2,1,0,0.438,9419.0,60,4.75,debt_consolidation,0.015,0.017,0
36,50804.0,0.2,MORTGAGE,14.4,1,0,0.173,12655.0,36,8.39,major_purchase,0.083,0.094,0
40,33273.0,4.0,MORTGAGE,20.3,2,0,0.414,13999.0,60,5.72,debt_consolidation,0.084,0.097,0
48,79132.0,1.9,MORTGAGE,22.2,10,0,0.262,31063.0,60,8.58,debt_consolidation,0.079,0.097,0
25,43337.0,3.8,RENT,4.9,4,0,0.277,20325.0,48,8.81,medical,0.117,0.14,0
32,52007.0,0.1,MORTGAGE,11.6,6,1,0.407,10258.0,24,10.28,small_business,0.099,0.11,0
45,44261.0,0.3,MORTGAGE,24.8,7,0,0.269,23535.0,48,6.36,debt_consolidation,0.133,0.151,0
65,36013.0,0.1,MORTGAGE,45.9,3,0,0.247,12286.0,36,8.91,home_improvement,0.114,0.13,0
38,77808.0,5.8,MORTGAGE,19.2,6,0,0.14,7170.0,48,7.07,other,0.023,0.027,0
47,46951.0,4.9,MORTGAGE,28.8,3,0,0.39,21284.0,36,8.72,debt_consolidation,0.151,0.172,0
39,26415.0,1.6,MORTGAGE,17.2,8,1,0.418,5045.0,60,8.8,credit_card,0.038,0.047,0
63,71363.0,6.2,RENT,44.0,11,0,0.284,27051.0,12,9.71,credit_card,0.379,0.399,0
19,29650.0,12.9,OWN,0.0,4,0,0.521,18988.0,60,10.39,other,0.128,0.165,0
41,30436.0,1.9,MORTGAGE,15.4,2,1,0.43,9594.0,36,7.39,medical,0.105,0.117,0
20,98352.0,10.7,MORTGAGE,0.0,7,0,0.107,15952.0,24,11.03,credit_card,0.081,0.091,0
18,29787.0,6.5,MORTGAGE,0.0,4,0,0.099,9429.0,36,5.76,major_purchase,0.106,0.115,0
44,17014.0,0.2,OWN,21.2,2,0,0.122,15698.0,36,8.72,credit_card,0.308,0.351,0
42,73971.0,2.8,MORTGAGE,23.1,5,1,0.419,4891.0,60,6.84,debt_consolidation,0.013,0.016,0
37,46540.0,4.3,MORTGAGE,16.6,5,1,0.1,10506.0,48,10.82,debt_consolidation,0.056,0.07,0
39,48590.0,7.9,MORTGAGE,18.9,5,0,0.188,6623.0,36,7.59,credit_card,0.045,0.051,0
75,46293.0,2.0,OWN,56.2,2,0,0.572,45527.0,36,9.7,medical,0.328,0.379,0
37,60830.0,24.4,RENT,18.6,7,0,0.207,12302.0,60,7.11,medical,0.04,0.048,0
46,37184.0,6.9,MORTGAGE,27.3,5,0,0.367,11083.0,24,11.07,debt_consolidation,0.149,0.167,0
32,113330.0,2.8,MORTGAGE,13.7,8,1,0.127,10942.0,48,9.5,debt_consolidation,0.024,0.029,0
44,25897.0,0.6,RENT,25.0,5,0,0.037,7252.0,36,4.26,medical,0.093,0.1,0
37,67673.0,1.2,RENT,1.3,7,0,0.367,16176.0,36,6.73,major_purchase,0.08,0.088,0
35,74687.0,4.0,RENT,15.5,3,1,0.537,13871.0,12,5.79,credit_card,0.186,0.192,0
62,37056.0,4.1,MORTGAGE,38.0,4,0,0.413,5661.0,24,8.77,small_business,0.076,0.084,0
54,32472.0,8.8,MORTGAGE,33.6,6,0,0.447,9325.0,24,8.51,debt_consolidation,0.144,0.157,0
42,90092.0,7.8,RENT,20.7,5,1,0.19,5475.0,24,11.81,debt_consolidation,0.03,0.034,0
18,33010.0,1.3,MORTGAGE,0.0,4,1,0.232,12252.0,24,9.19,major_purchase,0.186,0.204,0
36,40001.0,5.4,RENT,17.0,3,1,0.34,11991.0,48,9.62,other,0.075,0.091,0
72,84428.0,0.1,MORTGAGE,51.9,5,0,0.257,13269.0,36,9.07,major_purchase,0.052,0.06,0
37,55126.0,3.1,OWN,12.6,6,0,0.1,6836.0,36,5.73,debt_consolidation,0.041,0.045,0
53,22058.0,8.7,OWN,34.9,3,0,0.61,13149.0,36,9.68,other,0.199,0.23,0
57,129771.0,3.1,MORTGAGE,36.9,6,1,0.157,3525.0,12,9.48,debt_consolidation,0.027,0.029,0
43,41564.0,10.8,RENT,24.8,6,0,0.162,11195.0,24,10.64,home_improvement,0.135,0.15,0
30,44295.0,22.4,RENT,10.2,5,0,0.229,7233.0,36,9.37,debt_consolidation,0.054,0.063,0
18,61568.0,5.6,MORTGAGE,0.0,4,0,0.253,13863.0,36,11.23,home_improvement,0.075,0.089,0
48,74053.0,0.9,MORTGAGE,25.9,3,1,0.124,16834.0,36,8.64,credit_card,0.076,0.086,0
30,144430.0,2.9,OWN,11.6,3,0,0.043,7189.0,36,9.05,home_improvement,0.017,0.019,0
42,23623.0,0.1,OWN,23.5,4,0,0.618,25305.0,24,8.87,debt_consolidation,0.536,0.586,1
25,81877.0,5.5,MORTGAGE,5.1,7,1,0.29,2559.0,24,11.99,major_purchase,0.016,0.018,0
37,78551.0,10.3,MORTGAGE,0.3,6,0,0.507,6300.0,48,7.63,debt_consolidation,0.02,0.023,0
40,50585.0,6.0,OWN,20.7,3,0,0.147,6744.0,24,9.9,medical,0.067,0.074,0
43,80309.0,9.3,RENT,23.3,7,1,0.109,14967.0,48,12.57,home_improvement,0.047,0.06,0
27,86434.0,9.7,RENT,7.3,6,1,0.289,12621.0,48,9.52,debt_consolidation,0.037,0.044,0
54,27147.0,11.4,OWN,35.7,5,0,0.528,7369.0,24,9.58,debt_consolidation,0.136,0.15,0
33,129947.0,1.9,RENT,10.5,3,1,0.505,8410.0,60,12.67,debt_consolidation,0.013,0.018,0
20,24850.0,12.3,MORTGAGE,1.1,6,1,0.039,14532.0,24,9.59,debt_consolidation,0.292,0.323,0
39,30710.0,6.4,MORTGAGE,17.4,2,1,0.371,6172.0,36,16.21,credit_card,0.067,0.085,0
40,47530.0,2.1,OWN,20.1,6,0,0.215,21717.0,36,5.65,credit_card,0.152,0.166,0
42,141842.0,26.2,MORTGAGE,21.2,6,0,0.116,6177.0,48,9.31,home_improvement,0.011,0.013,0
56,46438.0,18.0,RENT,37.8,4,0,0.662,8000.0,12,8.72,debt_consolidation,0.172,0.181,0
37,53318.0,5.1,RENT,12.4,7,1,0.597,15694.0,48,11.07,home_improvement,0.074,0.091,0
39,110862.0,11.1,RENT,20.2,6,0,0.029,34452.0,48,6.96,home_improvement,0.078,0.089,0
27,46623.0,1.8,RENT,5.7,4,1,0.134,5894.0,48,6.08,debt_consolidation,0.032,0.036,0
50,30055.0,3.2,RENT,27.2,4,1,0.353,11668.0,24,10.66,major_purchase,0.194,0.216,0
42,43975.0,1.2,MORTGAGE,21.7,5,1,0.662,7722.0,36,8.94,other,0.059,0.067,0
35,107516.0,4.4,RENT,15.8,4,1,0.242,4275.0,24,10.65,home_improvement,0.02,0.022,0
18,56130.0,4.1,RENT,0.0,7,0,0.154,20725.0,48,8.47,debt_consolidation,0.092,0.109,0
57,142248.0,1.4,MORTGAGE,38.0,6,1,0.072,35210.0,12,9.82,debt_consolidation,0.248,0.261,0
25,78352.0,6.7,MORTGAGE,0.0,3,1,0.014,34533.0,60,9.73,debt_consolidation,0.088,0.112,0
33,39246.0,0.8,MORTGAGE,14.5,4,0,0.081,11735.0,24,6.56,debt_consolidation,0.15,0.16,0
44,55578.0,0.4,OWN,24.5,5,0,0.181,36987.0,36,4.11,debt_consolidation,0.222,0.236,0
26,35362.0,2.9,OWN,7.6,7,0,0.434,19226.0,36,8.22,credit_card,0.181,0.205,0
22,38785.0,3.2,OWN,4.0,4,0,0.427,5860.0,48,11.14,debt_consolidation,0.038,0.047,0
18,400000.0,2.3,RENT,0.0,5,0,0.059,5280.0,36,6.01,debt_consolidation,0.004,0.005,0
49,90157.0,1.8,MORTGAGE,30.7,7,0,0.066,6816.0,36,7.64,credit_card,0.025,0.028,0
33,83329.0,2.5,MORTGAGE,2.1,8,1,0.112,4118.0,60,10.88,home_improvement,0.01,0.013,0
75,39672.0,1.1,RENT,52.7,10,2,0.154,10045.0,60,9.92,other,0.051,0.064,1
28,118752.0,3.1,RENT,10.0,4,1,0.21,6386.0,60,8.57,debt_consolidation,0.011,0.013,0
29,93874.0,14.1,RENT,10.2,5,0,0.48,11611.0,24,8.25,credit_card,0.062,0.067,0
33,138803.0,1.5,RENT,11.7,2,0,0.185,10230.0,36,7.46,credit_card,0.025,0.027,0
43,135477.0,6.9,OWN,23.5,3,0,0.153,29074.0,24,9.25,credit_card,0.107,0.118,0
34,25860.0,0.9,MORTGAGE,10.7,6,0,0.574,12899.0,48,15.12,other,0.125,0.167,1
47,31104.0,2.6,OWN,26.9,2,0,0.446,7491.0,36,7.5,credit_card,0.08,0.09,0
28,32797.0,2.3,MORTGAGE,6.8,6,1,0.351,5393.0,36,9.61,debt_consolidation,0.055,0.063,0
23,33794.0,16.6,OWN,2.3,4,0,0.012,5241.0,60,8.73,debt_consolidation,0.031,0.038,0
18,63686.0,3.4,RENT,0.0,3,1,0.132,30217.0,24,10.2,small_business,0.237,0.263,0
18,40807.0,7.0,RENT,0.0,6,0,0.268,12482.0,36,11.62,credit_card,0.102,0.121,0
34,152711.0,5.5,RENT,14.6,5,1,0.447,3190.0,24,10.62,small_business,0.01,0.012,0
36,140413.0,0.9,RENT,17.8,8,2,0.495,15452.0,48,11.31,credit_card,0.028,0.034,0
32,54002.0,16.8,OWN,11.3,3,2,0.046,34525.0,48,10.84,home_improvement,0.16,0.198,0
55,144014.0,2.5,OWN,35.2,5,0,0.274,8158.0,36,10.3,debt_consolidation,0.019,0.022,0
55,114013.0,0.3,MORTGAGE,32.7,8,0,0.588,15622.0,12,9.14,other,0.137,0.144,0
36,43245.0,2.1,RENT,17.3,6,0,0.386,12017.0,48,11.35,credit_card,0.069,0.087,0
18,19839.0,2.5,RENT,0.0,7,0,0.647,16234.0,48,8.73,debt_consolidation,0.205,0.243,0
33,48582.0,0.6,RENT,14.4,6,0,0.4,29828.0,60,10.43,debt_consolidation,0.123,0.158,0
33,39249.0,5.8,MORTGAGE,12.1,4,0,0.215,4664.0,24,7.74,home_improvement,0.059,0.064,0
32,60069.0,2.6,OWN,8.3,9,0,0.457,11084.0,24,10.7,other,0.092,0.103,0
32,56648.0,6.0,MORTGAGE,9.6,5,0,0.259,5266.0,36,9.57,other,0.031,0.036,0
32,55911.0,0.0,RENT,5.3,2,1,0.278,6876.0,24,6.34,debt_consolidation,0.061,0.066,0
35,70393.0,24.1,MORTGAGE,6.3,3,0,0.553,10658.0,12,10.38,other,0.151,0.16,1
32,29547.0,1.1,RENT,9.6,3,0,0.389,8586.0,24,9.31,home_improvement,0.145,0.16,0
42,66548.0,6.5,MORTGAGE,23.0,9,0,0.369,41122.0,36,8.3,credit_card,0.206,0.233,0
44,43486.0,7.5,RENT,25.3,6,0,0.184,18945.0,36,9.6,credit_card,0.145,0.168,0
29,59874.0,1.1,RENT,9.2,3,0,0.507,5780.0,60,8.63,other,0.019,0.024,0
55,87440.0,0.7,OWN,21.7,5,0,0.448,21692.0,36,9.43,home_improvement,0.083,0.095,0
28,29372.0,1.0,RENT,8.4,6,1,0.448,17978.0,48,6.13,credit_card,0.153,0.173,1
21,47068.0,1.7,OWN,2.3,7,0,0.662,15977.0,24,9.29,debt_consolidation,0.17,0.187,0
45,51059.0,1.1,RENT,18.3,8,2,0.085,13668.0,12,6.76,home_improvement,0.268,0.278,0
30,41893.0,6.7,RENT,10.5,3,0,0.175,11323.0,12,6.48,home_improvement,0.27,0.28,0
44,84958.0,3.3,MORTGAGE,22.5,6,0,0.097,6175.0,48,8.43,debt_consolidation,0.018,0.021,0
18,37790.0,4.6,MORTGAGE,0.0,2,0,0.11,6904.0,12,7.06,debt_consolidation,0.183,0.19,0
57,41040.0,0.3,MORTGAGE,33.4,5,0,0.445,15483.0,60,8.6,home_improvement,0.075,0.093,0
48,37989.0,11.9,RENT,24.8,8,2,0.34,17636.0,36,8.04,credit_card,0.155,0.175,0
22,93529.0,1.1,OWN,0.0,5,0,0.149,11140.0,36,8.55,small_business,0.04,0.045,0
22,42352.0,2.7,MORTGAGE,0.7,2,0,0.219,9219.0,48,9.98,debt_consolidation,0.054,0.066,0
60,68188.0,0.4,MORTGAGE,40.4,3,1,0.246,6995.0,60,8.84,debt_consolidation,0.021,0.025,0
31,145489.0,0.9,MORTGAGE,9.7,6,0,0.205,30347.0,36,6.91,medical,0.07,0.077,0
30,52187.0,6.6,OWN,6.6,5,0,0.237,10776.0,36,11.52,small_business,0.069,0.082,0
18,94469.0,7.1,RENT,0.0,9,0,0.126,8598.0,36,8.44,debt_consolidation,0.03,0.034,0
36,124951.0,6.8,MORTGAGE,16.9,5,0,0.467,44327.0,24,8.47,debt_consolidation,0.177,0.193,0
37,90544.0,4.8,RENT,17.7,5,1,0.337,5931.0,48,7.02,debt_consolidation,0.016,0.019,0
49,53723.0,18.3,OWN,28.6,5,1,0.21,8328.0,60,9.3,home_improvement,0.031,0.039,0
23,74686.0,4.2,RENT,4.8,9,0,0.239,2118.0,24,8.89,debt_consolidation,0.014,0.016,0
22,28462.0,3.6,MORTGAGE,0.0,5,2,0.405,8320.0,36,9.27,other,0.097,0.112,0
45,36680.0,1.7,RENT,26.6,5,2,0.447,47390.0,60,8.95,home_improvement,0.258,0.321,1
52,40041.0,0.6,RENT,33.6,8,1,0.429,42898.0,48,10.11,major_purchase,0.268,0.327,0
21,166093.0,4.8,RENT,2.3,4,0,0.231,13389.0,36,7.81,debt_consolidation,0.027,0.03,1
53,36088.0,2.3,MORTGAGE,32.4,3,0,0.26,11547.0,24,9.34,debt_consolidation,0.16,0.176,0
40,35820.0,4.5,RENT,21.0,8,1,0.167,7389.0,48,11.82,credit_card,0.052,0.065,0
53,32146.0,1.4,OWN,33.6,5,0,0.145,5831.0,60,10.54,debt_consolidation,0.036,0.047,0
39,71676.0,10.9,MORTGAGE,13.0,8,0,0.39,22700.0,36,11.66,debt_consolidation,0.106,0.126,0
18,58181.0,40.0,OWN,0.0,6,0,0.103,7682.0,36,10.41,home_improvement,0.044,0.051,0
38,93282.0,2.3,MORTGAGE,14.3,3,0,0.217,7967.0,24,11.29,credit_card,0.043,0.048,0
53,75783.0,11.1,MORTGAGE,32.4,3,0,0.06,5741.0,60,9.88,medical,0.015,0.019,0
29,27168.0,12.4,RENT,5.0,6,0,0.075,15860.0,12,10.11,home_improvement,0.584,0.616,0
35,36184.0,33.2,MORTGAGE,12.5,5,0,0.021,12937.0,36,9.72,home_improvement,0.119,0.138,0
38,107223.0,2.5,OWN,10.8,5,2,0.458,8869.0,36,10.34,other,0.028,0.032,0
18,48940.0,8.5,RENT,0.0,4,1,0.338,17534.0,24,10.82,small_business,0.179,0.2,0
60,98105.0,1.6,RENT,41.9,4,0,0.328,11666.0,60,10.84,home_improvement,0.024,0.031,0
29,50270.0,5.9,RENT,10.4,6,0,0.262,7203.0,48,11.27,credit_card,0.036,0.045,0
46,33395.0,7.3,MORTGAGE,20.1,5,2,0.27,15788.0,24,6.78,home_improvement,0.236,0.253,0
39,46554.0,8.1,RENT,18.2,2,0,0.385,19613.0,12,7.38,debt_consolidation,0.421,0.438,0
55,33389.0,1.4,MORTGAGE,35.3,6,0,0.145,3411.0,36,9.47,debt_consolidation,0.034,0.039,0
45,40832.0,11.3,RENT,24.8,7,0,0.368,8410.0,60,9.61,medical,0.041,0.052,0
37,59902.0,3.3,MORTGAGE,13.7,6,0,0.348,4516.0,36,5.88,home_improvement,0.025,0.027,0
29,69969.0,1.5,RENT,3.1,5,1,0.511,34388.0,60,5.58,credit_card,0.098,0.113,0
50,24463.0,4.7,RENT,28.1,10,0,0.353,5244.0,36,9.01,credit_card,0.071,0.082,0
18,53708.0,11.9,RENT,0.0,5,1,0.339,14522.0,48,11.98,debt_consolidation,0.068,0.085,0
48,40404.0,20.5,MORTGAGE,28.8,5,0,0.017,11193.0,36,6.6,debt_consolidation,0.092,0.102,0
27,39175.0,8.3,MORTGAGE,7.1,2,0,0.321,24696.0,24,10.73,credit_card,0.315,0.352,0
55,57892.0,0.0,RENT,30.5,6,3,0.129,23975.0,60,12.23,medical,0.083,0.111,0
42,41142.0,0.9,OWN,19.4,7,1,0.347,14067.0,60,11.82,debt_consolidation,0.068,0.091,0
48,108128.0,0.5,OWN,26.5,7,1,0.513,7122.0,24,10.51,small_business,0.033,0.037,0
41,98128.0,0.6,MORTGAGE,22.8,6,1,0.235,5031.0,36,10.62,home_improvement,0.017,0.02,0
19,97823.0,2.9,RENT,0.9,3,2,0.324,10030.0,60,6.75,home_improvement,0.021,0.024,0
30,42300.0,2.5,MORTGAGE,11.6,2,1,0.198,5810.0,60,8.65,small_business,0.027,0.034,0
48,33482.0,0.7,OWN,27.4,4,2,0.19,6667.0,36,8.88,other,0.066,0.076,0
42,56445.0,12.8,OWN,21.7,3,0,0.362,33636.0,36,7.06,debt_consolidation,0.199,0.221,0
54,50253.0,5.7,RENT,27.4,11,1,0.15,19683.0,36,7.93,home_improvement,0.131,0.147,0
45,39958.0,9.6,RENT,23.4,4,0,0.163,18423.0,36,8.46,home_improvement,0.154,0.175,0
28,30096.0,2.8,RENT,9.0,3,1,0.119,2194.0,48,10.73,credit_card,0.018,0.022,0
30,53063.0,3.2,RENT,11.5,5,0,0.273,5157.0,12,9.11,other,0.097,0.102,0
41,44266.0,2.3,RENT,17.3,4,1,0.025,12121.0,36,7.19,debt_consolidation,0.091,0.102,1
18,76433.0,3.5,MORTGAGE,0.0,2,0,0.172,10085.0,36,9.83,debt_consolidation,0.044,0.051,0
60,75550.0,5.7,RENT,38.8,2,0,0.267,8959.0,48,7.69,home_improvement,0.03,0.035,0
45,93939.0,4.1,RENT,24.5,2,0,0.154,7386.0,36,10.25,home_improvement,0.026,0.031,0
55,28864.0,10.9,MORTGAGE,36.7,6,1,0.066,21689.0,24,10.33,home_improvement,0.376,0.417,0
21,66206.0,13.8,RENT,2.8,5,0,0.393,6673.0,36,9.04,debt_consolidation,0.034,0.038,0
55,37657.0,3.8,MORTGAGE,35.6,6,1,0.3,13306.0,36,10.42,major_purchase,0.118,0.138,0
67,29431.0,1.6,MORTGAGE,47.7,7,1,0.205,4494.0,48,10.12,debt_consolidation,0.038,0.047,0
24,43726.0,17.4,RENT,2.6,10,0,0.441,18602.0,48,9.12,debt_consolidation,0.106,0.127,0
49,92443.0,8.0,OWN,28.0,7,0,0.538,6903.0,48,9.0,credit_card,0.019,0.022,0
40,44974.0,6.1,MORTGAGE,11.6,6,1,0.183,4728.0,36,10.5,credit_card,0.035,0.041,0
21,118507.0,8.2,RENT,0.0,3,0,0.167,4949.0,36,6.95,small_business,0.014,0.015,0
46,71285.0,0.5,MORTGAGE,25.9,8,1,0.097,15197.0,24,9.48,major_purchase,0.107,0.117,0
50,44487.0,0.4,OWN,29.9,5,0,0.184,29126.0,24,10.75,small_business,0.327,0.365,0
33,96763.0,1.0,OWN,11.6,1,0,0.358,5022.0,36,9.76,home_improvement,0.017,0.02,0
54,67690.0,1.0,OWN,35.6,5,0,0.247,11576.0,36,10.43,credit_card,0.057,0.067,0
20,33987.0,3.3,MORTGAGE,0.0,12,0,0.234,11921.0,48,8.61,other,0.088,0.104,1
22,137228.0,1.0,RENT,1.8,5,0,0.315,2386.0,24,9.54,credit_card,0.009,0.01,0
42,61682.0,11.6,MORTGAGE,16.8,4,0,0.535,10873.0,24,6.34,small_business,0.088,0.094,0
40,54688.0,5.2,MORTGAGE,11.7,3,0,0.695,5699.0,60,10.66,medical,0.021,0.027,0
31,35321.0,2.8,OWN,10.4,6,2,0.306,9460.0,12,9.58,small_business,0.268,0.282,1
50,97711.0,0.4,MORTGAGE,31.7,5,2,0.224,7342.0,60,8.0,major_purchase,0.015,0.018,0
46,70167.0,5.4,MORTGAGE,25.4,5,0,0.182,22655.0,36,7.87,small_business,0.108,0.121,0
50,74207.0,0.7,RENT,29.3,6,0,0.358,16176.0,36,8.22,credit_card,0.073,0.082,0
39,42034.0,8.2,MORTGAGE,16.3,3,0,0.562,12900.0,48,6.99,credit_card,0.077,0.088,0
47,82211.0,9.7,MORTGAGE,28.9,5,0,0.119,3698.0,60,9.29,debt_consolidation,0.009,0.011,0
35,85469.0,4.7,RENT,15.1,5,0,0.742,15409.0,60,12.48,credit_card,0.036,0.049,0
65,38778.0,1.0,MORTGAGE,39.3,6,0,0.244,15033.0,36,9.97,credit_card,0.129,0.15,0
30,26676.0,9.3,OWN,0.0,5,0,0.12,12519.0,36,9.41,home_improvement,0.156,0.18,0
65,72453.0,2.2,RENT,46.4,4,0,0.56,17390.0,24,8.0,home_improvement,0.12,0.13,0
40,24670.0,1.5,OWN,15.9,5,0,0.335,17978.0,36,6.74,credit_card,0.243,0.269,0
23,58455.0,3.8,MORTGAGE,4.5,9,0,0.099,16251.0,48,9.9,debt_consolidation,0.07,0.084,0
56,43320.0,15.4,MORTGAGE,32.5,5,0,0.286,38866.0,60,11.15,other,0.179,0.235,0
42,99641.0,2.1,MORTGAGE,23.0,5,0,0.539,3912.0,12,11.19,major_purchase,0.039,0.042,0
50,44515.0,14.2,MORTGAGE,22.4,3,0,0.56,13100.0,48,4.62,credit_card,0.074,0.081,0
55,94243.0,0.3,MORTGAGE,33.4,5,0,0.615,47832.0,48,5.79,credit_card,0.127,0.142,0
44,41894.0,0.5,MORTGAGE,24.5,7,0,0.243,19044.0,36,6.74,credit_card,0.152,0.168,0
33,89321.0,7.2,MORTGAGE,14.0,9,1,0.213,9402.0,36,8.49,home_improvement,0.035,0.04,0
52,151777.0,1.3,MORTGAGE,33.2,9,1,0.343,22194.0,60,8.18,small_business,0.029,0.036,0
40,31760.0,2.3,RENT,18.6,9,0,0.06,7853.0,36,10.85,debt_consolidation,0.082,0.097,0
48,62694.0,0.9,RENT,23.2,3,1,0.199,17639.0,12,9.69,credit_card,0.281,0.296,0
18,214141.0,2.4,RENT,0.0,4,0,0.449,6981.0,60,9.39,credit_card,0.007,0.008,0
45,56010.0,2.0,RENT,21.6,2,0,0.309,10884.0,60,6.29,medical,0.039,0.045,0
32,55876.0,8.0,MORTGAGE,9.4,7,0,0.373,16445.0,36,8.42,debt_consolidation,0.098,0.111,0
60,80358.0,7.3,MORTGAGE,30.4,6,0,0.346,4326.0,60,7.3,other,0.011,0.013,0
47,55301.0,18.6,MORTGAGE,24.7,3,0,0.279,16687.0,36,5.73,debt_consolidation,0.101,0.11,0
43,23072.0,7.7,MORTGAGE,24.3,7,0,0.707,25156.0,24,10.2,debt_consolidation,0.545,0.605,0
46,95430.0,7.1,RENT,23.3,5,0,0.141,11078.0,24,5.72,medical,0.058,0.062,0
28,19901.0,7.1,OWN,8.8,4,1,0.396,7568.0,36,9.56,debt_consolidation,0.127,0.146,0
59,43985.0,12.9,MORTGAGE,24.6,7,1,0.129,19611.0,36,11.17,debt_consolidation,0.149,0.176,0
64,99083.0,2.1,MORTGAGE,44.6,5,0,0.306,18469.0,36,8.31,other,0.062,0.07,0
45,45330.0,2.1,MORTGAGE,26.0,2,1,0.469,14802.0,60,9.56,home_improvement,0.065,0.082,0
59,38298.0,8.1,RENT,40.2,7,0,0.129,16863.0,36,7.1,major_purchase,0.147,0.163,1
33,84089.0,1.6,MORTGAGE,11.8,5,1,0.6,6433.0,48,9.54,debt_consolidation,0.019,0.023,0
30,35399.0,14.6,MORTGAGE,11.7,4,1,0.357,13270.0,48,10.33,debt_consolidation,0.094,0.115,0
40,29404.0,4.6,RENT,12.8,5,0,0.274,9636.0,48,6.63,debt_consolidation,0.082,0.094,0
45,62147.0,2.1,RENT,26.0,7,0,0.096,12955.0,48,10.08,credit_card,0.052,0.064,1
35,49441.0,9.0,RENT,15.9,2,1,0.494,5811.0,60,6.75,debt_consolidation,0.024,0.028,0
46,29090.0,2.2,RENT,27.9,4,1,0.552,17031.0,36,10.65,credit_card,0.195,0.229,0
44,74494.0,19.8,RENT,25.2,4,0,0.185,18975.0,60,8.04,debt_consolidation,0.051,0.062,0
28,68340.0,24.4,RENT,8.4,4,0,0.147,7111.0,36,6.91,small_business,0.035,0.039,0
46,45257.0,6.6,RENT,26.6,5,0,0.408,16725.0,36,9.45,major_purchase,0.123,0.142,1
50,46833.0,0.7,RENT,31.0,5,1,0.254,15943.0,24,9.63,small_business,0.17,0.188,0
42,68542.0,1.8,MORTGAGE,23.9,4,0,0.06,11649.0,48,4.0,small_business,0.042,0.046,0
54,98241.0,4.3,MORTGAGE,34.9,3,0,0.587,3952.0,36,9.65,medical,0.013,0.015,0
25,47033.0,11.4,RENT,2.5,2,0,0.246,17957.0,60,9.85,home_improvement,0.076,0.097,0
46,75158.0,1.2,MORTGAGE,26.3,3,0,0.215,12884.0,36,7.77,debt_consolidation,0.057,0.064,0
26,71869.0,0.7,MORTGAGE,7.0,4,0,0.331,11581.0,36,8.93,home_improvement,0.054,0.061,0
27,84091.0,0.5,MORTGAGE,7.9,9,1,0.069,32605.0,12,8.96,other,0.388,0.407,1
32,55252.0,4.2,RENT,11.6,2,0,0.249,16475.0,48,6.93,medical,0.075,0.086,0
29,34332.0,13.0,MORTGAGE,9.9,6,0,0.055,16962.0,60,6.21,debt_consolidation,0.099,0.115,0
33,42991.0,0.3,RENT,12.0,3,0,0.425,6766.0,48,9.1,other,0.039,0.047,0
37,64307.0,1.4,RENT,5.3,1,0,0.428,3810.0,48,8.25,small_business,0.015,0.017,0
50,134488.0,7.1,RENT,31.9,5,0,0.284,8337.0,60,8.2,debt_consolidation,0.012,0.015,0
36,42531.0,10.5,MORTGAGE,17.4,4,0,0.116,21673.0,36,9.09,medical,0.17,0.195,1
21,81015.0,9.9,MORTGAGE,2.4,6,0,0.117,13499.0,36,8.59,debt_consolidation,0.056,0.063,0
54,45980.0,9.2,MORTGAGE,34.2,9,0,0.553,29695.0,24,7.59,debt_consolidation,0.323,0.349,0
30,57253.0,0.8,RENT,11.9,4,0,0.075,5966.0,36,6.94,credit_card,0.035,0.039,0
39,115578.0,3.0,RENT,19.1,6,0,0.097,23118.0,24,8.3,debt_consolidation,0.1,0.109,0
45,79391.0,25.1,RENT,19.1,1,0,0.329,4276.0,12,7.12,other,0.054,0.056,1
42,29125.0,27.0,OWN,24.0,9,0,0.078,12143.0,12,8.69,other,0.417,0.437,0
53,40691.0,5.5,OWN,33.6,7,0,0.457,3195.0,60,7.1,debt_consolidation,0.016,0.019,1
46,101530.0,7.4,MORTGAGE,23.7,2,0,0.123,3942.0,60,9.75,home_improvement,0.008,0.01,0
30,58159.0,18.1,RENT,11.5,10,0,0.3,11961.0,48,8.88,other,0.051,0.061,0
66,30503.0,3.6,RENT,47.8,3,0,0.679,4691.0,36,9.19,debt_consolidation,0.051,0.059,0
42,35973.0,0.9,MORTGAGE,21.0,6,0,0.183,6647.0,36,4.93,debt_consolidation,0.062,0.066,0
38,77014.0,6.6,MORTGAGE,20.0,8,0,0.411,15358.0,48,11.02,debt_consolidation,0.05,0.062,0
52,89072.0,19.3,RENT,29.1,7,0,0.203,10723.0,24,5.42,debt_consolidation,0.06,0.064,0
43,54662.0,7.2,RENT,24.8,11,1,0.401,7883.0,24,7.28,credit_card,0.072,0.078,0
45,186774.0,9.8,MORTGAGE,24.8,8,1,0.139,23238.0,60,10.54,credit_card,0.025,0.032,0
70,81804.0,3.3,RENT,48.0,4,1,0.126,5510.0,12,7.99,debt_consolidation,0.067,0.07,0
37,47967.0,0.6,MORTGAGE,18.2,8,0,0.616,18327.0,12,10.1,debt_consolidation,0.382,0.403,0
36,36031.0,1.1,MORTGAGE,17.7,7,1,0.409,5776.0,36,10.03,debt_consolidation,0.053,0.062,0
41,33275.0,24.3,RENT,22.4,8,0,0.484,18181.0,36,8.74,major_purchase,0.182,0.208,0
53,64069.0,4.1,RENT,29.2,6,0,0.205,6851.0,36,8.86,small_business,0.036,0.041,0
22,42430.0,0.1,RENT,0.3,4,0,0.201,18481.0,36,8.47,medical,0.145,0.165,0
18,125100.0,18.7,MORTGAGE,0.0,6,0,0.346,6441.0,36,7.04,medical,0.017,0.019,0
33,112776.0,4.1,MORTGAGE,11.2,2,2,0.254,8627.0,24,9.72,credit_card,0.038,0.042,0
20,74350.0,10.9,RENT,0.0,3,1,0.381,10447.0,12,9.02,credit_card,0.141,0.147,0
35,30047.0,4.8,RENT,0.0,11,0,0.476,5065.0,24,11.19,credit_card,0.084,0.094,1
46,38711.0,0.6,RENT,26.5,7,0,0.308,9736.0,12,9.86,credit_card,0.252,0.265,0
29,101503.0,5.7,RENT,5.0,1,0,0.463,32035.0,36,8.0,debt_consolidation,0.105,0.119,1
23,40883.0,35.7,RENT,3.2,11,1,0.296,5048.0,12,9.42,debt_consolidation,0.123,0.13,0
41,94947.0,0.2,MORTGAGE,16.2,9,2,0.2,19854.0,36,11.36,medical,0.07,0.083,0
50,68686.0,11.1,OWN,31.7,6,0,0.389,3107.0,24,8.36,major_purchase,0.023,0.025,0
20,55596.0,1.6,OWN,1.4,9,0,0.079,17243.0,48,10.29,home_improvement,0.078,0.095,0
50,38123.0,3.0,RENT,26.3,5,2,0.359,41513.0,36,7.22,home_improvement,0.363,0.405,0
50,51683.0,2.8,MORTGAGE,26.9,4,0,0.231,9653.0,36,12.09,debt_consolidation,0.062,0.075,0
51,59565.0,13.7,RENT,31.9,5,0,0.225,10026.0,48,10.61,credit_card,0.042,0.052,0
55,90787.0,4.2,RENT,34.3,4,2,0.069,4074.0,36,9.53,other,0.015,0.017,0
66,34792.0,3.6,MORTGAGE,46.6,4,1,0.348,4275.0,24,8.77,small_business,0.061,0.067,0
36,47505.0,10.2,MORTGAGE,18.0,4,0,0.271,15327.0,12,6.77,debt_consolidation,0.323,0.335,0
41,55404.0,0.3,MORTGAGE,22.9,4,0,0.081,16450.0,12,9.84,debt_consolidation,0.297,0.313,0
35,75459.0,0.5,RENT,16.8,6,1,0.39,17113.0,36,8.18,debt_consolidation,0.076,0.086,0
40,34398.0,0.1,OWN,19.3,2,1,0.405,14200.0,48,8.52,small_business,0.103,0.122,0
58,28049.0,7.0,MORTGAGE,39.0,10,1,0.451,6193.0,36,9.21,debt_consolidation,0.074,0.085,0
24,75886.0,4.5,MORTGAGE,5.5,7,0,0.515,10176.0,36,9.54,debt_consolidation,0.045,0.052,0
30,25362.0,12.5,MORTGAGE,3.5,2,0,0.186,3818.0,36,8.54,credit_card,0.05,0.057,0
57,103001.0,4.1,OWN,38.6,8,1,0.254,9035.0,60,9.05,debt_consolidation,0.018,0.022,0
52,50113.0,1.5,RENT,30.6,4,1,0.362,24185.0,48,8.03,small_business,0.121,0.141,1
36,24990.0,9.8,OWN,11.3,4,0,0.251,7142.0,36,7.31,small_business,0.095,0.106,0
50,42608.0,2.1,MORTGAGE,31.5,2,1,0.225,10932.0,36,7.39,credit_card,0.086,0.096,0
44,65484.0,16.5,OWN,25.3,5,1,0.249,29495.0,36,9.32,debt_consolidation,0.15,0.173,0
58,41508.0,1.7,MORTGAGE,37.4,9,1,0.093,5680.0,60,6.44,home_improvement,0.027,0.032,0
41,54722.0,1.1,MORTGAGE,20.9,5,0,0.559,16754.0,48,11.72,credit_card,0.077,0.096,0
52,78436.0,4.1,RENT,31.8,6,0,0.028,4121.0,36,11.61,debt_consolidation,0.018,0.021,0
72,48967.0,0.3,RENT,51.6,4,0,0.342,21323.0,60,8.78,major_purchase,0.087,0.108,0
47,33910.0,0.2,OWN,20.0,3,2,0.052,6152.0,24,7.57,credit_card,0.091,0.098,0
41,46654.0,4.1,MORTGAGE,22.8,7,0,0.165,46881.0,12,7.06,debt_consolidation,1.005,1.044,1
49,109910.0,1.5,RENT,26.7,11,0,0.372,5939.0,24,8.33,debt_consolidation,0.027,0.029,0
36,125811.0,0.1,RENT,17.2,4,0,0.443,17309.0,60,8.65,other,0.028,0.034,0
69,19733.0,2.1,RENT,49.6,7,0,0.113,35043.0,12,7.41,major_purchase,1.776,1.848,0
42,93481.0,3.9,RENT,23.7,6,0,0.419,9531.0,36,10.41,credit_card,0.034,0.04,0
37,61394.0,3.0,OWN,17.2,4,1,0.222,28250.0,60,8.51,home_improvement,0.092,0.113,0
30,85990.0,0.9,MORTGAGE,7.1,5,1,0.085,20690.0,36,10.16,major_purchase,0.08,0.093,0
53,41141.0,5.2,OWN,34.7,6,1,0.296,23727.0,24,8.11,home_improvement,0.288,0.313,0
50,22379.0,7.4,RENT,31.0,4,2,0.08,11456.0,48,8.44,debt_consolidation,0.128,0.151,0
34,72565.0,6.8,MORTGAGE,14.6,9,1,0.488,30328.0,60,8.43,debt_consolidation,0.084,0.103,0
47,33844.0,3.0,MORTGAGE,28.7,6,0,0.248,5844.0,24,9.54,debt_consolidation,0.086,0.095,0
22,27061.0,0.9,OWN,0.0,5,0,0.068,12035.0,48,11.95,credit_card,0.111,0.14,0
42,28024.0,4.2,MORTGAGE,19.4,4,1,0.096,13280.0,48,9.49,home_improvement,0.118,0.143,0
45,73164.0,13.3,RENT,21.6,5,0,0.202,34469.0,36,10.41,credit_card,0.157,0.184,0
60,58089.0,3.8,MORTGAGE,39.4,8,0,0.336,9958.0,36,13.13,credit_card,0.057,0.069,0
31,80116.0,1.3,RENT,10.9,2,1,0.604,6988.0,24,9.08,debt_consolidation,0.044,0.048,0
25,75700.0,0.6,RENT,6.1,6,0,0.084,15795.0,12,6.22,debt_consolidation,0.209,0.216,0
29,43894.0,17.3,OWN,7.8,6,1,0.344,10913.0,48,6.01,debt_consolidation,0.062,0.07,0
24,52301.0,8.2,OWN,4.2,10,1,0.2,24451.0,36,9.61,medical,0.156,0.18,0
56,41952.0,2.3,OWN,27.4,4,1,0.328,25078.0,36,5.94,other,0.199,0.218,0
59,48768.0,2.1,RENT,30.7,5,1,0.489,7064.0,24,8.23,other,0.072,0.079,0
44,33402.0,13.5,MORTGAGE,18.9,6,0,0.197,2671.0,36,6.41,debt_consolidation,0.027,0.029,0
55,65857.0,1.2,MORTGAGE,35.7,6,0,0.357,16052.0,12,8.31,home_improvement,0.244,0.255,0
42,92740.0,4.6,MORTGAGE,22.6,3,0,0.066,12337.0,36,9.57,credit_card,0.044,0.051,0
39,36015.0,7.5,MORTGAGE,15.3,5,1,0.242,27460.0,36,8.79,credit_card,0.254,0.29,1
36,102810.0,3.0,MORTGAGE,14.1,6,1,0.797,5501.0,36,9.71,home_improvement,0.018,0.021,0
36,57340.0,0.2,MORTGAGE,14.3,6,0,0.621,13167.0,24,11.51,debt_consolidation,0.115,0.129,0
21,61117.0,1.6,RENT,2.0,6,1,0.305,4796.0,24,9.04,debt_consolidation,0.039,0.043,1
43,23162.0,13.9,OWN,19.6,4,1,0.076,8604.0,24,10.15,credit_card,0.186,0.206,0
40,21947.0,4.4,RENT,19.4,6,0,0.423,6468.0,36,11.24,other,0.098,0.116,0
49,58224.0,10.1,RENT,29.2,3,0,0.096,18635.0,36,10.43,debt_consolidation,0.107,0.125,0
41,80408.0,4.9,RENT,17.0,3,0,0.163,19916.0,60,8.67,credit_card,0.05,0.061,0
38,38728.0,17.3,RENT,18.5,2,0,0.134,6181.0,12,12.99,major_purchase,0.16,0.171,0
30,124872.0,14.4,RENT,8.8,5,0,0.538,3080.0,12,9.59,credit_card,0.025,0.026,0
41,78235.0,4.0,OWN,21.1,6,0,0.261,13260.0,60,7.66,debt_consolidation,0.034,0.041,0
49,34401.0,2.3,RENT,28.3,8,0,0.374,28671.0,36,7.57,debt_consolidation,0.278,0.311,0
26,55018.0,5.5,MORTGAGE,7.9,7,1,0.2,11068.0,12,9.9,debt_consolidation,0.201,0.212,0
41,186925.0,6.7,RENT,21.1,6,2,0.378,17973.0,48,7.98,debt_consolidation,0.024,0.028,0
43,29107.0,4.1,RENT,22.6,5,1,0.688,19995.0,48,8.46,credit_card,0.172,0.203,0
31,70554.0,10.4,MORTGAGE,11.0,5,0,0.322,10707.0,36,7.58,credit_card,0.051,0.057,0
33,46103.0,1.2,RENT,9.4,10,0,0.091,16366.0,48,9.61,debt_consolidation,0.089,0.107,0
43,77145.0,2.4,RENT,23.9,4,0,0.278,2183.0,36,7.8,debt_consolidation,0.009,0.011,0
26,102093.0,7.0,RENT,1.5,2,0,0.195,5694.0,24,9.98,debt_consolidation,0.028,0.031,0
44,44662.0,1.7,MORTGAGE,24.5,5,1,0.368,21147.0,24,9.62,credit_card,0.237,0.261,0
29,94794.0,3.5,MORTGAGE,7.4,6,0,0.453,15919.0,24,11.78,credit_card,0.084,0.095,0
53,164489.0,19.9,MORTGAGE,34.7,8,0,0.154,16274.0,48,5.45,small_business,0.025,0.028,0
68,56002.0,5.9,RENT,49.3,6,0,0.497,13469.0,12,8.46,other,0.241,0.252,0
30,80213.0,17.9,OWN,7.7,4,0,0.076,17818.0,48,6.73,debt_consolidation,0.056,0.063,0
46,40327.0,7.7,MORTGAGE,28.0,4,0,0.227,12573.0,48,8.28,debt_consolidation,0.078,0.092,0
31,54701.0,7.7,OWN,2.6,8,0,0.324,4554.0,60,7.82,home_improvement,0.017,0.02,0
52,49596.0,5.4,RENT,33.4,7,0,0.652,14464.0,60,10.74,small_business,0.058,0.076,0
25,80698.0,0.9,MORTGAGE,0.1,2,1,0.136,5811.0,36,10.27,credit_card,0.024,0.028,0
46,98947.0,4.4,RENT,25.8,6,1,0.627,7444.0,36,9.36,other,0.025,0.029,0
30,51286.0,1.7,MORTGAGE,9.5,8,0,0.365,15631.0,36,10.62,debt_consolidation,0.102,0.119,0
38,116636.0,39.7,MORTGAGE,19.7,4,0,0.104,4176.0,24,10.68,small_business,0.018,0.02,0
28,116427.0,1.9,RENT,8.6,3,1,0.097,15493.0,36,10.16,debt_consolidation,0.044,0.052,0
50,82737.0,1.6,MORTGAGE,31.5,7,0,0.265,5553.0,24,9.85,home_improvement,0.034,0.037,0
30,41856.0,5.9,MORTGAGE,9.8,6,0,0.201,10864.0,48,7.96,debt_consolidation,0.065,0.076,0
47,39898.0,4.3,MORTGAGE,26.6,3,1,0.347,16850.0,60,9.75,credit_card,0.084,0.107,0
36,36091.0,0.1,MORTGAGE,14.3,5,0,0.192,10627.0,24,12.86,other,0.147,0.168,0
39,87080.0,0.8,MORTGAGE,14.7,6,0,0.346,10327.0,36,10.74,credit_card,0.04,0.046,0
42,29558.0,10.0,RENT,22.1,4,0,0.243,15167.0,24,7.33,debt_consolidation,0.257,0.277,0
31,75995.0,4.0,RENT,12.2,4,0,0.244,23701.0,24,6.1,debt_consolidation,0.156,0.166,0
43,31554.0,0.9,OWN,23.8,3,0,0.444,24979.0,24,7.37,home_improvement,0.396,0.427,0
58,81779.0,3.8,RENT,34.4,7,0,0.304,15222.0,48,6.05,major_purchase,0.047,0.053,0
31,54645.0,1.8,MORTGAGE,12.5,5,0,0.216,40278.0,60,6.96,debt_consolidation,0.147,0.175,0
54,105537.0,1.5,MORTGAGE,33.0,5,1,0.498,5132.0,36,8.97,home_improvement,0.016,0.019,0
58,95868.0,19.0,MORTGAGE,40.0,5,2,0.213,9379.0,24,8.82,debt_consolidation,0.049,0.054,0
30,111027.0,2.7,RENT,11.2,5,1,0.194,8326.0,48,11.2,major_purchase,0.019,0.023,0
23,112466.0,0.3,OWN,2.3,1,0,0.413,11425.0,36,9.58,home_improvement,0.034,0.039,0
44,58210.0,21.1,RENT,24.2,4,1,0.353,26780.0,60,9.44,debt_consolidation,0.092,0.116,0
33,30352.0,9.5,MORTGAGE,13.0,6,0,0.277,6498.0,60,8.44,major_purchase,0.043,0.053,0
62,32008.0,1.8,RENT,40.8,9,1,0.461,16509.0,36,12.38,debt_consolidation,0.172,0.207,0
40,19083.0,3.2,OWN,21.2,5,0,0.389,7689.0,12,9.7,medical,0.403,0.424,0
30,31513.0,11.9,MORTGAGE,11.0,2,1,0.248,6559.0,36,10.6,debt_consolidation,0.069,0.081,1
26,56073.0,2.7,MORTGAGE,4.5,7,0,0.248,3966.0,48,9.4,debt_consolidation,0.018,0.021,0
53,40953.0,5.0,MORTGAGE,32.7,6,0,0.134,12426.0,24,12.21,debt_consolidation,0.152,0.172,0
33,49510.0,4.6,MORTGAGE,15.0,2,1,0.151,4052.0,36,4.22,debt_consolidation,0.027,0.029,0
41,69311.0,3.1,RENT,19.7,4,0,0.166,11585.0,36,8.79,medical,0.056,0.064,0
51,46535.0,6.1,MORTGAGE,30.1,3,0,0.545,10898.0,24,12.87,major_purchase,0.117,0.133,0
34,30918.0,3.8,RENT,15.8,7,0,0.294,9467.0,36,5.85,debt_consolidation,0.102,0.112,0
39,52753.0,0.1,MORTGAGE,16.9,6,0,0.327,7875.0,24,10.54,small_business,0.075,0.083,0
40,34570.0,10.1,MORTGAGE,19.8,5,0,0.143,30669.0,60,8.01,debt_consolidation,0.177,0.216,0
48,47316.0,0.7,MORTGAGE,29.3,2,1,0.552,7089.0,36,10.22,debt_consolidation,0.05,0.058,0
47,106021.0,3.7,MORTGAGE,26.5,4,1,0.225,9643.0,24,10.21,medical,0.045,0.05,0
37,47323.0,5.2,OWN,16.3,1,0,0.142,10759.0,48,9.71,medical,0.057,0.069,0
41,131331.0,7.3,OWN,15.4,4,0,0.252,20093.0,36,10.24,credit_card,0.051,0.059,0
36,110837.0,3.2,RENT,13.9,9,0,0.175,16799.0,36,7.14,small_business,0.051,0.056,0
22,40552.0,8.0,MORTGAGE,2.9,5,0,0.303,7120.0,60,8.7,debt_consolidation,0.035,0.043,0
43,31084.0,0.8,RENT,24.6,3,0,0.173,18768.0,36,10.07,debt_consolidation,0.201,0.234,0
63,52771.0,6.4,RENT,39.2,4,0,0.422,11666.0,60,12.15,debt_consolidation,0.044,0.059,0
29,96439.0,10.5,MORTGAGE,5.4,4,0,0.093,19129.0,24,9.71,small_business,0.099,0.11,1
31,42400.0,13.2,RENT,12.4,5,0,0.636,6624.0,36,10.86,major_purchase,0.052,0.061,1
30,85310.0,5.2,RENT,11.8,4,1,0.259,10934.0,48,4.71,small_business,0.032,0.035,0
49,99133.0,2.3,RENT,27.3,7,1,0.092,16685.0,36,8.01,debt_consolidation,0.056,0.063,0
45,36790.0,1.1,MORTGAGE,23.2,6,1,0.3,13454.0,60,8.06,debt_consolidation,0.073,0.089,0
38,38637.0,2.5,RENT,19.4,7,0,0.053,16684.0,36,7.7,major_purchase,0.144,0.162,0
29,77368.0,4.7,MORTGAGE,7.7,7,1,0.496,22681.0,36,9.14,debt_consolidation,0.098,0.112,0
41,58450.0,1.3,MORTGAGE,22.0,6,1,0.063,15195.0,24,11.11,home_improvement,0.13,0.146,0
21,38444.0,18.3,MORTGAGE,2.1,9,0,0.158,11505.0,36,10.54,major_purchase,0.1,0.117,0
42,45429.0,13.6,OWN,22.8,2,1,0.226,11198.0,24,10.72,credit_card,0.123,0.137,0
50,52299.0,0.2,RENT,29.8,3,0,0.169,11806.0,48,9.93,home_improvement,0.056,0.069,0
25,24775.0,5.0,MORTGAGE,2.1,3,0,0.394,8231.0,48,8.11,major_purchase,0.083,0.098,0
22,79445.0,9.3,RENT,1.9,0,0,0.247,4104.0,36,8.3,debt_consolidation,0.017,0.02,0
59,42645.0,1.7,RENT,39.9,2,0,0.266,7789.0,24,6.89,major_purchase,0.091,0.098,0
33,15000.0,4.5,RENT,8.5,5,1,0.424,7662.0,24,9.15,credit_card,0.255,0.28,1
54,53534.0,3.1,RENT,35.8,7,0,0.161,8210.0,36,7.15,other,0.051,0.057,0
38,37392.0,1.3,MORTGAGE,15.2,8,0,0.28,10679.0,24,8.14,debt_consolidation,0.143,0.155,0
38,126047.0,5.7,MORTGAGE,15.4,2,0,0.275,9961.0,36,7.69,credit_card,0.026,0.03,0
45,40428.0,30.4,RENT,26.1,6,0,0.409,23392.0,60,9.47,other,0.116,0.146,0
29,31294.0,2.7,OWN,10.3,5,0,0.088,8912.0,36,12.57,major_purchase,0.095,0.114,0
42,69840.0,4.8,RENT,17.8,10,0,0.145,10410.0,36,9.83,small_business,0.05,0.058,0
35,38940.0,2.4,RENT,14.5,3,0,0.345,11021.0,24,6.76,other,0.142,0.152,0
24,36690.0,12.6,RENT,5.9,4,0,0.086,5444.0,12,5.72,debt_consolidation,0.148,0.153,0
44,69895.0,12.0,OWN,19.4,3,0,0.203,7079.0,60,7.23,debt_consolidation,0.02,0.024,0
37,32201.0,1.2,MORTGAGE,17.7,10,1,0.287,10167.0,24,9.76,medical,0.158,0.174,0
38,26144.0,13.8,MORTGAGE,18.7,3,0,0.308,11737.0,60,8.57,medical,0.09,0.111,0
25,128412.0,1.0,MORTGAGE,3.9,9,0,0.254,8768.0,36,8.77,debt_consolidation,0.023,0.026,0
59,72385.0,0.6,MORTGAGE,37.8,8,1,0.194,5611.0,24,5.5,other,0.039,0.041,0
51,47472.0,6.3,MORTGAGE,31.7,3,1,0.128,12724.0,12,10.46,home_improvement,0.268,0.283,0
52,54082.0,2.9,RENT,33.5,7,2,0.155,18221.0,36,9.82,debt_consolidation,0.112,0.13,0
36,69768.0,4.5,MORTGAGE,15.6,7,0,0.053,16945.0,60,9.76,credit_card,0.049,0.062,0
19,88139.0,6.3,RENT,0.0,1,0,0.208,26007.0,48,8.41,home_improvement,0.074,0.087,0
63,37124.0,0.3,MORTGAGE,39.1,6,1,0.538,17644.0,12,7.79,home_improvement,0.475,0.496,0
39,65061.0,2.1,MORTGAGE,19.0,5,1,0.269,8736.0,60,9.97,debt_consolidation,0.027,0.034,0
31,42051.0,3.7,OWN,9.9,3,2,0.375,24389.0,24,11.01,debt_consolidation,0.29,0.324,0
45,49292.0,1.9,MORTGAGE,26.8,5,1,0.169,38688.0,36,10.32,medical,0.262,0.305,0
54,58709.0,0.3,RENT,29.3,4,1,0.191,6395.0,36,10.12,medical,0.036,0.042,0
40,53996.0,0.5,MORTGAGE,20.8,6,0,0.104,7738.0,12,10.44,major_purchase,0.143,0.152,0
55,78259.0,9.7,RENT,34.0,3,0,0.105,10236.0,48,7.12,debt_consolidation,0.033,0.038,0
53,69116.0,14.5,RENT,27.6,6,1,0.352,12728.0,24,7.63,debt_consolidation,0.092,0.1,0
27,25487.0,1.0,MORTGAGE,4.0,6,0,0.432,8470.0,60,6.34,home_improvement,0.066,0.078,0
32,27477.0,1.7,MORTGAGE,11.0,1,1,0.157,7890.0,24,7.36,debt_consolidation,0.144,0.155,1
51,45033.0,6.3,RENT,29.4,6,0,0.055,5601.0,36,8.13,major_purchase,0.041,0.047,0
18,135173.0,18.5,RENT,0.0,2,0,0.306,10453.0,48,8.65,credit_card,0.019,0.023,0
38,35391.0,2.1,RENT,15.0,6,0,0.294,5614.0,36,9.8,medical,0.053,0.061,0
23,48820.0,11.6,MORTGAGE,2.2,4,2,0.367,19459.0,48,10.08,debt_consolidation,0.1,0.121,0
34,41433.0,4.2,OWN,12.8,4,1,0.132,13431.0,48,9.71,small_business,0.081,0.098,0
36,41068.0,18.8,RENT,17.5,7,1,0.16,8996.0,48,8.69,credit_card,0.055,0.065,0
36,59226.0,0.9,RENT,16.1,7,0,0.299,10777.0,48,10.25,home_improvement,0.045,0.056,0
33,109140.0,21.8,RENT,13.9,4,0,0.179,12191.0,48,7.62,credit_card,0.028,0.032,0
27,68049.0,3.5,MORTGAGE,7.3,6,0,0.556,8022.0,36,8.07,debt_consolidation,0.039,0.044,0
68,36251.0,18.3,MORTGAGE,46.7,10,0,0.171,23209.0,24,10.48,small_business,0.32,0.356,0
62,214618.0,3.7,RENT,43.5,4,0,0.357,24347.0,36,9.16,debt_consolidation,0.038,0.043,0
26,56347.0,4.5,RENT,7.9,6,0,0.255,16725.0,24,8.16,credit_card,0.148,0.161,0
59,40595.0,9.8,MORTGAGE,39.5,6,1,0.319,11307.0,48,10.69,credit_card,0.07,0.086,0
35,109760.0,7.7,MORTGAGE,15.8,6,1,0.257,30075.0,36,9.7,credit_card,0.091,0.106,0
42,42850.0,5.8,OWN,22.4,8,2,0.306,16683.0,36,8.69,debt_consolidation,0.13,0.148,0
39,124425.0,3.2,RENT,13.0,7,1,0.594,20168.0,48,9.39,other,0.041,0.049,0
32,35055.0,9.4,MORTGAGE,10.3,5,0,0.257,6615.0,36,10.42,debt_consolidation,0.063,0.074,0
52,110748.0,17.8,OWN,32.8,5,0,0.104,6373.0,36,9.93,major_purchase,0.019,0.022,0
42,59906.0,0.1,MORTGAGE,23.4,5,1,0.21,17478.0,12,8.22,major_purchase,0.292,0.305,0
34,103314.0,5.3,MORTGAGE,13.1,4,2,0.192,10865.0,60,4.76,medical,0.021,0.024,0
24,140208.0,12.1,MORTGAGE,2.8,5,0,0.05,12119.0,48,8.25,debt_consolidation,0.022,0.025,0
29,30752.0,6.4,RENT,9.0,6,0,0.289,4403.0,36,9.02,medical,0.048,0.055,0
20,102527.0,9.7,RENT,1.3,6,1,0.397,6716.0,60,5.98,medical,0.013,0.015,0
40,26784.0,13.5,RENT,21.9,2,0,0.156,9797.0,36,7.87,debt_consolidation,0.122,0.137,0
26,32093.0,8.3,MORTGAGE,7.1,5,1,0.138,15839.0,48,10.3,debt_consolidation,0.123,0.151,0
37,36254.0,7.6,MORTGAGE,17.2,10,1,0.342,11947.0,12,8.06,other,0.33,0.344,0
56,69690.0,20.1,OWN,33.3,4,2,0.118,13693.0,48,11.11,credit_card,0.049,0.061,0
54,55078.0,12.0,MORTGAGE,30.2,6,0,0.092,20050.0,48,13.6,other,0.091,0.119,0
40,49833.0,10.1,OWN,20.4,3,0,0.42,12325.0,24,8.97,credit_card,0.124,0.136,0
39,58286.0,0.5,RENT,16.2,4,0,0.363,13468.0,48,8.75,debt_consolidation,0.058,0.069,1
63,72813.0,1.6,MORTGAGE,30.0,7,0,0.301,16734.0,24,12.42,home_improvement,0.115,0.13,0
46,75669.0,4.9,RENT,24.2,9,1,0.185,21156.0,60,11.22,credit_card,0.056,0.073,0
36,93628.0,7.4,RENT,14.1,7,0,0.114,22226.0,12,7.37,debt_consolidation,0.237,0.247,0
23,134594.0,2.2,OWN,0.0,5,0,0.301,13701.0,36,8.01,small_business,0.034,0.038,0
45,53601.0,0.6,RENT,25.8,1,0,0.557,17806.0,60,9.37,medical,0.066,0.083,0
50,41750.0,2.2,RENT,32.0,4,0,0.12,11294.0,48,7.3,other,0.068,0.078,0
32,73627.0,8.8,MORTGAGE,1.0,5,0,0.332,10271.0,36,8.16,home_improvement,0.047,0.053,0
43,30573.0,12.6,MORTGAGE,23.0,3,0,0.151,7886.0,36,9.96,credit_card,0.086,0.1,0
36,38586.0,14.6,RENT,13.4,6,0,0.032,9412.0,48,11.95,home_improvement,0.061,0.077,0
38,89294.0,2.9,MORTGAGE,15.0,8,1,0.099,5346.0,36,9.28,medical,0.02,0.023,0
18,50916.0,2.8,OWN,0.0,4,0,0.236,26411.0,36,12.91,debt_consolidation,0.173,0.209,1
37,29611.0,3.1,MORTGAGE,16.7,4,0,0.306,19759.0,60,8.44,small_business,0.133,0.164,0
52,25722.0,2.8,MORTGAGE,31.7,3,2,0.021,12877.0,36,9.42,credit_card,0.167,0.192,1
32,55512.0,6.6,RENT,13.3,4,0,0.717,6110.0,24,8.58,major_purchase,0.055,0.06,0
41,95889.0,2.7,MORTGAGE,22.6,5,0,0.114,20733.0,48,6.93,credit_card,0.054,0.062,0
31,95251.0,0.1,MORTGAGE,10.6,6,2,0.479,12865.0,36,9.16,credit_card,0.045,0.052,0
44,57265.0,3.5,RENT,25.6,3,0,0.203,6591.0,24,10.66,other,0.058,0.064,0
37,147924.0,1.5,MORTGAGE,17.7,8,0,0.415,30207.0,36,9.7,major_purchase,0.068,0.079,0
29,51410.0,0.2,MORTGAGE,10.4,3,0,0.449,8715.0,24,11.87,major_purchase,0.085,0.096,0
56,50550.0,3.8,MORTGAGE,34.3,2,1,0.514,13545.0,36,10.2,medical,0.089,0.104,0
51,15007.0,1.4,MORTGAGE,26.8,7,0,0.056,21644.0,36,10.44,debt_consolidation,0.481,0.562,0
33,43318.0,3.6,OWN,12.4,5,0,0.387,3329.0,36,10.13,debt_consolidation,0.026,0.03,0
46,82951.0,2.0,MORTGAGE,26.4,1,0,0.153,4975.0,24,8.64,credit_card,0.03,0.033,0
46,118419.0,5.6,MORTGAGE,10.9,5,0,0.574,8669.0,36,7.6,home_improvement,0.024,0.027,0
48,35771.0,28.2,MORTGAGE,29.9,5,0,0.069,25665.0,24,7.98,other,0.359,0.389,0
20,68263.0,4.8,MORTGAGE,0.9,9,1,0.243,25907.0,48,11.04,credit_card,0.095,0.118,0
52,91440.0,6.2,OWN,33.0,5,0,0.449,24059.0,36,11.56,major_purchase,0.088,0.104,0
33,54481.0,15.1,RENT,13.7,3,0,0.454,7344.0,24,9.18,debt_consolidation,0.067,0.074,0
36,17298.0,2.8,RENT,17.2,8,0,0.402,9875.0,24,9.57,debt_consolidation,0.285,0.315,0
72,61307.0,1.1,MORTGAGE,53.1,3,1,0.301,16288.0,48,4.67,medical,0.066,0.073,0
44,79278.0,2.0,RENT,25.1,6,0,0.236,7050.0,36,9.63,major_purchase,0.03,0.034,0
35,33735.0,3.1,MORTGAGE,14.9,9,0,0.244,14570.0,12,9.05,small_business,0.432,0.453,1
18,47711.0,6.2,OWN,0.0,3,1,0.505,13225.0,36,10.54,major_purchase,0.092,0.108,0
57,30402.0,0.0,RENT,35.9,10,0,0.165,8802.0,36,12.19,home_improvement,0.097,0.116,0
24,15000.0,11.5,RENT,3.8,4,0,0.365,10418.0,48,9.61,credit_card,0.174,0.21,0
28,90536.0,0.5,RENT,9.4,4,0,0.165,8619.0,36,7.81,credit_card,0.032,0.036,0
36,54075.0,13.9,MORTGAGE,13.0,5,1,0.261,18730.0,48,4.0,credit_card,0.087,0.094,0
57,120432.0,17.9,RENT,37.1,2,2,0.153,29644.0,36,10.75,small_business,0.082,0.096,0
49,83172.0,27.7,OWN,30.5,1,0,0.207,16728.0,48,6.1,home_improvement,0.05,0.057,0
38,45383.0,9.9,MORTGAGE,19.5,5,1,0.224,25641.0,48,10.35,debt_consolidation,0.141,0.173,0
44,51969.0,0.9,OWN,21.2,5,0,0.811,18222.0,36,10.74,small_business,0.117,0.137,0
33,71904.0,7.3,MORTGAGE,11.4,3,0,0.126,49106.0,48,7.74,debt_consolidation,0.171,0.199,0
42,87855.0,1.4,RENT,21.9,3,0,0.323,16264.0,60,9.56,credit_card,0.037,0.047,0
41,63662.0,13.6,MORTGAGE,21.9,6,0,0.378,2724.0,60,8.5,debt_consolidation,0.009,0.011,0
52,94164.0,2.3,MORTGAGE,32.1,2,0,0.374,8624.0,12,7.68,other,0.092,0.095,0
52,46708.0,2.4,RENT,31.0,5,0,0.24,10625.0,24,7.46,small_business,0.114,0.123,0
46,32907.0,15.0,RENT,21.7,6,0,0.201,6127.0,48,4.98,other,0.047,0.051,0
36,52449.0,0.1,OWN,15.6,5,0,0.226,16275.0,24,9.54,other,0.155,0.171,0
49,60030.0,1.3,OWN,30.0,8,0,0.156,20125.0,24,9.3,debt_consolidation,0.168,0.184,0
39,29710.0,3.3,OWN,20.9,10,1,0.16,16206.0,36,8.84,debt_consolidation,0.182,0.208,0
27,27768.0,7.2,OWN,8.4,3,0,0.272,7028.0,60,6.71,credit_card,0.051,0.06,0
35,67758.0,6.3,OWN,13.8,2,0,0.383,9278.0,24,10.11,debt_consolidation,0.068,0.076,0
41,44215.0,6.6,MORTGAGE,22.5,11,0,0.095,18906.0,24,8.24,home_improvement,0.214,0.233,0
51,49865.0,12.7,RENT,31.0,2,0,0.307,20940.0,48,8.38,credit_card,0.105,0.124,0
38,45259.0,0.8,RENT,16.4,4,0,0.468,35113.0,48,12.4,other,0.194,0.247,1
25,115879.0,4.4,OWN,5.9,8,1,0.172,14778.0,36,9.0,home_improvement,0.043,0.049,0
41,101812.0,7.8,MORTGAGE,19.7,5,0,0.392,23143.0,48,10.11,small_business,0.057,0.069,0
41,29182.0,6.1,MORTGAGE,20.4,6,0,0.333,5897.0,24,9.4,debt_consolidation,0.101,0.111,0
42,41506.0,3.6,RENT,22.3,5,0,0.04,10043.0,48,9.56,home_improvement,0.06,0.073,0
51,82868.0,0.1,RENT,26.2,4,0,0.053,3828.0,36,11.13,small_business,0.015,0.018,0
52,73201.0,0.4,MORTGAGE,30.5,7,1,0.721,7082.0,48,10.15,debt_consolidation,0.024,0.03,0
33,53065.0,0.8,OWN,13.7,2,0,0.154,10730.0,12,10.27,debt_consolidation,0.202,0.214,0
33,30675.0,2.5,RENT,10.1,1,0,0.364,18187.0,12,14.02,small_business,0.593,0.639,0
28,38512.0,0.8,MORTGAGE,6.0,4,1,0.056,9363.0,36,9.77,debt_consolidation,0.081,0.094,0
48,41840.0,3.3,RENT,25.3,3,0,0.441,2795.0,48,7.62,debt_consolidation,0.017,0.019,0
57,62224.0,1.2,RENT,35.9,4,1,0.031,24898.0,36,9.9,credit_card,0.133,0.155,0
36,126990.0,9.1,RENT,16.6,1,0,0.142,15030.0,36,8.94,debt_consolidation,0.039,0.045,0
37,38429.0,12.3,RENT,17.7,3,0,0.273,6239.0,48,9.13,home_improvement,0.041,0.049,0
58,32435.0,3.0,RENT,36.8,7,0,0.056,6129.0,36,7.21,debt_consolidation,0.063,0.07,0
46,51313.0,4.3,RENT,27.6,5,1,0.161,10161.0,12,10.93,other,0.198,0.21,0
45,90751.0,18.4,MORTGAGE,21.9,3,0,0.401,17681.0,24,9.04,debt_consolidation,0.097,0.107,0
26,26280.0,4.6,RENT,6.6,5,1,0.367,26072.0,24,6.9,debt_consolidation,0.496,0.532,0
48,112063.0,31.9,MORTGAGE,27.0,1,0,0.373,8811.0,48,9.82,debt_consolidation,0.02,0.024,0
29,49711.0,0.9,MORTGAGE,8.9,3,1,0.473,7262.0,36,11.81,credit_card,0.049,0.058,0
26,37528.0,11.9,MORTGAGE,5.8,6,0,0.126,7827.0,12,9.95,credit_card,0.209,0.22,0
36,24341.0,4.1,MORTGAGE,14.0,4,0,0.101,9025.0,48,9.0,credit_card,0.093,0.111,0
33,77131.0,0.1,MORTGAGE,12.0,4,0,0.323,23139.0,48,7.59,debt_consolidation,0.075,0.087,0
37,49733.0,21.5,RENT,18.1,10,0,0.342,7031.0,36,9.2,home_improvement,0.047,0.054,0
23,59004.0,20.1,MORTGAGE,4.8,5,0,0.472,11945.0,12,6.41,debt_consolidation,0.202,0.21,0
52,34530.0,2.9,OWN,28.5,8,0,0.466,3257.0,12,13.51,small_business,0.094,0.101,0
54,46187.0,18.5,MORTGAGE,29.5,7,1,0.393,10180.0,24,8.66,credit_card,0.11,0.12,0
18,42477.0,0.9,MORTGAGE,0.0,3,1,0.087,40273.0,60,10.25,debt_consolidation,0.19,0.243,0
52,51519.0,6.8,RENT,32.9,5,0,0.167,9744.0,12,10.89,medical,0.189,0.2,0
30,38763.0,1.3,OWN,11.0,3,0,0.177,9953.0,36,10.61,debt_consolidation,0.086,0.1,0
50,25157.0,1.7,RENT,23.7,5,0,0.226,4872.0,24,13.16,debt_consolidation,0.097,0.111,0
39,211981.0,9.1,RENT,20.3,3,0,0.069,8143.0,36,7.18,major_purchase,0.013,0.014,0
40,27400.0,2.8,MORTGAGE,21.5,3,0,0.196,19370.0,48,7.95,debt_consolidation,0.177,0.207,0
38,59322.0,0.0,MORTGAGE,19.4,2,0,0.142,10522.0,24,13.95,credit_card,0.089,0.102,0
55,22337.0,3.2,MORTGAGE,33.1,4,0,0.044,5445.0,36,10.8,credit_card,0.081,0.095,0
25,19960.0,1.6,MORTGAGE,0.4,1,1,0.016,7666.0,36,8.18,debt_consolidation,0.128,0.145,1
47,56892.0,6.9,MORTGAGE,27.5,3,0,0.3,12584.0,36,4.71,home_improvement,0.074,0.079,0
53,59112.0,1.3,RENT,34.6,1,0,0.186,20563.0,48,8.43,debt_consolidation,0.087,0.103,0
49,101798.0,11.1,RENT,28.4,11,0,0.257,5939.0,24,9.93,debt_consolidation,0.029,0.032,0
68,66156.0,1.9,MORTGAGE,49.3,3,0,0.149,31117.0,36,8.72,debt_consolidation,0.157,0.179,0
34,50267.0,3.0,RENT,15.8,5,0,0.13,9485.0,24,9.71,credit_card,0.094,0.104,0
51,33698.0,2.1,RENT,26.5,5,1,0.54,15041.0,60,7.83,debt_consolidation,0.089,0.108,1
39,114635.0,6.2,RENT,14.9,7,1,0.162,8888.0,36,7.09,major_purchase,0.026,0.029,0
55,86200.0,0.6,RENT,25.8,7,0,0.261,17385.0,36,9.37,debt_consolidation,0.067,0.077,0
40,29052.0,3.9,MORTGAGE,20.1,1,0,0.107,8513.0,48,10.74,major_purchase,0.073,0.09,0
35,55215.0,2.4,MORTGAGE,16.0,2,0,0.366,8143.0,36,10.34,medical,0.049,0.057,0
56,58222.0,12.9,RENT,33.6,5,0,0.277,2334.0,60,8.14,debt_consolidation,0.008,0.01,0
34,45578.0,0.5,OWN,15.4,4,0,0.073,7524.0,24,11.79,debt_consolidation,0.083,0.093,0
23,79692.0,10.6,MORTGAGE,4.2,9,0,0.174,30965.0,48,10.07,credit_card,0.097,0.118,0
34,82114.0,1.1,MORTGAGE,15.1,9,0,0.174,6094.0,36,6.41,debt_consolidation,0.025,0.027,0
47,49255.0,0.6,MORTGAGE,19.9,5,0,0.145,4759.0,12,5.38,credit_card,0.097,0.099,1
57,47078.0,1.4,RENT,35.1,8,0,0.275,8884.0,36,8.07,major_purchase,0.063,0.071,0
41,114632.0,0.6,MORTGAGE,22.6,7,1,0.157,18949.0,48,7.38,home_improvement,0.041,0.048,0
56,86372.0,4.4,MORTGAGE,37.7,7,0,0.407,10338.0,48,6.5,debt_consolidation,0.03,0.034,0
24,56172.0,26.6,MORTGAGE,0.4,5,0,0.256,11731.0,12,7.33,other,0.209,0.217,0
35,23990.0,0.2,OWN,12.1,1,1,0.432,13736.0,12,8.62,credit_card,0.573,0.6,1
37,64344.0,3.7,MORTGAGE,15.7,4,1,0.027,17889.0,24,5.33,medical,0.139,0.147,0
39,76806.0,2.9,MORTGAGE,20.3,2,0,0.215,8300.0,36,7.61,debt_consolidation,0.036,0.04,0
41,15000.0,2.5,MORTGAGE,21.0,5,1,0.371,11379.0,36,9.53,credit_card,0.253,0.292,0
48,61447.0,2.4,RENT,27.2,2,0,0.611,8906.0,12,8.94,other,0.145,0.152,0
35,43987.0,13.5,RENT,8.9,7,0,0.055,10273.0,24,8.96,credit_card,0.117,0.128,0
42,48512.0,0.1,MORTGAGE,23.4,5,0,0.02,5256.0,36,9.9,small_business,0.036,0.042,0
39,34417.0,8.9,RENT,18.8,8,0,0.196,9031.0,36,9.57,small_business,0.087,0.101,0
29,50307.0,1.7,MORTGAGE,10.5,6,0,0.347,13503.0,36,9.07,major_purchase,0.089,0.103,0
39,108662.0,2.9,RENT,19.2,3,0,0.331,8597.0,12,11.92,major_purchase,0.079,0.084,0
38,43339.0,3.3,RENT,19.3,4,2,0.043,6690.0,48,9.53,debt_consolidation,0.039,0.047,0
38,87797.0,2.2,MORTGAGE,14.6,6,1,0.097,3764.0,36,8.18,other,0.014,0.016,0
40,36201.0,0.6,RENT,21.1,5,0,0.439,14305.0,24,8.84,other,0.198,0.216,0
41,79172.0,0.7,RENT,21.4,5,0,0.386,11201.0,12,8.03,small_business,0.141,0.148,0
35,54221.0,2.1,MORTGAGE,15.4,3,1,0.226,9335.0,36,10.1,debt_consolidation,0.057,0.067,0
55,64603.0,10.3,MORTGAGE,31.0,2,0,0.052,13743.0,60,8.23,debt_consolidation,0.043,0.052,0
26,54370.0,0.9,OWN,3.7,7,0,0.264,14831.0,36,10.03,debt_consolidation,0.091,0.106,0
31,74668.0,8.1,MORTGAGE,12.8,3,0,0.203,21259.0,48,9.33,debt_consolidation,0.071,0.086,0
73,15006.0,2.0,RENT,54.8,4,0,0.645,5959.0,36,10.03,debt_consolidation,0.132,0.154,0
28,26638.0,12.9,MORTGAGE,7.6,5,0,0.309,8590.0,60,10.44,medical,0.064,0.083,0
24,66739.0,3.4,MORTGAGE,4.3,6,0,0.618,20240.0,36,6.18,debt_consolidation,0.101,0.111,0
49,19501.0,1.1,RENT,30.0,10,0,0.026,3745.0,24,6.67,debt_consolidation,0.096,0.103,0
18,41552.0,25.5,RENT,0.0,5,1,0.277,21771.0,48,9.73,medical,0.131,0.159,0
37,52724.0,1.2,OWN,18.6,3,0,0.358,7094.0,36,9.55,home_improvement,0.045,0.052,0
66,35808.0,5.0,MORTGAGE,37.0,5,0,0.41,4193.0,48,8.48,home_improvement,0.029,0.035,0
21,38339.0,5.1,MORTGAGE,2.9,2,0,0.554,9787.0,60,7.87,small_business,0.051,0.062,0
18,62056.0,2.8,MORTGAGE,0.0,6,1,0.054,9184.0,24,11.72,credit_card,0.074,0.083,0
22,89738.0,18.2,MORTGAGE,2.9,4,0,0.232,16983.0,36,6.39,other,0.063,0.069,1
51,33549.0,11.1,MORTGAGE,30.9,2,0,0.451,10181.0,24,8.55,other,0.152,0.166,0
53,40638.0,10.6,MORTGAGE,34.3,6,0,0.278,7878.0,36,15.26,credit_card,0.065,0.081,0
34,37585.0,21.9,MORTGAGE,12.0,2,0,0.283,7273.0,24,9.25,credit_card,0.097,0.106,0
48,16144.0,3.7,MORTGAGE,28.7,0,0,0.174,12914.0,24,9.34,debt_consolidation,0.4,0.44,0
57,58154.0,0.6,MORTGAGE,38.9,3,2,0.184,12114.0,36,9.58,major_purchase,0.069,0.08,0
61,86453.0,8.7,MORTGAGE,36.7,1,1,0.303,12188.0,24,4.0,debt_consolidation,0.07,0.073,0
37,90068.0,2.9,OWN,10.4,5,1,0.453,8393.0,60,9.52,debt_consolidation,0.019,0.023,0
18,35053.0,1.3,RENT,0.0,2,0,0.33,17259.0,48,7.43,debt_consolidation,0.123,0.143,1
30,28974.0,4.0,RENT,7.1,5,1,0.134,8864.0,36,7.86,other,0.102,0.115,0
35,54765.0,15.6,MORTGAGE,16.6,7,0,0.208,17336.0,12,6.54,major_purchase,0.317,0.328,0
37,82013.0,1.1,MORTGAGE,18.1,8,0,0.122,26359.0,24,6.56,major_purchase,0.161,0.172,0
38,58538.0,11.3,OWN,18.8,4,0,0.578,14108.0,48,12.87,small_business,0.06,0.077,0
53,62608.0,3.2,OWN,25.3,10,1,0.189,7384.0,48,11.29,credit_card,0.029,0.037,0
55,95886.0,0.9,MORTGAGE,34.8,7,2,0.114,14782.0,48,12.43,home_improvement,0.039,0.049,0
38,37438.0,11.3,OWN,20.0,7,0,0.26,9093.0,12,9.37,major_purchase,0.243,0.255,0
53,48534.0,21.0,RENT,33.6,7,0,0.281,10680.0,36,7.61,other,0.073,0.082,1
44,122676.0,2.1,OWN,26.0,5,1,0.242,5563.0,24,4.91,home_improvement,0.023,0.024,0
41,49099.0,2.2,MORTGAGE,22.2,6,0,0.165,13340.0,48,6.48,home_improvement,0.068,0.077,0
51,28748.0,3.0,MORTGAGE,31.2,7,0,0.332,9802.0,24,11.06,debt_consolidation,0.17,0.191,0
41,38767.0,10.1,RENT,21.8,1,2,0.228,13569.0,12,7.32,medical,0.35,0.364,1
65,33891.0,0.1,MORTGAGE,46.9,5,2,0.417,4019.0,48,7.74,small_business,0.03,0.035,0
23,64769.0,1.5,OWN,4.6,5,0,0.135,9634.0,36,8.23,debt_consolidation,0.05,0.056,0
34,34614.0,7.3,MORTGAGE,13.6,4,0,0.291,3144.0,36,9.4,home_improvement,0.03,0.035,0
38,62039.0,3.1,RENT,16.4,5,0,0.222,12094.0,36,8.41,debt_consolidation,0.065,0.074,0
45,37495.0,2.4,RENT,25.4,8,0,0.451,18672.0,36,7.37,debt_consolidation,0.166,0.186,0
55,18738.0,12.3,MORTGAGE,33.1,8,1,0.254,12828.0,36,6.6,credit_card,0.228,0.252,0
40,63153.0,15.0,RENT,21.5,2,1,0.139,7935.0,24,8.82,debt_consolidation,0.063,0.069,0
23,58351.0,17.7,MORTGAGE,4.6,7,0,0.09,21016.0,60,9.77,credit_card,0.072,0.091,0
50,70184.0,1.9,RENT,26.5,5,0,0.122,12895.0,12,7.37,debt_consolidation,0.184,0.191,1
49,38697.0,14.6,MORTGAGE,29.8,9,0,0.031,5457.0,36,7.39,other,0.047,0.053,0
18,36689.0,8.0,MORTGAGE,0.0,4,0,0.437,11830.0,36,11.23,medical,0.107,0.127,0
40,66220.0,1.0,RENT,13.2,6,1,0.342,7671.0,24,7.98,debt_consolidation,0.058,0.063,0
21,115787.0,5.7,RENT,1.3,5,2,0.486,2954.0,48,9.45,home_improvement,0.006,0.008,0
32,54480.0,0.2,RENT,14.0,6,0,0.656,7679.0,36,8.79,debt_consolidation,0.047,0.054,0
29,66990.0,7.4,RENT,2.7,6,0,0.194,14711.0,24,6.45,credit_card,0.11,0.117,0
50,46129.0,7.9,RENT,32.0,2,0,0.207,7404.0,48,8.21,major_purchase,0.04,0.047,0
41,25039.0,9.3,RENT,19.7,9,1,0.684,5030.0,24,8.72,credit_card,0.1,0.11,0
25,87879.0,1.1,RENT,5.8,8,1,0.318,7647.0,36,6.54,debt_consolidation,0.029,0.032,0
51,85324.0,5.9,RENT,31.1,9,2,0.305,7856.0,60,8.93,debt_consolidation,0.018,0.023,0
23,77295.0,1.2,MORTGAGE,2.6,4,0,0.485,6943.0,60,10.78,debt_consolidation,0.018,0.023,0
44,49465.0,17.6,OWN,24.4,5,0,0.526,13175.0,48,10.41,other,0.067,0.082,0
30,73023.0,6.7,MORTGAGE,7.5,2,1,0.293,6363.0,24,6.24,home_improvement,0.044,0.046,0
36,84701.0,0.6,RENT,10.0,4,1,0.376,16686.0,48,9.31,major_purchase,0.049,0.059,0
46,121793.0,1.2,MORTGAGE,27.7,3,1,0.415,10019.0,36,8.24,credit_card,0.027,0.031,0
46,88811.0,6.5,OWN,23.2,4,0,0.169,9116.0,24,7.58,medical,0.051,0.055,0
56,55933.0,3.9,RENT,37.6,5,0,0.438,3218.0,24,10.47,other,0.029,0.032,0
39,28166.0,8.0,OWN,20.7,4,0,0.474,6841.0,24,9.42,other,0.121,0.134,0
44,58561.0,2.0,MORTGAGE,16.6,6,1,0.277,19176.0,24,8.71,debt_consolidation,0.164,0.179,0
35,61592.0,6.4,MORTGAGE,15.0,7,1,0.315,11041.0,24,6.66,debt_consolidation,0.09,0.096,0
42,77228.0,1.2,RENT,23.5,6,0,0.562,6655.0,60,8.7,medical,0.017,0.021,0
45,106611.0,4.7,MORTGAGE,24.5,5,0,0.162,31059.0,36,8.8,small_business,0.097,0.111,0
39,51659.0,19.0,RENT,20.1,8,2,0.073,12534.0,24,7.24,credit_card,0.121,0.131,0
18,154894.0,5.9,RENT,0.0,4,0,0.086,26542.0,48,10.47,debt_consolidation,0.043,0.053,0
44,22479.0,0.3,OWN,23.1,5,0,0.344,14067.0,60,8.07,debt_consolidation,0.125,0.153,0
44,66814.0,26.9,RENT,19.9,7,1,0.762,12808.0,12,12.3,credit_card,0.192,0.205,0
32,36342.0,1.0,RENT,14.0,2,1,0.124,14425.0,48,9.36,major_purchase,0.099,0.119,0
25,20877.0,7.6,RENT,6.3,2,1,0.269,8011.0,36,9.67,credit_card,0.128,0.148,0
58,48977.0,4.6,RENT,39.7,5,1,0.285,14939.0,36,12.36,credit_card,0.102,0.122,0
46,26145.0,2.1,RENT,27.7,0,0,0.392,8576.0,24,12.03,credit_card,0.164,0.185,0
37,49975.0,1.2,MORTGAGE,10.3,3,1,0.227,5392.0,24,7.91,debt_consolidation,0.054,0.059,0
26,55126.0,1.2,RENT,0.0,7,0,0.386,11487.0,36,9.91,debt_consolidation,0.069,0.081,0
30,94776.0,11.7,OWN,7.8,7,1,0.214,5764.0,48,9.79,home_improvement,0.015,0.018,0
56,25494.0,12.4,RENT,34.9,2,0,0.171,4159.0,36,9.97,debt_consolidation,0.054,0.063,0
42,85325.0,3.8,RENT,18.3,7,1,0.058,17531.0,12,9.91,medical,0.205,0.217,0
33,56899.0,0.7,RENT,14.8,5,1,0.341,16494.0,48,9.5,credit_card,0.072,0.087,0
46,90619.0,12.9,RENT,27.6,8,0,0.242,23277.0,48,9.46,credit_card,0.064,0.077,0
30,43657.0,4.0,MORTGAGE,10.9,5,0,0.176,7246.0,36,12.34,debt_consolidation,0.055,0.066,0
58,27830.0,3.5,MORTGAGE,34.6,6,0,0.265,7533.0,60,7.08,debt_consolidation,0.054,0.064,0
56,29474.0,3.1,RENT,36.1,3,0,0.287,14384.0,24,7.95,major_purchase,0.244,0.265,0
34,28399.0,2.7,RENT,13.9,8,0,0.154,7898.0,48,9.12,debt_consolidation,0.07,0.083,0
32,68796.0,4.5,MORTGAGE,13.2,5,0,0.169,5338.0,36,11.09,credit_card,0.026,0.031,0
18,113376.0,5.6,MORTGAGE,0.0,9,2,0.351,7657.0,36,9.42,major_purchase,0.023,0.026,0
22,40844.0,3.8,RENT,0.0,5,2,0.585,4727.0,24,10.42,debt_consolidation,0.058,0.064,0
24,74204.0,13.6,OWN,4.8,6,0,0.22,8732.0,36,10.68,medical,0.039,0.046,0
42,25293.0,2.3,RENT,21.1,4,2,0.329,44792.0,24,9.36,debt_consolidation,0.885,0.974,0
36,59288.0,5.2,RENT,16.8,6,1,0.267,3700.0,24,6.52,small_business,0.031,0.033,0
24,75681.0,2.1,RENT,1.3,8,2,0.158,4617.0,36,6.2,credit_card,0.02,0.022,0
37,26264.0,8.4,RENT,17.1,6,0,0.447,75890.0,36,7.61,home_improvement,0.963,1.08,0
46,48926.0,0.6,RENT,26.8,8,1,0.377,16829.0,48,8.65,debt_consolidation,0.086,0.102,1
46,77494.0,1.3,MORTGAGE,26.4,6,0,0.085,18172.0,60,11.11,debt_consolidation,0.047,0.061,0
18,15000.0,9.7,RENT,0.0,3,0,0.362,8228.0,12,9.71,major_purchase,0.549,0.578,0
38,105633.0,1.2,MORTGAGE,14.0,2,0,0.067,9310.0,36,8.06,other,0.029,0.033,0
23,64656.0,5.9,MORTGAGE,0.0,5,0,0.239,12813.0,24,9.21,small_business,0.099,0.109,0
51,77526.0,21.1,OWN,31.1,1,0,0.136,9963.0,36,6.55,credit_card,0.043,0.047,0
49,44075.0,4.4,MORTGAGE,30.2,0,0,0.33,17839.0,36,10.82,debt_consolidation,0.135,0.159,0
29,22894.0,1.2,MORTGAGE,7.7,2,0,0.381,3894.0,36,9.71,debt_consolidation,0.057,0.066,0
31,70759.0,2.3,RENT,11.2,4,0,0.359,7696.0,48,7.77,other,0.027,0.032,0
34,51985.0,10.4,RENT,15.1,3,0,0.33,11305.0,60,9.06,other,0.043,0.054,0
18,55053.0,2.6,RENT,0.0,6,0,0.297,7691.0,60,6.53,credit_card,0.028,0.033,0
44,93321.0,7.7,MORTGAGE,19.4,3,0,0.261,22709.0,36,11.37,debt_consolidation,0.081,0.096,0
37,79303.0,9.0,MORTGAGE,14.2,6,1,0.31,21979.0,24,7.23,major_purchase,0.139,0.149,0
52,141580.0,4.2,OWN,28.7,8,0,0.281,9609.0,48,8.08,debt_consolidation,0.017,0.02,0
27,58508.0,9.2,MORTGAGE,7.3,10,0,0.175,23309.0,48,12.37,home_improvement,0.1,0.127,0
33,38346.0,2.3,MORTGAGE,10.8,5,2,0.302,4378.0,48,6.03,debt_consolidation,0.029,0.032,0
22,49306.0,4.4,OWN,1.4,6,1,0.3,2939.0,60,9.02,debt_consolidation,0.012,0.015,0
28,66691.0,7.0,RENT,8.6,3,0,0.429,13281.0,12,8.87,small_business,0.199,0.209,0
26,90033.0,1.1,RENT,2.5,7,1,0.359,3754.0,36,10.73,small_business,0.014,0.016,0
52,26016.0,1.9,RENT,13.9,4,1,0.266,11298.0,60,8.38,debt_consolidation,0.087,0.107,0
32,54408.0,6.3,RENT,7.1,7,2,0.09,12583.0,60,7.01,credit_card,0.046,0.055,0
41,121148.0,6.4,MORTGAGE,18.5,6,0,0.422,6944.0,24,10.22,home_improvement,0.029,0.032,0
35,48045.0,4.1,MORTGAGE,12.9,4,0,0.275,18317.0,36,10.22,major_purchase,0.127,0.148,0
25,86293.0,9.5,RENT,3.8,3,0,0.372,13837.0,60,10.72,small_business,0.032,0.042,0
38,69325.0,3.9,MORTGAGE,14.2,4,0,0.077,12441.0,36,7.41,home_improvement,0.06,0.067,0
47,87372.0,12.8,OWN,27.0,5,1,0.451,9543.0,24,8.93,debt_consolidation,0.055,0.06,0
26,36139.0,8.0,MORTGAGE,7.4,10,0,0.189,5639.0,36,9.54,credit_card,0.052,0.06,0
50,36218.0,2.3,RENT,27.6,7,2,0.198,16224.0,48,7.04,credit_card,0.112,0.129,0
30,54728.0,3.0,MORTGAGE,4.4,7,1,0.151,15162.0,12,10.52,small_business,0.277,0.293,0
34,25182.0,6.6,MORTGAGE,14.7,4,0,0.281,16876.0,36,5.77,small_business,0.223,0.244,1
46,47341.0,13.5,MORTGAGE,23.4,5,0,0.348,26876.0,24,9.48,home_improvement,0.284,0.313,0
32,61478.0,1.2,MORTGAGE,13.0,6,0,0.598,28390.0,24,8.21,debt_consolidation,0.231,0.251,1
40,132233.0,4.3,OWN,13.4,8,0,0.015,17898.0,48,8.84,home_improvement,0.034,0.04,0
36,66261.0,0.8,MORTGAGE,14.5,2,0,0.327,40654.0,36,10.23,credit_card,0.205,0.238,0
42,74059.0,2.0,MORTGAGE,21.5,5,0,0.248,17860.0,48,8.71,credit_card,0.06,0.072,0
18,96978.0,6.9,MORTGAGE,0.0,6,0,0.489,15093.0,24,10.13,credit_card,0.078,0.086,0
18,33445.0,0.5,RENT,0.0,2,0,0.374,13793.0,24,10.32,home_improvement,0.206,0.229,1
47,49884.0,6.5,RENT,22.3,2,0,0.196,10418.0,24,9.07,small_business,0.104,0.115,0
52,182172.0,13.9,MORTGAGE,27.1,5,0,0.035,13242.0,36,4.37,medical,0.024,0.026,0
29,52075.0,20.9,OWN,10.8,0,0,0.157,11819.0,24,10.42,home_improvement,0.113,0.126,0
37,94676.0,1.5,RENT,18.6,4,0,0.157,9258.0,12,9.52,credit_card,0.098,0.103,0
44,87717.0,8.3,MORTGAGE,20.8,11,0,0.514,10906.0,36,6.68,major_purchase,0.041,0.046,0
48,25873.0,15.7,RENT,21.2,2,3,0.296,15695.0,48,7.75,debt_consolidation,0.152,0.177,0
18,63275.0,0.6,MORTGAGE,0.0,6,0,0.038,6327.0,36,6.84,home_improvement,0.033,0.037,0
29,58301.0,3.2,MORTGAGE,11.0,2,0,0.277,25599.0,60,7.93,credit_card,0.088,0.107,0
36,63894.0,15.1,RENT,16.8,4,0,0.456,11403.0,36,9.74,credit_card,0.059,0.069,0
48,37158.0,1.4,OWN,28.6,7,0,0.06,14336.0,48,7.91,small_business,0.096,0.113,1
70,30994.0,16.3,OWN,47.7,3,1,0.249,9711.0,36,11.18,home_improvement,0.104,0.123,0
37,42702.0,4.5,OWN,18.9,7,0,0.139,20758.0,48,11.65,medical,0.122,0.153,0
23,51591.0,0.6,RENT,4.3,4,0,0.207,13932.0,60,6.5,credit_card,0.054,0.063,0
45,97977.0,3.6,MORTGAGE,20.3,5,0,0.313,18037.0,48,7.31,other,0.046,0.053,0
56,134411.0,2.4,RENT,37.5,6,0,0.064,14079.0,48,5.48,small_business,0.026,0.029,0
41,108912.0,2.0,RENT,18.7,7,3,0.486,60235.0,48,6.25,credit_card,0.138,0.157,0
29,83291.0,4.7,RENT,9.7,4,0,0.714,6851.0,36,6.75,other,0.027,0.03,0
51,32788.0,4.0,OWN,29.7,3,0,0.213,12763.0,48,8.51,major_purchase,0.097,0.115,0
48,44159.0,3.9,MORTGAGE,29.8,4,0,0.315,6428.0,60,8.98,debt_consolidation,0.029,0.036,0
28,60172.0,0.6,RENT,9.0,1,1,0.227,14476.0,36,10.85,credit_card,0.08,0.094,0
45,39489.0,9.7,MORTGAGE,25.3,5,0,0.163,10586.0,24,6.71,debt_consolidation,0.134,0.144,0
52,72302.0,3.9,OWN,28.2,7,0,0.311,23254.0,12,7.36,debt_consolidation,0.322,0.335,1
54,77671.0,10.3,MORTGAGE,33.5,5,3,0.378,6362.0,60,7.49,credit_card,0.016,0.02,1
39,70838.0,10.4,RENT,20.9,1,0,0.573,14518.0,24,12.3,debt_consolidation,0.102,0.116,0
36,90451.0,2.3,RENT,13.1,2,0,0.224,7823.0,24,9.27,home_improvement,0.043,0.048,0
55,34465.0,0.0,MORTGAGE,36.8,5,0,0.167,5086.0,60,8.12,credit_card,0.03,0.036,0
25,86372.0,14.5,MORTGAGE,0.0,4,0,0.093,4144.0,60,7.53,home_improvement,0.01,0.012,0
45,38261.0,8.6,OWN,26.3,6,1,0.233,2808.0,60,10.48,debt_consolidation,0.015,0.019,0
24,33845.0,0.7,RENT,4.0,2,0,0.127,17989.0,24,11.09,debt_consolidation,0.266,0.298,0
53,70690.0,7.3,RENT,34.8,3,0,0.317,5526.0,36,8.08,credit_card,0.026,0.029,0
37,99502.0,0.1,OWN,16.5,4,0,0.351,69821.0,36,12.34,major_purchase,0.234,0.281,0
55,69148.0,0.2,MORTGAGE,34.9,8,0,0.169,12406.0,48,10.26,credit_card,0.045,0.055,0
46,54743.0,4.5,MORTGAGE,26.4,9,1,0.495,8268.0,24,10.71,major_purchase,0.076,0.084,0
25,63264.0,0.6,RENT,6.9,5,1,0.08,6036.0,60,11.87,debt_consolidation,0.019,0.025,0
57,58001.0,20.0,RENT,32.7,10,0,0.244,22990.0,24,10.31,home_improvement,0.198,0.22,0
59,30854.0,13.5,RENT,36.1,5,0,0.385,15350.0,60,6.4,debt_consolidation,0.1,0.117,0
51,29106.0,6.3,RENT,30.0,4,1,0.085,6195.0,36,8.63,other,0.071,0.081,0
31,52083.0,0.4,RENT,10.5,10,0,0.272,14338.0,24,9.63,debt_consolidation,0.138,0.152,0
36,56383.0,2.4,RENT,14.4,9,0,0.264,8075.0,36,10.75,credit_card,0.048,0.056,0
42,54484.0,2.8,RENT,23.5,7,0,0.577,7931.0,60,9.77,home_improvement,0.029,0.037,0
32,75967.0,3.9,MORTGAGE,5.9,9,1,0.393,11109.0,36,8.5,debt_consolidation,0.049,0.055,0
60,48643.0,1.1,RENT,41.0,5,0,0.327,15993.0,36,8.76,home_improvement,0.11,0.125,0
42,71789.0,5.2,RENT,20.8,6,0,0.29,9581.0,24,10.33,debt_consolidation,0.067,0.074,0
18,50398.0,3.4,MORTGAGE,0.0,6,0,0.084,19163.0,36,11.24,credit_card,0.127,0.15,0
44,134818.0,17.7,RENT,23.0,0,3,0.173,13538.0,36,9.69,major_purchase,0.033,0.039,0
36,56407.0,16.5,RENT,11.7,3,1,0.21,18131.0,36,7.52,medical,0.107,0.12,1
39,174619.0,5.0,RENT,19.9,3,0,0.116,20585.0,24,12.47,debt_consolidation,0.059,0.067,0
36,64602.0,6.2,OWN,13.9,4,0,0.242,11294.0,48,8.7,credit_card,0.044,0.052,0
50,48687.0,0.9,RENT,29.3,5,1,0.243,7189.0,48,7.86,other,0.037,0.043,0
53,34554.0,1.5,RENT,34.8,4,0,0.329,16730.0,12,6.62,small_business,0.484,0.502,0
43,26332.0,13.9,RENT,23.4,4,0,0.318,2849.0,36,9.53,debt_consolidation,0.036,0.042,0
36,33001.0,7.2,RENT,12.5,2,1,0.152,11679.0,36,12.93,credit_card,0.118,0.143,1
40,34898.0,1.3,MORTGAGE,20.9,8,0,0.104,10706.0,24,9.09,medical,0.153,0.168,0
40,66000.0,5.1,RENT,20.0,4,0,0.131,16555.0,24,10.19,small_business,0.125,0.139,0
30,41644.0,16.4,OWN,10.0,4,1,0.646,6048.0,36,11.47,other,0.048,0.057,0
47,59484.0,2.5,MORTGAGE,26.1,2,0,0.265,13358.0,36,9.05,credit_card,0.075,0.086,0
46,102846.0,1.2,RENT,21.5,9,1,0.228,20568.0,24,7.57,small_business,0.1,0.108,0
58,51849.0,17.1,MORTGAGE,39.4,3,0,0.345,12291.0,60,5.98,medical,0.047,0.055,0
55,153212.0,3.7,MORTGAGE,34.9,4,0,0.251,26469.0,36,8.23,other,0.058,0.065,0
32,30094.0,3.2,RENT,12.3,4,0,0.147,36631.0,48,9.33,debt_consolidation,0.304,0.366,0
50,50247.0,1.9,MORTGAGE,30.9,5,0,0.118,9835.0,36,11.34,debt_consolidation,0.065,0.077,0
29,41371.0,13.3,MORTGAGE,3.4,7,0,0.672,15574.0,60,9.85,major_purchase,0.075,0.096,0
48,86531.0,11.2,MORTGAGE,30.0,7,1,0.515,9038.0,48,9.44,small_business,0.026,0.031,1
34,17678.0,3.1,RENT,15.6,8,0,0.231,8562.0,60,9.72,home_improvement,0.097,0.123,0
28,26329.0,0.2,OWN,6.0,5,0,0.269,9903.0,24,8.17,debt_consolidation,0.188,0.204,1
43,51345.0,3.6,MORTGAGE,24.1,5,3,0.153,14731.0,48,4.93,other,0.072,0.079,0
18,117676.0,1.2,MORTGAGE,0.0,6,0,0.358,12657.0,48,11.29,debt_consolidation,0.027,0.034,0
19,60653.0,0.9,MORTGAGE,0.0,8,0,0.37,4925.0,36,11.69,home_improvement,0.027,0.032,0
38,27563.0,3.0,MORTGAGE,19.1,9,1,0.336,7476.0,36,9.87,major_purchase,0.09,0.105,0
41,29775.0,0.6,OWN,22.4,12,0,0.218,21752.0,36,12.17,major_purchase,0.244,0.292,0
36,125053.0,18.9,MORTGAGE,17.5,6,0,0.241,10232.0,36,11.55,debt_consolidation,0.027,0.032,0
21,39713.0,0.3,RENT,2.3,3,1,0.129,18075.0,60,8.59,home_improvement,0.091,0.112,0
30,33810.0,3.1,OWN,11.1,8,0,0.423,42458.0,24,6.45,credit_card,0.628,0.671,1
45,113401.0,1.1,RENT,20.9,5,0,0.071,10859.0,60,9.85,debt_consolidation,0.019,0.024,0
47,89819.0,7.0,MORTGAGE,24.6,5,0,0.549,15891.0,36,8.11,major_purchase,0.059,0.067,0
40,102440.0,0.5,OWN,22.0,3,1,0.533,7266.0,36,11.81,major_purchase,0.024,0.028,0
54,33691.0,4.7,RENT,29.8,6,1,0.162,6137.0,36,8.63,small_business,0.061,0.069,0
45,25272.0,8.9,RENT,26.8,4,0,0.283,2318.0,24,10.85,small_business,0.046,0.051,0
31,57906.0,18.0,MORTGAGE,9.8,4,0,0.371,8457.0,12,7.07,debt_consolidation,0.146,0.152,0
37,64059.0,7.2,RENT,18.5,5,0,0.446,3542.0,60,4.0,debt_consolidation,0.011,0.012,0
23,65010.0,0.6,RENT,4.8,4,0,0.167,5687.0,48,6.8,debt_consolidation,0.022,0.025,0
39,113447.0,0.6,MORTGAGE,16.7,8,0,0.186,25693.0,24,7.42,home_improvement,0.113,0.122,1
53,22768.0,7.9,MORTGAGE,33.1,8,1,0.225,15347.0,48,11.56,debt_consolidation,0.169,0.211,0
48,83270.0,1.5,RENT,27.3,4,2,0.292,21076.0,60,9.3,major_purchase,0.051,0.063,0
57,31310.0,3.6,OWN,37.3,4,0,0.676,12113.0,60,5.53,major_purchase,0.077,0.089,1
36,83106.0,22.5,MORTGAGE,17.8,3,0,0.152,5102.0,48,8.31,debt_consolidation,0.015,0.018,0
56,42724.0,10.3,MORTGAGE,34.0,3,1,0.221,4326.0,36,9.25,debt_consolidation,0.034,0.039,0
38,36063.0,11.2,MORTGAGE,14.8,1,0,0.289,12793.0,24,9.59,debt_consolidation,0.177,0.196,0
58,39937.0,11.8,RENT,39.9,2,0,0.466,14629.0,24,5.78,medical,0.183,0.194,0
40,26297.0,5.8,RENT,20.6,3,1,0.31,18942.0,36,4.87,major_purchase,0.24,0.259,0
48,55283.0,8.2,RENT,27.6,7,0,0.576,3407.0,36,12.32,debt_consolidation,0.021,0.025,0
58,36815.0,2.7,MORTGAGE,37.2,7,0,0.748,11746.0,36,10.65,debt_consolidation,0.106,0.125,0
38,80270.0,38.8,MORTGAGE,17.4,4,0,0.073,6438.0,12,11.6,credit_card,0.08,0.085,0
43,74610.0,2.0,RENT,21.5,2,1,0.386,16957.0,48,7.74,other,0.057,0.066,0
55,126005.0,5.3,RENT,26.8,3,2,0.422,21674.0,36,11.65,debt_consolidation,0.057,0.068,0
38,65066.0,2.0,MORTGAGE,18.5,5,1,0.491,4676.0,36,10.11,debt_consolidation,0.024,0.028,1
24,70287.0,0.7,MORTGAGE,3.6,4,0,0.295,13103.0,60,9.61,small_business,0.037,0.047,0
66,109103.0,5.0,OWN,44.4,3,2,0.128,8121.0,36,4.17,small_business,0.025,0.026,0
34,39584.0,2.6,MORTGAGE,13.3,9,0,0.097,12399.0,60,10.92,home_improvement,0.063,0.082,0
42,25742.0,5.3,RENT,22.5,3,0,0.253,8697.0,36,10.39,home_improvement,0.113,0.132,0
54,59877.0,4.9,MORTGAGE,33.1,3,1,0.376,7207.0,60,9.29,major_purchase,0.024,0.03,0
33,26600.0,4.7,OWN,11.8,4,0,0.445,6645.0,12,8.97,medical,0.25,0.262,0
28,184789.0,0.8,RENT,7.4,1,1,0.179,6292.0,36,10.19,debt_consolidation,0.011,0.013,0
43,112168.0,3.5,RENT,24.3,5,0,0.069,7513.0,12,6.37,small_business,0.067,0.069,0
18,159850.0,10.0,MORTGAGE,0.0,6,1,0.156,9861.0,48,11.84,debt_consolidation,0.015,0.019,1
37,55895.0,2.3,RENT,12.5,3,0,0.343,35704.0,48,8.87,credit_card,0.16,0.19,0
43,71345.0,3.5,MORTGAGE,18.9,1,0,0.327,6403.0,12,4.48,small_business,0.09,0.092,0
37,43056.0,4.1,RENT,14.8,8,0,0.319,7548.0,48,11.65,debt_consolidation,0.044,0.055,0
21,84243.0,11.9,MORTGAGE,0.0,6,0,0.388,12090.0,36,8.89,major_purchase,0.048,0.055,0
59,29502.0,6.4,MORTGAGE,40.5,7,1,0.589,7808.0,12,12.45,major_purchase,0.265,0.283,0
41,15191.0,0.6,RENT,21.2,3,0,0.09,3016.0,24,6.85,other,0.099,0.107,0
57,36485.0,12.0,OWN,38.6,4,1,0.16,12991.0,60,10.42,major_purchase,0.071,0.092,0
37,26167.0,10.7,MORTGAGE,13.9,8,0,0.216,6484.0,60,10.71,credit_card,0.05,0.064,0
29,113433.0,8.4,MORTGAGE,10.0,6,1,0.258,13652.0,12,10.54,debt_consolidation,0.12,0.127,0
43,134301.0,3.8,MORTGAGE,20.6,5,0,0.084,21669.0,36,9.8,home_improvement,0.054,0.062,0
37,26864.0,8.5,MORTGAGE,13.9,4,0,0.515,12303.0,36,9.18,debt_consolidation,0.153,0.175,0
26,103348.0,3.9,RENT,1.3,7,0,0.201,12073.0,60,8.51,debt_consolidation,0.023,0.029,0
58,87177.0,8.0,RENT,35.8,2,0,0.38,2867.0,48,10.15,debt_consolidation,0.008,0.01,0
33,24714.0,12.7,MORTGAGE,12.5,13,1,0.304,10688.0,36,12.31,debt_consolidation,0.144,0.173,0
18,44572.0,13.3,OWN,0.0,7,0,0.257,7754.0,24,8.5,debt_consolidation,0.087,0.095,0
56,40535.0,3.6,MORTGAGE,36.8,9,0,0.401,9642.0,24,7.09,medical,0.119,0.128,0
34,78747.0,11.8,MORTGAGE,15.4,8,0,0.063,6799.0,24,6.07,debt_consolidation,0.043,0.046,0
33,29308.0,0.6,MORTGAGE,14.6,3,2,0.419,7392.0,36,9.55,major_purchase,0.084,0.097,0
19,51563.0,0.6,OWN,0.4,3,0,0.143,5718.0,24,9.36,credit_card,0.055,0.061,0
61,38447.0,4.8,MORTGAGE,34.8,4,0,0.52,14166.0,36,10.94,debt_consolidation,0.123,0.145,0
25,68643.0,6.3,MORTGAGE,6.5,4,0,0.352,20037.0,60,7.46,credit_card,0.058,0.07,1
41,48611.0,1.0,MORTGAGE,19.1,4,0,0.635,24121.0,36,8.88,debt_consolidation,0.165,0.189,0
51,41456.0,3.8,RENT,32.4,7,1,0.086,8845.0,36,11.21,debt_consolidation,0.071,0.084,0
45,48696.0,0.6,MORTGAGE,15.9,1,0,0.112,10828.0,12,10.04,major_purchase,0.222,0.235,0
39,149945.0,5.5,MORTGAGE,19.6,8,0,0.413,6415.0,48,8.08,debt_consolidation,0.011,0.013,0
20,43983.0,11.6,RENT,0.4,4,0,0.378,9187.0,60,9.27,debt_consolidation,0.042,0.052,0
30,32193.0,8.0,MORTGAGE,10.4,6,0,0.212,13910.0,48,6.0,debt_consolidation,0.108,0.122,0
42,72527.0,2.9,OWN,18.9,5,0,0.225,13440.0,60,9.34,debt_consolidation,0.037,0.047,0
31,50425.0,30.5,RENT,12.3,2,0,0.431,10750.0,60,8.97,major_purchase,0.043,0.053,0
42,26699.0,6.5,RENT,18.7,5,1,0.173,7644.0,24,9.54,debt_consolidation,0.143,0.158,0
48,165338.0,10.1,MORTGAGE,26.8,7,0,0.202,6583.0,48,8.75,debt_consolidation,0.01,0.012,0
52,45422.0,6.6,MORTGAGE,33.3,1,0,0.565,21046.0,36,9.37,debt_consolidation,0.154,0.178,0
25,44849.0,27.3,MORTGAGE,6.8,6,0,0.361,23631.0,24,11.19,home_improvement,0.263,0.295,0
66,58684.0,10.3,RENT,43.5,9,0,0.153,11999.0,48,10.15,major_purchase,0.051,0.062,0
49,128677.0,4.4,RENT,30.3,7,2,0.122,5726.0,60,10.06,home_improvement,0.009,0.011,0
40,23391.0,2.7,MORTGAGE,15.4,4,0,0.31,9392.0,24,11.57,debt_consolidation,0.201,0.226,0
53,62193.0,6.9,RENT,34.6,2,0,0.562,9804.0,36,7.58,small_business,0.053,0.059,0
68,153835.0,5.4,OWN,47.1,4,0,0.569,16843.0,12,9.81,small_business,0.109,0.115,1
23,57778.0,6.0,MORTGAGE,1.5,7,0,0.488,22560.0,24,7.89,credit_card,0.195,0.212,0
37,29212.0,2.5,MORTGAGE,15.8,4,1,0.097,4197.0,36,7.98,home_improvement,0.048,0.054,0
18,39767.0,3.4,MORTGAGE,0.0,1,0,0.353,4683.0,60,12.26,medical,0.024,0.032,0
42,60081.0,4.9,RENT,17.7,5,0,0.417,23010.0,36,13.91,credit_card,0.128,0.157,0
44,105388.0,11.0,RENT,21.6,4,1,0.42,33106.0,24,9.12,credit_card,0.157,0.172,0
40,45722.0,8.6,RENT,19.9,4,1,0.197,7547.0,24,9.19,credit_card,0.083,0.091,0
32,81906.0,0.8,RENT,11.2,3,2,0.166,5494.0,36,8.21,major_purchase,0.022,0.025,0
18,26432.0,1.7,RENT,0.0,7,0,0.263,25512.0,60,8.23,debt_consolidation,0.193,0.236,1
44,26321.0,0.2,OWN,17.2,3,0,0.369,16566.0,60,8.17,debt_consolidation,0.126,0.154,0
57,42557.0,0.0,MORTGAGE,32.2,4,1,0.219,10291.0,48,6.78,debt_consolidation,0.06,0.069,0
33,111192.0,1.5,MORTGAGE,14.2,5,0,0.251,6469.0,12,7.18,small_business,0.058,0.06,0
45,56075.0,9.6,MORTGAGE,26.1,8,0,0.295,23073.0,36,7.64,credit_card,0.137,0.154,0
21,62624.0,14.1,RENT,0.0,7,1,0.404,2555.0,36,9.85,major_purchase,0.014,0.016,0
45,62258.0,3.0,RENT,26.2,6,0,0.34,52298.0,36,9.76,debt_consolidation,0.28,0.324,0
35,94335.0,5.0,RENT,7.8,8,0,0.121,6887.0,12,9.75,major_purchase,0.073,0.077,0
31,39930.0,7.3,MORTGAGE,9.9,5,0,0.209,15356.0,36,8.53,debt_consolidation,0.128,0.146,0
31,76431.0,18.3,MORTGAGE,12.8,3,1,0.345,21285.0,60,7.43,credit_card,0.056,0.067,0
35,35759.0,14.6,MORTGAGE,15.8,3,2,0.068,5186.0,36,9.16,medical,0.048,0.055,0
45,146040.0,0.4,RENT,25.1,1,3,0.096,15694.0,36,7.27,other,0.036,0.04,0
24,36308.0,1.7,OWN,0.6,6,2,0.236,17724.0,60,9.46,debt_consolidation,0.098,0.123,0
35,34850.0,0.3,MORTGAGE,15.8,9,0,0.269,12034.0,36,12.57,major_purchase,0.115,0.139,0
40,71313.0,5.8,RENT,20.9,5,0,0.029,3712.0,36,13.69,debt_consolidation,0.017,0.021,0
27,56381.0,7.4,MORTGAGE,1.4,5,0,0.154,8657.0,36,7.31,small_business,0.051,0.057,0
62,63795.0,2.2,OWN,43.8,4,0,0.26,3426.0,36,9.64,debt_consolidation,0.018,0.021,0
30,60697.0,11.5,RENT,9.6,6,0,0.391,7684.0,36,9.71,debt_consolidation,0.042,0.049,0
32,31408.0,3.6,RENT,11.9,5,0,0.195,11981.0,48,10.11,home_improvement,0.095,0.116,0
28,121380.0,38.6,OWN,9.8,6,1,0.401,11340.0,36,8.03,credit_card,0.031,0.035,0
62,84692.0,0.0,MORTGAGE,43.7,4,0,0.305,15418.0,36,14.26,debt_consolidation,0.061,0.075,0
47,106881.0,0.7,OWN,27.6,2,0,0.123,5821.0,48,6.03,debt_consolidation,0.014,0.015,0
29,41599.0,2.2,OWN,10.6,1,0,0.434,2179.0,60,7.79,major_purchase,0.01,0.013,0
53,66720.0,0.2,MORTGAGE,33.0,1,0,0.105,9781.0,48,9.4,credit_card,0.037,0.044,0
42,59795.0,9.1,MORTGAGE,21.2,5,0,0.445,12953.0,12,9.47,home_improvement,0.217,0.228,0
43,95225.0,0.3,MORTGAGE,21.5,4,1,0.117,15167.0,36,8.21,debt_consolidation,0.053,0.06,0
36,96773.0,8.3,MORTGAGE,15.6,6,0,0.021,33006.0,36,4.14,other,0.114,0.121,0
31,59666.0,0.3,MORTGAGE,11.6,6,2,0.414,7676.0,60,6.19,home_improvement,0.026,0.03,0
44,25362.0,1.7,RENT,25.6,4,0,0.403,14305.0,24,11.1,major_purchase,0.282,0.316,0
33,131904.0,11.0,RENT,14.1,5,0,0.401,14861.0,36,13.59,credit_card,0.038,0.046,0
62,71539.0,18.1,MORTGAGE,42.4,8,1,0.226,20856.0,12,5.27,other,0.292,0.3,0
25,39966.0,3.2,MORTGAGE,0.0,3,0,0.143,10528.0,48,8.01,debt_consolidation,0.066,0.077,0
58,66388.0,21.0,OWN,39.3,4,1,0.494,27340.0,36,7.49,small_business,0.137,0.154,0
39,25450.0,5.9,MORTGAGE,19.4,1,0,0.231,14783.0,60,8.6,medical,0.116,0.143,0
44,91828.0,3.2,MORTGAGE,22.0,7,0,0.456,15592.0,60,7.35,home_improvement,0.034,0.041,0
50,25962.0,9.7,RENT,28.3,6,0,0.393,12732.0,12,14.14,small_business,0.49,0.529,0
32,48513.0,2.1,RENT,3.9,5,1,0.651,8555.0,24,7.2,home_improvement,0.088,0.095,0
50,61220.0,1.9,RENT,31.4,3,0,0.1,12225.0,24,8.76,debt_consolidation,0.1,0.109,0
18,91073.0,6.4,MORTGAGE,0.0,9,0,0.276,11302.0,36,9.26,major_purchase,0.041,0.048,0
31,57141.0,3.0,RENT,11.8,5,2,0.463,28307.0,24,10.18,debt_consolidation,0.248,0.275,0
29,74420.0,0.9,OWN,10.5,6,0,0.089,19193.0,60,9.63,small_business,0.052,0.065,0
25,53419.0,0.4,RENT,4.6,5,1,0.558,9987.0,36,9.43,credit_card,0.062,0.072,0
37,53311.0,9.3,RENT,12.1,9,0,0.171,8649.0,36,9.43,small_business,0.054,0.062,0
45,56542.0,6.8,RENT,23.5,3,1,0.061,4623.0,48,8.33,debt_consolidation,0.02,0.024,0
48,49290.0,3.2,MORTGAGE,29.6,7,0,0.564,19242.0,60,8.66,small_business,0.078,0.096,0
43,23312.0,13.6,MORTGAGE,24.6,5,0,0.192,21406.0,36,9.44,home_improvement,0.306,0.353,0
32,36895.0,3.2,RENT,6.7,6,1,0.036,9565.0,36,9.46,home_improvement,0.086,0.1,0
44,61230.0,7.4,MORTGAGE,24.0,4,1,0.406,1618.0,36,8.53,home_improvement,0.009,0.01,0
41,47831.0,14.4,RENT,15.3,8,0,0.209,13692.0,24,7.33,debt_consolidation,0.143,0.154,0
51,50116.0,11.0,OWN,29.0,9,1,0.536,7670.0,36,7.53,small_business,0.051,0.057,0
49,46089.0,4.3,RENT,16.0,4,2,0.227,12042.0,48,8.45,debt_consolidation,0.065,0.077,0
40,35179.0,6.8,MORTGAGE,15.9,4,0,0.345,9444.0,60,5.67,debt_consolidation,0.054,0.062,0
29,42338.0,3.2,MORTGAGE,9.4,2,1,0.104,15708.0,36,11.51,home_improvement,0.124,0.147,0
32,46471.0,6.3,MORTGAGE,9.7,6,0,0.188,18995.0,36,8.87,debt_consolidation,0.136,0.156,0
33,54316.0,1.8,RENT,13.1,5,0,0.462,11138.0,60,9.42,other,0.041,0.052,0
36,65952.0,3.4,MORTGAGE,17.2,2,0,0.444,7192.0,12,12.95,home_improvement,0.109,0.117,0
43,49500.0,1.4,OWN,24.2,4,0,0.071,13814.0,60,10.93,credit_card,0.056,0.073,0
49,32376.0,0.2,RENT,29.5,4,0,0.791,17869.0,36,9.68,small_business,0.184,0.213,0
39,26929.0,5.3,MORTGAGE,20.6,3,0,0.75,29367.0,36,7.5,debt_consolidation,0.364,0.407,0
40,198535.0,12.0,OWN,21.4,10,2,0.382,34663.0,36,9.8,debt_consolidation,0.058,0.067,1
42,30795.0,0.2,RENT,21.9,5,0,0.729,9008.0,36,8.25,credit_card,0.098,0.11,0
34,41801.0,1.3,RENT,6.8,5,0,0.248,6156.0,24,10.73,credit_card,0.074,0.082,0
29,70158.0,3.7,RENT,8.4,6,1,0.358,18817.0,24,6.71,debt_consolidation,0.134,0.144,0
19,64889.0,6.6,RENT,0.0,2,1,0.128,8221.0,60,9.2,debt_consolidation,0.025,0.032,0
32,70293.0,1.1,RENT,13.2,4,0,0.554,11968.0,36,7.0,small_business,0.057,0.063,0
46,43419.0,0.4,RENT,27.3,0,1,0.155,15119.0,12,8.55,home_improvement,0.348,0.365,0
32,61040.0,4.4,MORTGAGE,10.8,8,0,0.504,9743.0,24,6.64,home_improvement,0.08,0.085,1
37,55864.0,10.2,MORTGAGE,13.3,5,0,0.193,21770.0,48,7.32,debt_consolidation,0.097,0.113,0
46,46348.0,0.2,MORTGAGE,26.5,4,1,0.446,10089.0,36,9.67,major_purchase,0.073,0.084,0
46,61249.0,2.6,RENT,25.6,5,0,0.298,10030.0,48,9.48,credit_card,0.041,0.049,0
27,91829.0,6.5,OWN,5.3,5,0,0.295,5478.0,12,8.91,debt_consolidation,0.06,0.063,0
52,53578.0,0.8,MORTGAGE,33.8,2,1,0.47,4269.0,36,6.81,debt_consolidation,0.027,0.029,0
54,53757.0,1.6,RENT,34.7,5,0,0.228,18973.0,60,10.47,credit_card,0.071,0.091,0
26,92418.0,4.6,OWN,4.1,4,1,0.487,10990.0,36,6.19,home_improvement,0.04,0.044,0
30,87613.0,18.4,MORTGAGE,8.5,3,0,0.289,13988.0,24,8.63,debt_consolidation,0.08,0.087,0
54,119607.0,2.0,MORTGAGE,35.8,2,1,0.793,18902.0,12,9.02,medical,0.158,0.166,0
38,22514.0,4.0,OWN,19.2,3,0,0.299,5185.0,36,10.18,home_improvement,0.077,0.089,0
18,85183.0,3.1,RENT,0.0,3,0,0.379,8322.0,48,9.37,home_improvement,0.024,0.029,0
23,73188.0,13.7,OWN,4.1,7,0,0.192,18749.0,36,6.18,debt_consolidation,0.085,0.094,0
37,34793.0,0.4,RENT,13.9,4,1,0.548,16132.0,24,8.6,credit_card,0.232,0.253,0
26,61439.0,5.0,MORTGAGE,7.9,3,1,0.347,10490.0,36,7.86,debt_consolidation,0.057,0.064,0
35,91634.0,11.2,MORTGAGE,16.4,3,0,0.268,9226.0,36,8.8,debt_consolidation,0.034,0.038,0
40,35790.0,26.6,RENT,21.0,5,0,0.182,8954.0,48,8.82,other,0.063,0.074,0
58,67594.0,7.2,MORTGAGE,32.2,8,1,0.356,16539.0,48,9.93,credit_card,0.061,0.074,0
37,83757.0,2.9,MORTGAGE,14.2,5,0,0.227,59406.0,36,11.05,medical,0.236,0.279,0
53,31713.0,3.2,MORTGAGE,28.5,3,3,0.305,6609.0,36,6.98,credit_card,0.069,0.077,0
57,50456.0,2.6,RENT,37.3,4,0,0.581,38252.0,24,11.56,debt_consolidation,0.379,0.426,0
57,62974.0,5.6,OWN,33.8,4,1,0.177,5136.0,24,9.44,debt_consolidation,0.041,0.045,0
43,36386.0,8.1,MORTGAGE,19.2,9,0,0.22,4495.0,48,7.96,major_purchase,0.031,0.036,0
18,34906.0,10.3,RENT,0.0,7,1,0.121,5668.0,60,10.04,other,0.032,0.041,0
46,50639.0,3.2,OWN,12.4,2,1,0.31,35978.0,48,7.72,medical,0.178,0.207,0
53,80888.0,7.6,MORTGAGE,29.3,8,0,0.128,3754.0,36,8.24,major_purchase,0.015,0.018,0
39,74747.0,14.9,MORTGAGE,10.0,6,0,0.087,6783.0,36,5.51,debt_consolidation,0.03,0.033,0
61,35217.0,15.2,MORTGAGE,37.0,7,0,0.439,8763.0,36,10.5,other,0.083,0.097,0
50,75063.0,7.3,MORTGAGE,27.5,5,1,0.246,13543.0,36,7.19,credit_card,0.06,0.067,0
47,35669.0,6.1,RENT,20.4,4,1,0.225,13550.0,24,12.88,small_business,0.19,0.216,0
53,24220.0,4.5,MORTGAGE,33.4,5,0,0.227,11472.0,60,9.96,credit_card,0.095,0.121,0
44,45091.0,1.2,RENT,21.4,1,0,0.628,8852.0,36,6.01,major_purchase,0.065,0.072,0
18,94986.0,0.8,RENT,0.0,6,0,0.428,5004.0,36,9.31,debt_consolidation,0.018,0.02,0
34,75206.0,4.0,RENT,12.0,7,1,0.309,7930.0,36,9.15,home_improvement,0.035,0.04,0
54,54134.0,1.0,MORTGAGE,31.4,12,0,0.26,30084.0,48,7.66,debt_consolidation,0.139,0.162,0
30,43987.0,5.2,MORTGAGE,8.2,10,0,0.416,19503.0,36,9.72,debt_consolidation,0.148,0.171,0
37,44583.0,6.2,MORTGAGE,13.3,6,0,0.127,17928.0,48,8.56,debt_consolidation,0.101,0.119,0
27,57205.0,4.5,OWN,7.4,2,0,0.231,3440.0,12,9.62,credit_card,0.06,0.063,0
61,31754.0,0.2,MORTGAGE,40.6,4,1,0.22,11578.0,36,15.49,credit_card,0.122,0.153,0
60,45522.0,0.4,RENT,42.0,3,0,0.182,7108.0,36,12.6,home_improvement,0.052,0.063,0
29,48641.0,0.7,MORTGAGE,10.5,2,0,0.178,18378.0,48,8.52,debt_consolidation,0.094,0.112,0
42,27569.0,1.0,MORTGAGE,20.9,2,0,0.636,7407.0,36,9.15,home_improvement,0.09,0.103,0
32,35624.0,27.6,OWN,11.5,5,2,0.279,6636.0,12,8.2,home_improvement,0.186,0.195,0
47,66520.0,2.5,RENT,28.3,5,0,0.109,6860.0,60,5.68,other,0.021,0.024,0
46,54435.0,2.1,MORTGAGE,27.2,9,0,0.041,5129.0,36,7.63,credit_card,0.031,0.035,0
50,46426.0,0.3,RENT,30.7,6,0,0.18,18036.0,48,8.07,home_improvement,0.097,0.114,0
44,34348.0,6.1,RENT,22.2,7,1,0.242,10158.0,60,9.74,major_purchase,0.059,0.075,0
75,119184.0,6.3,OWN,54.2,4,0,0.349,10128.0,24,8.15,debt_consolidation,0.042,0.046,0
28,35632.0,1.2,OWN,9.8,4,0,0.069,6287.0,48,8.84,other,0.044,0.053,0
19,61439.0,15.1,RENT,0.0,6,0,0.195,16266.0,36,7.99,major_purchase,0.088,0.1,0
35,42449.0,9.7,OWN,16.1,5,0,0.394,5525.0,24,8.11,credit_card,0.065,0.071,0
21,55168.0,1.6,MORTGAGE,0.0,3,0,0.177,9673.0,36,5.37,home_improvement,0.058,0.063,0
22,68105.0,4.0,MORTGAGE,3.6,10,0,0.789,29058.0,12,8.6,debt_consolidation,0.427,0.447,0
28,27306.0,3.7,RENT,0.0,7,1,0.449,21241.0,24,9.12,other,0.389,0.427,0
29,53997.0,2.6,MORTGAGE,10.7,3,0,0.278,47277.0,12,8.73,credit_card,0.876,0.918,1
29,98259.0,10.2,MORTGAGE,6.9,7,1,0.195,13210.0,36,7.15,credit_card,0.045,0.05,0
46,130712.0,0.7,RENT,25.7,4,0,0.387,10371.0,36,11.64,debt_consolidation,0.026,0.031,0
34,50767.0,3.2,RENT,15.7,7,1,0.579,18507.0,36,8.1,small_business,0.122,0.137,0
38,55317.0,3.4,OWN,19.9,6,0,0.191,6599.0,48,10.1,home_improvement,0.03,0.036,0
51,163680.0,3.8,OWN,31.6,13,2,0.315,36867.0,48,10.07,credit_card,0.056,0.069,0
31,95555.0,11.9,RENT,8.1,4,0,0.169,28916.0,24,9.69,home_improvement,0.151,0.167,0
37,39789.0,1.5,RENT,18.9,10,0,0.126,9887.0,48,8.66,other,0.062,0.074,0
44,39756.0,0.7,MORTGAGE,22.3,7,0,0.183,5179.0,24,7.53,other,0.065,0.07,0
18,87402.0,5.8,MORTGAGE,0.0,2,1,0.41,35900.0,36,8.86,home_improvement,0.137,0.156,0
18,32679.0,1.1,OWN,0.0,6,1,0.01,10453.0,48,10.18,small_business,0.08,0.098,0
44,93327.0,0.5,OWN,25.8,5,0,0.353,4609.0,60,10.87,medical,0.01,0.013,0
46,64033.0,3.3,RENT,20.6,4,0,0.254,15454.0,36,9.48,debt_consolidation,0.08,0.093,1
65,70183.0,1.5,MORTGAGE,45.9,3,0,0.131,20478.0,12,7.59,home_improvement,0.292,0.304,0
42,47650.0,2.7,MORTGAGE,23.6,7,2,0.248,37746.0,36,11.02,debt_consolidation,0.264,0.311,0
50,39541.0,1.8,MORTGAGE,28.6,5,2,0.43,20373.0,36,10.97,small_business,0.172,0.202,0
38,112532.0,0.6,MORTGAGE,19.3,4,0,0.121,23350.0,36,11.48,debt_consolidation,0.069,0.082,0
44,47889.0,4.9,MORTGAGE,24.1,6,1,0.224,11014.0,36,9.21,debt_consolidation,0.077,0.088,0
60,44114.0,0.2,RENT,41.8,1,1,0.09,2695.0,48,11.26,home_improvement,0.015,0.019,0
18,52049.0,20.4,MORTGAGE,0.0,2,0,0.432,7263.0,60,8.94,other,0.028,0.035,0
45,59666.0,2.5,RENT,25.2,3,0,0.188,23531.0,48,12.99,debt_consolidation,0.099,0.127,0
66,32357.0,7.1,OWN,26.9,7,0,0.322,10042.0,48,8.92,small_business,0.078,0.093,0
43,40846.0,10.0,MORTGAGE,23.5,8,1,0.273,15134.0,12,12.31,home_improvement,0.371,0.396,0
60,39775.0,2.0,RENT,40.7,6,2,0.382,7981.0,24,8.96,debt_consolidation,0.1,0.11,0
32,82672.0,8.3,RENT,6.6,8,1,0.797,2984.0,60,7.82,debt_consolidation,0.007,0.009,0
40,34788.0,10.7,MORTGAGE,20.8,5,0,0.226,3768.0,36,9.03,home_improvement,0.036,0.041,0
40,22519.0,1.7,OWN,20.3,2,2,0.171,28601.0,48,9.38,credit_card,0.318,0.382,1
18,20261.0,29.4,MORTGAGE,0.0,10,0,0.642,9224.0,36,8.88,debt_consolidation,0.152,0.173,0
26,25973.0,0.1,MORTGAGE,0.0,4,1,0.31,5400.0,48,8.55,debt_consolidation,0.052,0.062,0
27,107020.0,1.5,MORTGAGE,8.7,5,1,0.34,7497.0,48,9.24,debt_consolidation,0.018,0.021,0
50,54617.0,9.1,MORTGAGE,27.6,3,1,0.334,12199.0,60,6.66,home_improvement,0.045,0.053,0
50,69607.0,1.3,MORTGAGE,29.7,8,0,0.125,11375.0,12,10.88,major_purchase,0.163,0.173,0
44,70845.0,7.2,MORTGAGE,25.8,4,1,0.387,19180.0,60,4.87,credit_card,0.054,0.061,0
50,55720.0,11.6,OWN,32.0,6,0,0.171,35783.0,60,8.91,home_improvement,0.128,0.16,0
38,52188.0,19.2,RENT,11.8,4,0,0.075,15837.0,24,13.03,small_business,0.152,0.173,0
54,91333.0,3.9,MORTGAGE,31.9,4,0,0.197,5264.0,36,9.34,other,0.019,0.022,0
40,58279.0,21.3,OWN,18.5,4,0,0.399,5677.0,12,9.09,debt_consolidation,0.097,0.102,0
41,109049.0,3.2,RENT,21.3,6,0,0.068,15753.0,60,6.08,debt_consolidation,0.029,0.034,0
37,73896.0,1.5,MORTGAGE,18.2,4,0,0.155,8397.0,24,10.82,debt_consolidation,0.057,0.063,0
48,39779.0,4.3,RENT,26.6,3,0,0.33,8523.0,24,9.65,home_improvement,0.107,0.118,0
35,42253.0,6.3,RENT,14.2,5,0,0.201,11578.0,36,8.53,debt_consolidation,0.091,0.104,0
52,37657.0,3.7,RENT,30.1,3,0,0.409,7415.0,60,5.19,debt_consolidation,0.039,0.045,0
26,99586.0,5.0,RENT,6.6,5,0,0.24,9283.0,60,9.65,small_business,0.019,0.024,0
27,44244.0,3.2,MORTGAGE,0.0,3,0,0.259,13260.0,60,9.12,debt_consolidation,0.06,0.075,1
48,36343.0,4.5,MORTGAGE,29.8,5,0,0.131,5968.0,48,10.91,medical,0.041,0.051,0
39,63569.0,18.3,RENT,20.8,7,1,0.377,16062.0,48,12.11,credit_card,0.063,0.08,0
35,51607.0,4.2,RENT,9.5,5,0,0.097,13719.0,24,10.22,home_improvement,0.133,0.148,0
51,62773.0,1.8,MORTGAGE,29.9,2,0,0.132,15629.0,48,4.46,other,0.062,0.068,0
33,139373.0,8.5,MORTGAGE,13.8,7,1,0.195,25966.0,24,10.67,debt_consolidation,0.093,0.104,0
38,85523.0,2.5,RENT,15.7,6,0,0.39,11350.0,36,8.98,other,0.044,0.051,0
57,54913.0,10.2,MORTGAGE,37.2,2,1,0.09,11783.0,48,6.36,medical,0.054,0.061,0
58,26790.0,0.4,MORTGAGE,39.9,8,1,0.213,7762.0,36,11.69,small_business,0.097,0.115,0
59,42193.0,2.4,MORTGAGE,37.8,9,0,0.381,11289.0,48,9.09,debt_consolidation,0.067,0.08,0
37,77306.0,0.6,RENT,18.2,10,0,0.311,5264.0,24,8.26,major_purchase,0.034,0.037,0
55,30166.0,0.5,MORTGAGE,36.6,7,0,0.103,7179.0,36,8.54,small_business,0.079,0.09,0
29,158021.0,6.4,OWN,10.2,4,1,0.144,8891.0,60,6.85,credit_card,0.011,0.013,0
29,54568.0,2.9,MORTGAGE,9.1,6,0,0.602,5212.0,60,4.61,other,0.019,0.021,1
18,55516.0,12.3,MORTGAGE,0.0,6,2,0.136,2161.0,48,8.17,debt_consolidation,0.01,0.011,0
60,38819.0,4.4,RENT,35.6,5,0,0.465,13322.0,36,10.65,small_business,0.114,0.134,0
30,69450.0,2.1,MORTGAGE,9.5,4,0,0.391,19292.0,12,11.53,home_improvement,0.278,0.295,0
38,30364.0,7.7,OWN,19.0,7,1,0.614,5726.0,48,9.31,credit_card,0.047,0.057,0
29,159923.0,5.9,RENT,7.5,6,1,0.262,11826.0,36,9.09,small_business,0.025,0.028,0
48,104681.0,9.6,OWN,25.1,3,1,0.638,3469.0,36,6.48,debt_consolidation,0.011,0.012,0
35,88623.0,6.2,RENT,14.1,4,0,0.259,8845.0,24,9.43,debt_consolidation,0.05,0.055,0
24,27032.0,1.1,OWN,5.3,5,0,0.423,22283.0,36,8.28,credit_card,0.275,0.311,0
45,60036.0,6.7,RENT,26.6,2,0,0.076,6735.0,60,6.63,major_purchase,0.022,0.026,0
23,99165.0,3.0,RENT,0.0,4,0,0.453,3337.0,24,10.59,major_purchase,0.017,0.019,0
30,72879.0,3.7,MORTGAGE,11.2,4,0,0.272,24024.0,12,5.88,debt_consolidation,0.33,0.34,0
18,32825.0,15.3,MORTGAGE,0.0,4,0,0.233,5270.0,24,9.97,credit_card,0.08,0.089,0
23,39142.0,2.7,RENT,1.9,3,0,0.345,6889.0,48,11.36,debt_consolidation,0.044,0.055,0
42,43219.0,5.7,MORTGAGE,23.5,2,0,0.24,19063.0,24,6.93,home_improvement,0.221,0.237,0
18,40066.0,2.7,MORTGAGE,0.0,6,0,0.432,13652.0,60,7.75,credit_card,0.068,0.082,0
22,116354.0,0.6,MORTGAGE,0.0,8,0,0.255,6468.0,12,9.94,home_improvement,0.056,0.059,0
40,20733.0,3.6,MORTGAGE,19.2,6,0,0.195,13732.0,24,7.6,debt_consolidation,0.331,0.358,0
33,75204.0,5.5,OWN,9.6,8,0,0.14,4797.0,36,10.4,major_purchase,0.021,0.025,0
64,28392.0,3.1,OWN,44.1,2,0,0.048,3798.0,48,10.5,credit_card,0.033,0.041,0
62,33502.0,3.0,MORTGAGE,39.3,7,0,0.35,16949.0,48,8.12,small_business,0.126,0.149,0
30,19834.0,10.3,RENT,8.9,6,1,0.329,11193.0,24,10.81,small_business,0.282,0.315,1
47,41170.0,0.2,MORTGAGE,28.9,6,0,0.232,37990.0,36,9.91,other,0.308,0.357,1
49,115308.0,2.1,RENT,22.1,8,0,0.139,17690.0,48,7.67,debt_consolidation,0.038,0.045,0
33,61847.0,10.0,MORTGAGE,9.1,4,0,0.048,3852.0,48,10.53,medical,0.016,0.019,0
22,29757.0,15.2,RENT,0.0,4,1,0.382,32651.0,36,8.99,small_business,0.366,0.419,0
40,90091.0,3.2,MORTGAGE,18.1,4,0,0.169,9591.0,60,10.08,debt_consolidation,0.021,0.027,0
38,100273.0,13.2,MORTGAGE,18.4,10,0,0.106,9088.0,24,8.13,home_improvement,0.045,0.049,0
35,57069.0,1.3,MORTGAGE,16.3,3,0,0.484,5696.0,36,11.56,debt_consolidation,0.033,0.04,0
45,149848.0,1.5,MORTGAGE,26.4,2,1,0.197,25005.0,36,9.29,major_purchase,0.056,0.064,0
31,81698.0,11.2,RENT,12.5,8,1,0.387,4968.0,36,9.07,other,0.02,0.023,0
26,76216.0,14.0,MORTGAGE,7.3,10,1,0.28,7203.0,36,13.52,debt_consolidation,0.032,0.038,0
41,36254.0,1.5,MORTGAGE,20.6,4,0,0.26,9451.0,36,9.6,debt_consolidation,0.087,0.1,1
45,74139.0,0.4,OWN,23.5,4,0,0.366,14826.0,12,10.39,credit_card,0.2,0.211,0
26,60379.0,0.6,RENT,6.9,7,0,0.175,9468.0,60,8.76,debt_consolidation,0.031,0.039,0
51,70257.0,1.8,OWN,30.6,4,0,0.101,8140.0,24,8.64,home_improvement,0.058,0.063,0
19,38473.0,8.6,RENT,0.0,7,0,0.269,28433.0,48,5.86,debt_consolidation,0.185,0.208,0
33,57760.0,4.3,MORTGAGE,11.4,3,0,0.33,6519.0,48,11.21,major_purchase,0.028,0.035,0
37,36011.0,3.6,MORTGAGE,5.6,3,0,0.18,48306.0,36,10.24,major_purchase,0.447,0.521,0
32,18517.0,5.3,MORTGAGE,10.5,3,1,0.06,6599.0,12,8.75,home_improvement,0.356,0.373,0
33,89246.0,13.3,MORTGAGE,14.8,5,1,0.286,22157.0,12,9.96,credit_card,0.248,0.262,0
62,25561.0,0.6,MORTGAGE,42.1,5,1,0.138,16895.0,36,10.26,small_business,0.22,0.257,0
30,57159.0,7.1,MORTGAGE,7.6,6,0,0.402,29072.0,12,6.35,debt_consolidation,0.509,0.526,0
69,63991.0,15.7,MORTGAGE,48.7,6,0,0.259,10401.0,48,8.78,credit_card,0.041,0.048,0
45,63786.0,1.4,RENT,17.9,2,1,0.491,20402.0,36,6.08,other,0.107,0.117,0
41,47026.0,10.9,MORTGAGE,22.8,7,0,0.199,6044.0,12,11.21,home_improvement,0.129,0.136,0
46,62044.0,7.2,MORTGAGE,27.0,4,0,0.19,10496.0,36,9.36,debt_consolidation,0.056,0.065,0
70,68561.0,0.1,OWN,51.3,2,0,0.128,10451.0,36,8.81,credit_card,0.051,0.058,0
28,78236.0,1.6,MORTGAGE,5.6,7,1,0.175,7421.0,60,12.96,debt_consolidation,0.019,0.026,0
27,128891.0,5.6,RENT,6.8,8,0,0.168,5535.0,12,11.07,small_business,0.043,0.046,0
31,60907.0,4.2,MORTGAGE,12.6,6,0,0.589,11700.0,24,11.06,credit_card,0.096,0.108,0
40,55939.0,4.5,RENT,21.0,11,0,0.044,27278.0,36,10.6,small_business,0.163,0.19,0
19,34428.0,1.6,MORTGAGE,0.0,7,0,0.189,21361.0,36,9.61,debt_consolidation,0.207,0.239,0
40,67371.0,6.7,RENT,5.3,5,0,0.175,7044.0,36,8.03,debt_consolidation,0.035,0.039,1
60,75636.0,1.9,RENT,40.6,10,0,0.368,9588.0,24,7.26,small_business,0.063,0.068,0
42,49210.0,3.0,MORTGAGE,23.5,3,0,0.189,7191.0,36,7.2,debt_consolidation,0.049,0.054,0
36,71133.0,2.8,MORTGAGE,15.9,6,0,0.269,10064.0,48,7.94,credit_card,0.035,0.041,0
33,46805.0,6.7,OWN,13.9,4,2,0.502,7013.0,24,7.85,major_purchase,0.075,0.081,1
51,75773.0,0.6,MORTGAGE,30.5,4,0,0.108,10866.0,60,4.0,debt_consolidation,0.029,0.032,0
30,85503.0,1.4,MORTGAGE,10.1,6,0,0.331,5176.0,36,9.64,debt_consolidation,0.02,0.023,0
62,84907.0,1.3,OWN,40.5,2,1,0.259,13964.0,48,10.07,credit_card,0.041,0.05,1
63,57464.0,0.7,MORTGAGE,37.6,7,0,0.638,23783.0,12,9.7,home_improvement,0.414,0.436,1
43,32209.0,1.4,MORTGAGE,24.3,9,0,0.659,14230.0,12,15.1,debt_consolidation,0.442,0.479,0
40,39896.0,5.6,MORTGAGE,16.8,6,0,0.238,9635.0,36,9.05,small_business,0.081,0.092,0
52,72954.0,7.9,OWN,25.1,7,0,0.121,33892.0,24,10.94,home_improvement,0.232,0.26,0
53,184316.0,6.5,MORTGAGE,33.6,5,1,0.121,11038.0,36,10.62,home_improvement,0.02,0.023,1
30,45690.0,3.9,RENT,11.6,3,1,0.269,10636.0,48,6.67,credit_card,0.058,0.066,0
34,68045.0,0.3,MORTGAGE,10.8,5,1,0.537,13185.0,36,9.47,small_business,0.065,0.074,0
24,41027.0,19.2,RENT,2.4,4,1,0.203,7898.0,48,8.54,debt_consolidation,0.048,0.057,0
45,33290.0,1.1,RENT,26.3,6,0,0.21,18341.0,36,11.03,credit_card,0.184,0.217,0
48,38632.0,6.6,MORTGAGE,28.2,3,2,0.364,17067.0,60,8.62,debt_consolidation,0.088,0.109,0
24,19125.0,14.6,MORTGAGE,3.4,5,0,0.458,5012.0,36,5.82,small_business,0.087,0.095,0
35,106587.0,7.2,RENT,16.4,5,0,0.223,5721.0,24,9.27,medical,0.027,0.03,0
24,17764.0,1.5,RENT,2.2,5,0,0.084,16900.0,36,10.44,debt_consolidation,0.317,0.371,0
29,47481.0,2.3,RENT,7.5,2,0,0.076,5582.0,36,7.29,credit_card,0.039,0.044,0
47,30060.0,0.2,OWN,22.5,1,0,0.406,6451.0,60,8.06,debt_consolidation,0.043,0.052,0
31,34815.0,5.7,MORTGAGE,10.5,6,0,0.245,8633.0,24,7.36,debt_consolidation,0.124,0.134,0
36,107825.0,5.7,MORTGAGE,15.4,5,0,0.423,6003.0,24,7.05,credit_card,0.028,0.03,0
20,59906.0,7.8,RENT,0.0,7,3,0.296,14730.0,36,9.33,credit_card,0.082,0.094,0
42,33433.0,0.1,MORTGAGE,23.0,2,0,0.279,13049.0,48,11.42,other,0.098,0.122,0
39,40346.0,10.2,MORTGAGE,16.7,3,0,0.391,13744.0,60,8.12,debt_consolidation,0.068,0.083,0
31,36948.0,8.1,RENT,9.7,3,1,0.113,6392.0,36,8.81,other,0.058,0.066,0
38,53010.0,0.9,MORTGAGE,14.5,9,0,0.226,23302.0,36,8.44,debt_consolidation,0.147,0.166,0
42,59068.0,2.6,RENT,19.6,7,1,0.339,20069.0,24,9.42,credit_card,0.17,0.187,0
30,139775.0,6.1,RENT,8.9,6,0,0.185,25571.0,36,8.18,credit_card,0.061,0.069,0
22,20782.0,4.1,RENT,3.5,5,0,0.597,8266.0,48,6.57,major_purchase,0.099,0.113,0
62,53242.0,0.7,MORTGAGE,36.5,1,0,0.166,9539.0,24,9.39,debt_consolidation,0.09,0.099,0
32,46268.0,0.5,RENT,12.6,3,0,0.368,7261.0,12,11.88,credit_card,0.157,0.167,0
39,86966.0,9.1,RENT,11.0,5,0,0.318,6056.0,36,7.42,debt_consolidation,0.023,0.026,0
52,64693.0,1.0,RENT,32.5,10,0,0.122,23870.0,36,7.49,major_purchase,0.123,0.138,1
75,72779.0,1.1,RENT,56.5,3,0,0.113,16489.0,36,12.8,credit_card,0.076,0.091,0
25,64379.0,10.7,MORTGAGE,0.5,5,0,0.284,24378.0,48,6.64,major_purchase,0.095,0.108,1
45,33996.0,5.7,RENT,22.2,4,0,0.67,6848.0,60,9.1,major_purchase,0.04,0.05,0
32,99273.0,5.6,RENT,9.4,11,0,0.241,25999.0,48,9.9,home_improvement,0.065,0.08,0
34,80761.0,3.9,MORTGAGE,15.7,3,0,0.352,14242.0,24,7.91,small_business,0.088,0.096,0
31,85628.0,5.0,RENT,6.7,2,0,0.306,16980.0,12,4.66,medical,0.198,0.203,0
26,101928.0,5.5,RENT,5.3,5,0,0.275,22624.0,60,6.66,debt_consolidation,0.044,0.052,0
40,66759.0,20.6,MORTGAGE,20.1,3,0,0.237,7696.0,48,9.63,credit_card,0.029,0.035,0
22,113607.0,1.5,MORTGAGE,0.0,6,0,0.18,31412.0,12,8.04,credit_card,0.276,0.289,0
51,65435.0,1.4,RENT,29.7,5,0,0.259,4811.0,24,13.58,major_purchase,0.037,0.042,0
41,48556.0,0.4,MORTGAGE,22.6,2,1,0.636,12503.0,60,10.01,small_business,0.051,0.066,0
45,53998.0,6.4,OWN,24.8,8,0,0.441,18968.0,60,7.16,credit_card,0.07,0.084,0
34,53534.0,4.8,OWN,13.0,5,1,0.294,3749.0,12,7.86,small_business,0.07,0.073,0
36,41785.0,0.7,OWN,11.1,4,1,0.225,9142.0,48,10.19,major_purchase,0.055,0.067,1
43,122510.0,2.7,MORTGAGE,24.0,3,1,0.134,3564.0,12,13.19,debt_consolidation,0.029,0.031,0
26,62827.0,1.2,MORTGAGE,3.3,1,1,0.139,37242.0,48,9.21,small_business,0.148,0.178,1
36,56804.0,2.4,RENT,13.2,2,1,0.25,20113.0,12,10.29,home_improvement,0.354,0.374,0
30,65784.0,18.1,MORTGAGE,11.6,3,1,0.494,10250.0,48,8.47,small_business,0.039,0.046,0
29,240368.0,6.9,MORTGAGE,10.9,8,2,0.784,6909.0,12,6.4,debt_consolidation,0.029,0.03,0
18,30765.0,0.0,RENT,0.0,7,0,0.316,5886.0,48,9.85,debt_consolidation,0.048,0.058,0
56,35507.0,1.7,RENT,33.3,4,0,0.201,16104.0,48,6.42,medical,0.113,0.129,0
32,27166.0,0.1,MORTGAGE,11.6,7,0,0.067,12191.0,48,9.5,credit_card,0.112,0.135,0
54,48228.0,7.5,MORTGAGE,31.0,7,0,0.49,13649.0,36,7.89,other,0.094,0.106,0
53,61252.0,3.8,MORTGAGE,32.1,3,1,0.117,10991.0,48,5.67,home_improvement,0.045,0.05,0
25,42931.0,30.7,OWN,3.8,6,1,0.388,6861.0,36,10.54,debt_consolidation,0.053,0.062,1
27,41363.0,7.9,OWN,8.9,3,1,0.212,17822.0,24,12.41,debt_consolidation,0.215,0.244,0
71,58175.0,4.4,MORTGAGE,52.7,5,1,0.281,17002.0,24,6.56,small_business,0.146,0.156,0
61,42148.0,9.8,RENT,39.1,3,1,0.454,12810.0,24,9.74,home_improvement,0.152,0.168,0
40,63265.0,7.3,RENT,17.7,2,0,0.303,6058.0,36,9.42,debt_consolidation,0.032,0.037,0
43,94572.0,1.7,MORTGAGE,22.7,9,0,0.511,7628.0,60,10.25,debt_consolidation,0.016,0.021,0
32,76002.0,4.5,MORTGAGE,11.3,4,0,0.662,10106.0,24,9.69,debt_consolidation,0.066,0.073,1
45,84163.0,4.9,OWN,24.1,5,0,0.231,14839.0,48,8.06,other,0.044,0.052,0
31,93243.0,3.6,RENT,12.7,7,1,0.468,9815.0,36,8.6,other,0.035,0.04,0
18,62406.0,1.2,RENT,0.0,10,0,0.455,27152.0,48,11.64,debt_consolidation,0.109,0.137,0
24,50045.0,1.5,OWN,4.0,1,0,0.329,3675.0,48,8.62,major_purchase,0.018,0.022,0
40,36823.0,2.0,OWN,19.2,7,0,0.353,14616.0,36,13.33,home_improvement,0.132,0.161,0
26,44552.0,0.1,RENT,5.5,5,1,0.636,26474.0,12,10.94,credit_card,0.594,0.63,0
39,41696.0,14.9,OWN,16.7,5,1,0.313,12258.0,60,8.05,small_business,0.059,0.072,0
27,78107.0,7.0,RENT,7.8,10,1,0.174,6378.0,12,9.05,credit_card,0.082,0.086,0
31,64434.0,7.0,MORTGAGE,11.6,4,1,0.101,6491.0,48,11.52,medical,0.025,0.032,0
50,76755.0,5.1,OWN,30.5,11,1,0.137,13075.0,60,6.21,debt_consolidation,0.034,0.04,0
43,30328.0,7.0,OWN,20.7,3,0,0.527,7604.0,24,9.8,small_business,0.125,0.139,0
40,110844.0,24.1,OWN,20.3,6,1,0.235,21301.0,24,7.74,debt_consolidation,0.096,0.104,0
51,43762.0,2.9,MORTGAGE,32.4,1,1,0.361,8579.0,24,9.66,medical,0.098,0.108,0
46,31257.0,7.5,RENT,15.8,7,0,0.474,14143.0,12,10.65,credit_card,0.452,0.479,1
57,43495.0,2.7,MORTGAGE,37.0,4,1,0.362,11486.0,60,8.47,credit_card,0.053,0.065,0
34,187565.0,11.6,MORTGAGE,15.7,6,0,0.542,20830.0,24,8.74,debt_consolidation,0.056,0.061,0
35,44629.0,11.7,RENT,13.7,7,0,0.145,7754.0,36,7.97,credit_card,0.058,0.065,0
24,46049.0,14.0,RENT,2.0,6,0,0.491,16040.0,12,9.86,medical,0.348,0.367,0
35,49215.0,0.0,RENT,14.9,2,0,0.113,16928.0,48,8.84,credit_card,0.086,0.102,0
52,50296.0,2.1,RENT,30.9,2,0,0.361,9636.0,36,13.06,credit_card,0.064,0.078,0
56,36653.0,0.9,MORTGAGE,37.4,2,0,0.332,10054.0,36,8.7,credit_card,0.091,0.104,1
52,58198.0,3.6,MORTGAGE,32.6,3,0,0.319,6312.0,36,11.14,debt_consolidation,0.036,0.043,0
18,92762.0,4.1,MORTGAGE,0.0,3,1,0.446,6589.0,60,6.96,small_business,0.014,0.017,0
53,63395.0,1.8,OWN,33.5,4,0,0.279,6536.0,24,5.1,credit_card,0.052,0.054,0
18,31083.0,7.7,MORTGAGE,0.0,2,3,0.317,15103.0,60,8.37,credit_card,0.097,0.119,1
51,45607.0,1.9,RENT,31.2,3,1,0.065,2788.0,36,9.2,home_improvement,0.02,0.023,0
36,41119.0,11.5,MORTGAGE,15.3,4,0,0.472,5798.0,36,6.53,small_business,0.047,0.052,0
48,55630.0,1.2,MORTGAGE,27.9,5,0,0.287,4703.0,24,6.47,small_business,0.042,0.045,0
24,105369.0,2.7,MORTGAGE,4.9,4,0,0.25,4299.0,36,10.0,credit_card,0.014,0.016,0
54,50290.0,5.8,RENT,35.5,0,0,0.304,9105.0,48,5.42,major_purchase,0.045,0.05,0
22,51840.0,5.6,MORTGAGE,3.1,0,0,0.039,15568.0,36,10.53,medical,0.1,0.117,0
32,131771.0,0.5,RENT,13.3,9,0,0.365,15999.0,36,8.63,other,0.04,0.046,1
28,83961.0,11.2,RENT,6.3,6,1,0.315,20125.0,48,10.73,home_improvement,0.06,0.074,0
19,72189.0,5.5,OWN,0.0,8,0,0.278,3603.0,12,7.77,credit_card,0.05,0.052,0
41,144216.0,12.2,MORTGAGE,19.2,3,0,0.507,12337.0,48,9.87,debt_consolidation,0.021,0.026,0
62,69210.0,12.1,MORTGAGE,40.9,5,0,0.124,9565.0,12,9.58,other,0.138,0.145,0
72,20065.0,4.7,RENT,52.9,6,1,0.499,12898.0,48,7.06,debt_consolidation,0.161,0.185,0
41,82153.0,14.5,MORTGAGE,19.3,7,1,0.629,26069.0,48,8.45,debt_consolidation,0.079,0.094,0
53,24440.0,11.3,MORTGAGE,32.2,2,0,0.314,4491.0,24,8.36,major_purchase,0.092,0.1,0
43,67914.0,19.0,RENT,24.9,2,0,0.165,5304.0,36,11.0,small_business,0.026,0.031,0
46,22997.0,11.4,OWN,20.9,8,0,0.446,11984.0,24,7.47,other,0.261,0.281,0
36,42898.0,10.3,OWN,17.8,4,1,0.094,8288.0,60,8.48,other,0.039,0.048,0
42,45166.0,3.8,RENT,21.9,3,0,0.088,13569.0,36,10.01,small_business,0.1,0.116,0
46,36862.0,1.4,MORTGAGE,25.8,4,1,0.196,17872.0,36,10.16,credit_card,0.162,0.188,0
33,45505.0,14.5,OWN,9.6,1,0,0.086,14068.0,48,10.03,credit_card,0.077,0.094,0
39,90788.0,7.7,MORTGAGE,13.7,4,1,0.399,10144.0,60,8.08,debt_consolidation,0.022,0.027,0
39,37912.0,2.0,MORTGAGE,12.6,6,0,0.072,5928.0,60,9.63,credit_card,0.031,0.04,0
50,71152.0,2.5,RENT,29.5,8,2,0.305,62870.0,48,7.62,major_purchase,0.221,0.257,0
27,33429.0,7.0,MORTGAGE,5.6,3,0,0.188,25481.0,36,11.15,small_business,0.254,0.3,0
39,49279.0,3.9,MORTGAGE,20.7,5,2,0.233,4213.0,60,10.64,credit_card,0.017,0.022,0
63,63699.0,0.5,OWN,43.0,9,1,0.193,4628.0,36,6.21,medical,0.024,0.027,0
54,32917.0,0.9,MORTGAGE,29.2,2,0,0.026,7782.0,36,14.57,debt_consolidation,0.079,0.098,0
56,28117.0,8.2,MORTGAGE,36.2,4,0,0.297,8433.0,12,9.09,debt_consolidation,0.3,0.315,0
40,69282.0,2.4,RENT,21.8,7,1,0.215,11351.0,12,9.91,debt_consolidation,0.164,0.173,0
44,94991.0,4.3,OWN,25.3,6,1,0.156,20279.0,24,8.13,major_purchase,0.107,0.116,0
52,52076.0,8.7,RENT,32.3,5,1,0.223,12026.0,12,10.87,debt_consolidation,0.231,0.245,0
59,43103.0,8.3,RENT,40.2,6,1,0.302,8741.0,12,7.01,major_purchase,0.203,0.211,0
18,58562.0,1.1,MORTGAGE,0.0,5,0,0.141,6107.0,24,9.26,small_business,0.052,0.057,0
24,55700.0,0.6,MORTGAGE,4.8,7,1,0.328,6541.0,36,9.98,other,0.039,0.045,0
56,61172.0,5.4,RENT,36.8,4,0,0.616,16744.0,12,9.03,other,0.274,0.287,0
37,15304.0,8.1,MORTGAGE,18.7,7,0,0.138,6593.0,24,8.79,home_improvement,0.215,0.236,0
32,31744.0,1.0,RENT,7.6,3,0,0.213,7505.0,12,11.14,debt_consolidation,0.236,0.251,0
25,35503.0,2.8,MORTGAGE,3.5,5,0,0.352,11430.0,24,9.39,debt_consolidation,0.161,0.177,0
33,58421.0,12.3,MORTGAGE,12.1,1,0,0.629,14377.0,36,7.91,home_improvement,0.082,0.092,0
23,59453.0,17.3,RENT,2.2,3,0,0.244,20599.0,60,9.19,home_improvement,0.069,0.087,0
65,74465.0,3.6,OWN,45.5,7,0,0.021,14823.0,36,12.0,debt_consolidation,0.066,0.079,0
40,61623.0,0.5,MORTGAGE,16.8,5,1,0.298,6310.0,60,10.85,debt_consolidation,0.02,0.027,0
39,28272.0,1.8,MORTGAGE,13.0,5,1,0.364,4595.0,36,6.8,debt_consolidation,0.054,0.06,0
47,111692.0,1.6,OWN,29.0,7,0,0.279,5043.0,36,8.51,credit_card,0.015,0.017,1
52,102330.0,1.6,OWN,33.8,3,1,0.273,4316.0,36,12.26,home_improvement,0.014,0.017,0
51,28880.0,4.1,OWN,29.6,5,1,0.443,17139.0,24,9.06,debt_consolidation,0.297,0.326,0
53,63982.0,5.3,RENT,34.2,7,0,0.27,5880.0,48,11.49,home_improvement,0.023,0.029,0
32,40227.0,0.8,RENT,6.7,5,0,0.279,27265.0,48,10.44,credit_card,0.169,0.208,0
36,58072.0,13.2,MORTGAGE,14.7,3,0,0.316,7730.0,48,7.03,medical,0.033,0.038,0
49,91735.0,5.8,MORTGAGE,29.6,1,1,0.234,12319.0,24,12.47,debt_consolidation,0.067,0.076,0
34,157165.0,5.5,RENT,14.4,1,0,0.204,7497.0,60,9.18,credit_card,0.01,0.012,0
40,78877.0,26.2,RENT,18.5,4,0,0.331,9662.0,60,11.08,credit_card,0.024,0.032,0
45,62785.0,5.9,MORTGAGE,26.5,5,0,0.156,10082.0,60,8.97,small_business,0.032,0.04,0
49,45711.0,15.9,RENT,24.6,6,0,0.233,11558.0,48,5.91,debt_consolidation,0.063,0.071,0
19,59342.0,2.0,RENT,1.0,6,0,0.171,7290.0,24,10.02,debt_consolidation,0.061,0.068,0
49,106925.0,1.6,RENT,19.4,3,0,0.261,3383.0,48,6.99,medical,0.008,0.009,0
37,52979.0,4.4,OWN,18.4,3,0,0.353,8539.0,36,4.64,major_purchase,0.054,0.058,1
48,34785.0,4.3,OWN,25.9,7,1,0.221,7681.0,48,10.99,debt_consolidation,0.055,0.068,0
49,24105.0,1.5,OWN,30.9,5,1,0.246,24652.0,60,9.07,credit_card,0.205,0.255,0
59,70019.0,7.2,RENT,39.3,5,1,0.636,16388.0,24,6.69,debt_consolidation,0.117,0.125,0
56,61307.0,0.2,RENT,35.0,3,0,0.1,29608.0,36,7.72,major_purchase,0.161,0.181,0
56,39224.0,7.0,MORTGAGE,37.8,3,0,0.531,8073.0,48,8.22,other,0.051,0.061,0
57,90491.0,3.7,MORTGAGE,37.2,5,0,0.439,21748.0,12,7.82,other,0.24,0.251,0
43,43876.0,7.0,OWN,23.9,2,1,0.144,5114.0,24,10.66,debt_consolidation,0.058,0.065,0
40,50649.0,3.9,RENT,19.9,3,1,0.208,25488.0,36,9.7,credit_card,0.168,0.194,0
50,53727.0,22.7,MORTGAGE,29.9,4,0,0.143,3673.0,36,8.57,debt_consolidation,0.023,0.026,0
49,45457.0,2.4,RENT,26.4,5,0,0.259,18003.0,24,7.64,small_business,0.198,0.214,1
36,60958.0,24.3,RENT,17.6,2,0,0.46,1484.0,60,7.61,debt_consolidation,0.005,0.006,0
45,96351.0,0.4,OWN,26.7,6,0,0.262,4394.0,36,8.86,home_improvement,0.015,0.017,0
40,30600.0,6.9,MORTGAGE,20.5,4,0,0.484,10562.0,36,8.43,home_improvement,0.115,0.131,1
30,69166.0,3.6,RENT,5.4,11,0,0.119,9712.0,24,10.18,small_business,0.07,0.078,0
55,59046.0,10.4,MORTGAGE,31.2,2,1,0.024,15224.0,48,6.86,debt_consolidation,0.064,0.074,0
41,58506.0,9.4,OWN,20.5,6,0,0.414,22659.0,24,9.83,major_purchase,0.194,0.214,0
65,83778.0,9.7,OWN,40.4,4,0,0.068,10469.0,36,9.35,home_improvement,0.042,0.048,0
20,55528.0,0.6,RENT,0.0,8,0,0.257,11059.0,60,6.73,other,0.04,0.047,0
33,68880.0,10.4,MORTGAGE,14.0,5,0,0.018,22552.0,24,7.0,home_improvement,0.164,0.176,0
40,77492.0,1.4,MORTGAGE,21.4,7,1,0.298,5821.0,36,8.93,credit_card,0.025,0.029,0
54,42101.0,0.2,RENT,34.9,2,0,0.074,4241.0,12,5.38,major_purchase,0.101,0.104,0
45,62918.0,1.5,RENT,26.2,4,0,0.182,4619.0,60,7.61,credit_card,0.015,0.018,0
44,47792.0,3.9,RENT,23.1,4,0,0.154,7345.0,48,7.36,credit_card,0.038,0.044,0
26,50699.0,8.1,RENT,5.4,5,1,0.539,10319.0,60,5.63,other,0.041,0.047,0
26,46118.0,1.5,MORTGAGE,5.3,7,0,0.246,6457.0,36,12.31,home_improvement,0.047,0.056,0
44,68565.0,0.7,MORTGAGE,25.4,3,0,0.16,7549.0,24,10.54,debt_consolidation,0.055,0.061,0
24,56434.0,6.2,OWN,1.3,6,0,0.025,6375.0,60,7.87,debt_consolidation,0.023,0.027,0
34,65991.0,24.8,RENT,14.3,5,0,0.541,6309.0,48,7.31,debt_consolidation,0.024,0.028,1
46,53704.0,5.5,RENT,26.1,6,1,0.334,3628.0,12,9.86,other,0.068,0.071,0
28,24293.0,7.0,RENT,0.0,3,0,0.281,16308.0,48,10.29,credit_card,0.168,0.205,0
59,55033.0,4.9,RENT,40.0,6,0,0.468,9740.0,12,8.77,small_business,0.177,0.186,0
55,55925.0,9.1,OWN,35.5,5,2,0.335,15222.0,36,6.03,small_business,0.091,0.099,0
21,61163.0,22.3,MORTGAGE,0.0,4,3,0.242,15449.0,24,7.0,credit_card,0.126,0.136,0
29,40261.0,4.7,RENT,4.6,5,0,0.104,8506.0,60,4.53,credit_card,0.042,0.047,0
18,29800.0,3.2,RENT,0.0,8,0,0.428,13827.0,36,7.62,credit_card,0.155,0.174,0
31,74036.0,11.8,MORTGAGE,9.0,3,1,0.36,18791.0,24,8.57,debt_consolidation,0.127,0.139,0
49,47249.0,21.0,OWN,23.5,5,0,0.387,6820.0,36,7.88,debt_consolidation,0.048,0.054,0
35,59019.0,0.8,MORTGAGE,15.4,3,0,0.211,7235.0,60,8.46,small_business,0.025,0.03,0
46,47064.0,5.2,MORTGAGE,27.0,7,0,0.377,25868.0,36,8.2,credit_card,0.183,0.207,0
22,54012.0,9.4,MORTGAGE,0.6,7,0,0.396,8283.0,24,9.59,major_purchase,0.077,0.085,0
50,43276.0,4.6,MORTGAGE,31.2,5,1,0.115,14187.0,60,8.14,medical,0.066,0.08,0
33,33388.0,3.2,MORTGAGE,13.5,2,1,0.351,14600.0,60,7.28,debt_consolidation,0.087,0.105,0
40,68656.0,6.4,OWN,15.2,5,1,0.31,7042.0,36,7.26,other,0.034,0.038,0
39,40072.0,1.9,MORTGAGE,18.3,3,2,0.148,6966.0,12,9.94,small_business,0.174,0.183,1
25,58805.0,2.6,OWN,6.7,3,1,0.49,28936.0,24,6.34,credit_card,0.246,0.263,0
26,66518.0,29.2,MORTGAGE,6.8,6,1,0.295,4757.0,36,8.17,home_improvement,0.024,0.027,0
52,40400.0,6.1,RENT,31.0,1,0,0.217,18978.0,24,7.54,credit_card,0.235,0.254,0
45,29675.0,12.4,RENT,25.0,6,0,0.11,5710.0,36,11.5,home_improvement,0.064,0.076,0
53,182233.0,9.9,MORTGAGE,31.8,6,0,0.381,9171.0,12,12.22,small_business,0.05,0.054,0
44,41611.0,6.3,RENT,21.7,6,0,0.288,11200.0,36,7.91,credit_card,0.09,0.101,0
42,73992.0,11.0,OWN,22.0,8,1,0.324,5740.0,36,4.93,debt_consolidation,0.026,0.028,0
19,142876.0,2.0,RENT,0.0,7,1,0.185,7280.0,60,6.12,home_improvement,0.01,0.012,0
37,80415.0,6.1,MORTGAGE,11.6,6,1,0.14,6704.0,36,8.34,medical,0.028,0.032,0
40,46620.0,5.4,RENT,21.8,3,1,0.619,14500.0,36,7.55,home_improvement,0.104,0.116,1
63,52388.0,5.8,MORTGAGE,44.1,6,1,0.429,12686.0,24,9.65,other,0.121,0.134,0
48,35728.0,1.1,RENT,28.9,4,0,0.278,11341.0,60,11.48,home_improvement,0.063,0.084,0
58,84191.0,1.9,OWN,39.4,5,0,0.157,7250.0,24,10.18,major_purchase,0.043,0.048,0
47,71907.0,2.0,RENT,27.9,4,0,0.461,10767.0,48,8.28,debt_consolidation,0.037,0.044,0
31,41889.0,5.5,MORTGAGE,11.3,6,0,0.33,16183.0,60,8.78,debt_consolidation,0.077,0.096,0
41,32174.0,21.6,RENT,22.8,3,0,0.139,15410.0,36,11.1,debt_consolidation,0.16,0.188,0
43,27984.0,18.5,OWN,24.6,3,0,0.011,16138.0,24,6.0,debt_consolidation,0.288,0.307,0
29,88721.0,1.5,MORTGAGE,10.7,4,1,0.596,6894.0,36,9.91,other,0.026,0.03,0
35,57537.0,2.2,RENT,16.9,6,1,0.312,16201.0,36,7.71,small_business,0.094,0.105,0
38,60324.0,0.2,RENT,18.0,4,1,0.335,13633.0,36,9.96,debt_consolidation,0.075,0.087,0
59,35901.0,3.1,RENT,39.8,5,0,0.034,7922.0,48,8.22,debt_consolidation,0.055,0.065,0
18,26062.0,10.8,RENT,0.0,9,0,0.329,14437.0,60,9.44,medical,0.111,0.139,0
54,87668.0,14.8,MORTGAGE,35.7,6,0,0.355,8624.0,24,7.56,debt_consolidation,0.049,0.053,0
29,55327.0,1.6,MORTGAGE,3.2,5,2,0.526,6287.0,36,10.28,major_purchase,0.038,0.044,0
24,85273.0,1.9,RENT,5.7,6,2,0.433,18695.0,36,8.82,small_business,0.073,0.083,0
54,44669.0,1.5,RENT,33.1,3,0,0.238,24159.0,36,10.55,credit_card,0.18,0.211,0
49,48127.0,2.6,MORTGAGE,30.1,7,0,0.257,11932.0,36,11.41,credit_card,0.083,0.098,0
55,77393.0,9.8,MORTGAGE,31.7,5,0,0.237,5347.0,36,9.9,debt_consolidation,0.023,0.027,0
50,78133.0,6.2,MORTGAGE,31.8,6,0,0.075,11791.0,24,7.33,major_purchase,0.075,0.081,0
65,80723.0,9.2,OWN,37.9,2,0,0.288,3542.0,60,7.64,debt_consolidation,0.009,0.011,0
47,46742.0,5.2,RENT,28.9,2,0,0.196,18431.0,48,8.74,credit_card,0.099,0.117,0
38,73664.0,1.8,MORTGAGE,19.2,2,0,0.31,10432.0,12,12.08,credit_card,0.142,0.151,0
44,94330.0,1.6,RENT,24.1,6,0,0.266,9151.0,36,8.85,major_purchase,0.032,0.037,0
55,51411.0,0.1,MORTGAGE,32.8,8,0,0.126,24072.0,36,9.18,medical,0.156,0.179,0
31,41909.0,9.1,RENT,3.9,6,0,0.085,4187.0,60,11.61,major_purchase,0.02,0.026,0
32,106019.0,11.3,MORTGAGE,12.3,3,0,0.296,4473.0,36,11.97,debt_consolidation,0.014,0.017,0
36,39057.0,8.8,RENT,13.8,7,0,0.147,9546.0,36,10.04,debt_consolidation,0.081,0.095,0
18,74216.0,0.5,RENT,0.0,6,1,0.198,20584.0,36,10.89,small_business,0.092,0.109,0
42,52617.0,8.6,OWN,21.5,5,0,0.508,24957.0,24,10.64,debt_consolidation,0.237,0.264,0
18,21573.0,0.3,OWN,0.0,4,1,0.101,19541.0,24,5.73,credit_card,0.453,0.48,1
41,95253.0,0.7,RENT,22.9,9,0,0.285,7320.0,36,9.21,small_business,0.026,0.029,0
50,15000.0,3.5,MORTGAGE,30.3,4,1,0.067,29230.0,24,11.19,debt_consolidation,0.974,1.092,1
34,20089.0,3.9,RENT,11.4,7,1,0.327,18002.0,24,7.48,debt_consolidation,0.448,0.484,0
60,70521.0,10.2,RENT,40.1,7,0,0.577,5037.0,48,10.48,debt_consolidation,0.018,0.022,0
22,70512.0,6.8,MORTGAGE,0.0,7,1,0.442,5003.0,36,9.11,medical,0.024,0.027,0
54,39388.0,1.0,RENT,30.6,2,0,0.055,23940.0,24,10.37,debt_consolidation,0.304,0.338,1
48,58332.0,1.5,RENT,24.0,6,2,0.172,5206.0,12,11.06,credit_card,0.089,0.095,0
19,15280.0,2.0,RENT,0.6,2,0,0.382,6880.0,12,12.54,debt_consolidation,0.45,0.481,0
73,77149.0,0.8,RENT,54.2,3,0,0.277,19082.0,12,9.93,credit_card,0.247,0.261,0
39,61381.0,2.0,OWN,20.9,3,0,0.463,12774.0,48,8.68,home_improvement,0.052,0.062,0
29,52954.0,7.8,MORTGAGE,0.0,3,0,0.493,21444.0,36,8.02,other,0.135,0.152,0
23,54744.0,1.7,RENT,4.2,5,0,0.14,10555.0,24,5.93,major_purchase,0.096,0.102,1
37,69330.0,10.8,MORTGAGE,17.6,6,0,0.218,20947.0,36,7.61,other,0.101,0.113,0
38,53399.0,3.8,MORTGAGE,19.0,5,1,0.202,3091.0,60,8.84,credit_card,0.012,0.014,0
41,21226.0,2.3,MORTGAGE,22.9,4,1,0.446,9215.0,36,8.4,home_improvement,0.145,0.164,0
36,162457.0,3.2,RENT,17.1,4,0,0.375,14212.0,12,8.16,credit_card,0.087,0.091,0
48,98755.0,7.4,RENT,29.7,5,0,0.23,20081.0,24,7.42,debt_consolidation,0.102,0.11,1
35,28496.0,4.4,RENT,15.5,6,0,0.213,5884.0,36,9.78,major_purchase,0.069,0.08,0
18,45589.0,0.0,MORTGAGE,0.0,6,0,0.401,13340.0,24,10.54,medical,0.146,0.163,0
38,48145.0,15.3,RENT,16.4,4,0,0.215,11376.0,60,11.65,major_purchase,0.047,0.063,0
18,92914.0,0.4,RENT,0.0,6,1,0.532,7092.0,60,6.24,credit_card,0.015,0.018,0
44,18405.0,16.7,RENT,24.2,5,0,0.465,18888.0,48,15.63,medical,0.257,0.347,0
28,42214.0,0.2,MORTGAGE,5.0,5,0,0.225,12946.0,24,9.79,medical,0.153,0.169,0
42,22464.0,8.8,RENT,16.8,4,0,0.407,11214.0,12,13.49,major_purchase,0.499,0.536,1
56,46979.0,4.6,MORTGAGE,28.2,4,1,0.051,5564.0,48,9.19,major_purchase,0.03,0.035,0
29,42777.0,4.2,MORTGAGE,10.7,3,0,0.244,21184.0,24,8.13,medical,0.248,0.269,0
53,56379.0,0.5,RENT,28.6,6,0,0.364,12400.0,48,9.32,credit_card,0.055,0.066,0
35,40037.0,1.6,MORTGAGE,16.2,11,0,0.338,4460.0,48,8.7,debt_consolidation,0.028,0.033,0
61,37216.0,9.0,RENT,41.5,5,1,0.319,33473.0,48,10.24,debt_consolidation,0.225,0.275,0
36,73853.0,13.3,MORTGAGE,16.7,3,1,0.4,4316.0,12,9.62,small_business,0.058,0.062,1
30,68005.0,4.5,MORTGAGE,8.6,7,1,0.149,9976.0,36,9.37,debt_consolidation,0.049,0.056,0
48,71375.0,2.6,MORTGAGE,27.3,7,3,0.164,5266.0,12,10.64,small_business,0.074,0.078,0
35,49590.0,0.4,MORTGAGE,16.7,3,0,0.309,6941.0,36,8.37,credit_card,0.047,0.053,0
30,40706.0,6.9,MORTGAGE,7.4,4,1,0.499,4023.0,48,11.73,credit_card,0.025,0.031,0
34,51051.0,2.0,RENT,14.3,6,0,0.212,24531.0,48,10.86,debt_consolidation,0.12,0.149,0
39,69604.0,0.3,MORTGAGE,21.0,7,0,0.355,17042.0,60,9.2,credit_card,0.049,0.061,0
56,18244.0,6.6,MORTGAGE,36.4,2,0,0.094,18112.0,12,12.21,debt_consolidation,0.993,1.06,0
18,65977.0,4.0,RENT,0.0,10,0,0.092,9309.0,60,9.31,medical,0.028,0.035,0
40,63232.0,0.1,OWN,21.8,4,1,0.12,16154.0,24,4.1,debt_consolidation,0.128,0.133,0
47,55886.0,0.7,OWN,28.5,4,1,0.292,6981.0,12,5.96,debt_consolidation,0.125,0.129,0
42,50279.0,7.2,MORTGAGE,8.9,2,0,0.399,28217.0,36,10.89,credit_card,0.187,0.22,0
56,15017.0,0.4,MORTGAGE,31.9,4,1,0.003,18719.0,24,6.09,debt_consolidation,0.623,0.664,0
39,43481.0,12.1,RENT,20.6,4,2,0.188,25502.0,12,8.26,debt_consolidation,0.587,0.613,1
38,132551.0,2.2,RENT,17.4,5,2,0.241,38181.0,24,10.22,home_improvement,0.144,0.16,1
47,54527.0,0.6,RENT,27.6,5,1,0.378,6489.0,36,9.25,other,0.04,0.046,0
41,46460.0,8.6,OWN,20.6,5,1,0.241,6222.0,48,8.87,medical,0.033,0.04,0
35,54636.0,4.5,MORTGAGE,15.1,4,0,0.227,6044.0,36,10.22,debt_consolidation,0.037,0.043,1
46,64692.0,2.2,MORTGAGE,27.9,3,0,0.307,13691.0,24,10.22,small_business,0.106,0.117,0
32,75313.0,3.1,MORTGAGE,12.9,4,0,0.209,7514.0,36,9.52,credit_card,0.033,0.038,0
33,48318.0,0.1,RENT,14.6,5,1,0.115,6676.0,24,5.33,small_business,0.069,0.073,0
34,67001.0,6.5,RENT,14.0,6,0,0.296,12307.0,48,9.98,small_business,0.046,0.056,0
56,125282.0,2.7,RENT,30.9,4,0,0.358,5592.0,24,5.48,other,0.022,0.024,0
18,89601.0,7.5,RENT,0.0,7,0,0.352,22458.0,24,9.89,credit_card,0.125,0.139,0
45,174582.0,5.9,MORTGAGE,18.3,6,0,0.076,1803.0,60,8.81,credit_card,0.002,0.003,0
40,39012.0,6.3,MORTGAGE,9.3,2,0,0.155,6475.0,12,9.19,other,0.166,0.174,0
20,125253.0,9.4,RENT,2.0,2,0,0.393,8301.0,60,9.19,small_business,0.013,0.017,0
44,36485.0,6.0,RENT,22.1,4,1,0.05,17677.0,48,12.69,medical,0.121,0.155,0
46,64653.0,3.3,MORTGAGE,27.0,5,0,0.35,8651.0,60,9.66,home_improvement,0.027,0.034,0
47,78139.0,3.0,MORTGAGE,23.0,5,1,0.256,89555.0,24,7.53,debt_consolidation,0.573,0.619,1
18,41966.0,0.8,MORTGAGE,0.0,3,0,0.254,16227.0,24,8.4,credit_card,0.193,0.211,0
56,56612.0,9.1,MORTGAGE,36.3,8,1,0.07,8531.0,24,8.72,debt_consolidation,0.075,0.082,0
31,85411.0,8.6,RENT,11.1,4,0,0.194,12003.0,24,8.43,credit_card,0.07,0.077,0
48,37982.0,1.7,MORTGAGE,29.1,9,1,0.161,8546.0,24,9.46,debt_consolidation,0.113,0.124,0
49,124828.0,11.9,MORTGAGE,30.0,1,0,0.506,9261.0,48,11.28,other,0.019,0.023,0
29,27111.0,5.3,MORTGAGE,0.0,2,0,0.276,16334.0,60,10.85,debt_consolidation,0.12,0.157,0
48,142892.0,3.9,MORTGAGE,23.4,1,1,0.234,21842.0,48,10.24,home_improvement,0.038,0.047,1
35,89381.0,0.1,MORTGAGE,16.4,6,0,0.063,4405.0,60,5.76,debt_consolidation,0.01,0.011,0
18,51800.0,2.9,MORTGAGE,0.0,6,0,0.024,5409.0,36,9.36,credit_card,0.035,0.04,0
54,44297.0,6.1,RENT,35.7,6,0,0.163,12983.0,12,10.54,other,0.293,0.31,0
31,42045.0,0.6,MORTGAGE,0.0,7,1,0.309,12176.0,36,9.55,medical,0.097,0.111,0
30,50620.0,3.7,MORTGAGE,4.9,7,0,0.858,12298.0,36,10.95,home_improvement,0.081,0.095,0
35,52878.0,30.2,RENT,14.6,6,0,0.42,17550.0,12,7.07,small_business,0.332,0.345,0
43,101480.0,7.6,MORTGAGE,21.5,3,0,0.27,16078.0,60,10.17,home_improvement,0.032,0.041,0
39,144977.0,4.7,MORTGAGE,16.9,7,1,0.095,24781.0,12,8.49,debt_consolidation,0.171,0.179,0
47,59856.0,4.6,RENT,28.3,5,0,0.465,21249.0,48,9.91,home_improvement,0.089,0.108,0
24,35496.0,0.3,RENT,0.0,6,0,0.578,11729.0,24,7.92,credit_card,0.165,0.179,0
31,41239.0,18.9,RENT,10.8,5,1,0.515,14006.0,36,6.74,major_purchase,0.113,0.125,0
39,49437.0,15.8,RENT,20.7,8,0,0.158,12875.0,24,8.85,debt_consolidation,0.13,0.143,0
63,32368.0,6.9,RENT,43.5,9,0,0.614,12090.0,12,10.82,credit_card,0.374,0.396,0
39,30047.0,0.6,MORTGAGE,18.2,5,0,0.683,13703.0,36,9.63,debt_consolidation,0.152,0.176,0
53,154595.0,1.4,RENT,33.7,6,0,0.56,12052.0,12,9.69,medical,0.078,0.082,0
40,63026.0,1.2,MORTGAGE,18.4,4,0,0.295,10471.0,36,9.98,credit_card,0.055,0.064,0
34,35719.0,4.4,MORTGAGE,9.6,1,0,0.189,17263.0,36,6.96,credit_card,0.161,0.179,0
37,81495.0,1.4,MORTGAGE,14.6,4,1,0.114,5918.0,24,6.58,major_purchase,0.036,0.039,0
38,30056.0,7.1,MORTGAGE,16.9,4,0,0.063,5251.0,48,10.35,credit_card,0.044,0.054,0
47,31319.0,4.7,RENT,26.8,3,0,0.03,46980.0,36,8.12,credit_card,0.5,0.565,0
56,36260.0,0.1,MORTGAGE,37.1,4,0,0.291,13250.0,36,10.83,debt_consolidation,0.122,0.143,0
44,123903.0,8.2,RENT,24.2,2,1,0.334,13387.0,36,6.18,home_improvement,0.036,0.04,0
54,47742.0,1.3,RENT,35.0,4,1,0.083,12084.0,60,6.12,other,0.051,0.059,0
28,15981.0,10.5,MORTGAGE,1.8,6,1,0.145,18456.0,60,10.57,debt_consolidation,0.231,0.298,0
35,99214.0,2.6,MORTGAGE,9.9,5,1,0.207,10548.0,36,9.64,credit_card,0.035,0.041,0
31,46481.0,2.5,MORTGAGE,12.5,6,0,0.268,28590.0,36,11.37,other,0.205,0.243,0
44,21489.0,0.1,MORTGAGE,20.8,8,2,0.427,6165.0,60,6.9,credit_card,0.057,0.068,0
36,46243.0,26.4,OWN,14.4,5,2,0.413,3747.0,36,6.05,home_improvement,0.027,0.03,0
49,70298.0,5.7,RENT,19.9,3,1,0.012,14976.0,24,8.82,credit_card,0.107,0.117,0
29,66305.0,3.3,MORTGAGE,9.1,7,1,0.104,8669.0,36,11.95,major_purchase,0.044,0.052,0
41,133147.0,0.6,MORTGAGE,19.2,2,1,0.167,3660.0,36,8.77,home_improvement,0.009,0.01,0
48,35370.0,7.2,MORTGAGE,27.8,3,1,0.418,6057.0,12,12.1,debt_consolidation,0.171,0.183,0
18,55457.0,2.0,MORTGAGE,0.0,3,2,0.083,14690.0,36,10.37,major_purchase,0.088,0.103,0
65,38186.0,26.7,MORTGAGE,46.9,5,0,0.278,10437.0,60,8.58,small_business,0.055,0.067,0
37,25057.0,18.0,RENT,18.6,5,0,0.122,24081.0,24,9.16,medical,0.481,0.528,1
18,84353.0,8.0,RENT,0.0,6,0,0.088,7974.0,24,9.98,debt_consolidation,0.047,0.052,0
42,68298.0,21.3,MORTGAGE,23.1,6,0,0.196,6630.0,36,9.97,small_business,0.032,0.038,0
40,62432.0,0.7,OWN,18.1,3,2,0.285,31181.0,12,7.45,medical,0.499,0.52,0
39,67063.0,2.0,RENT,17.2,7,0,0.34,7545.0,24,7.8,small_business,0.056,0.061,0
52,38456.0,1.8,RENT,23.3,5,0,0.467,8128.0,12,8.63,home_improvement,0.211,0.221,0
49,32766.0,0.4,MORTGAGE,29.9,2,0,0.745,8507.0,48,6.95,debt_consolidation,0.065,0.075,0
44,55206.0,21.5,MORTGAGE,17.6,1,1,0.516,4318.0,24,11.64,medical,0.039,0.044,0
45,96820.0,0.4,RENT,24.2,2,0,0.3,14878.0,36,7.62,credit_card,0.051,0.057,0
39,121060.0,11.7,MORTGAGE,18.9,2,0,0.347,9589.0,48,13.17,debt_consolidation,0.02,0.026,0
61,80637.0,8.8,MORTGAGE,39.7,4,0,0.089,10000.0,36,7.08,other,0.041,0.046,0
22,54972.0,2.8,MORTGAGE,0.4,5,0,0.116,8684.0,48,8.69,small_business,0.039,0.047,0
42,62000.0,0.1,RENT,23.4,6,1,0.154,5153.0,60,7.79,other,0.017,0.02,0
41,54491.0,0.0,RENT,18.8,4,0,0.352,10060.0,24,10.31,debt_consolidation,0.092,0.103,0
50,32436.0,1.4,OWN,28.1,6,0,0.342,16082.0,24,10.29,major_purchase,0.248,0.275,0
30,54848.0,4.1,RENT,0.0,6,0,0.548,21075.0,12,9.79,other,0.384,0.405,0
19,27794.0,3.7,OWN,0.0,5,0,0.317,20087.0,36,6.33,credit_card,0.241,0.265,0
42,50917.0,5.3,OWN,20.5,3,0,0.368,17289.0,12,7.34,major_purchase,0.34,0.353,0
43,122768.0,8.9,OWN,21.3,2,1,0.527,5505.0,36,12.1,major_purchase,0.015,0.018,0
58,81751.0,2.8,OWN,31.2,3,1,0.26,12117.0,48,13.81,debt_consolidation,0.037,0.048,0
25,34147.0,1.0,OWN,0.0,6,1,0.443,23729.0,36,6.47,medical,0.232,0.255,0
54,52249.0,9.7,OWN,30.7,7,0,0.358,4709.0,48,9.08,small_business,0.023,0.027,0
68,35697.0,2.4,RENT,45.6,9,0,0.351,11192.0,24,7.36,debt_consolidation,0.157,0.169,0
35,52509.0,2.0,MORTGAGE,16.6,2,1,0.206,8162.0,24,7.92,credit_card,0.078,0.084,0
25,91177.0,8.7,RENT,1.7,5,1,0.287,22558.0,48,9.34,major_purchase,0.062,0.074,0
35,75095.0,16.3,MORTGAGE,16.1,3,0,0.366,4582.0,36,8.77,credit_card,0.02,0.023,0
40,187601.0,14.8,RENT,19.5,4,0,0.314,3703.0,12,8.06,credit_card,0.02,0.021,0
47,98345.0,0.9,MORTGAGE,27.4,9,0,0.42,28536.0,12,7.1,debt_consolidation,0.29,0.301,0
33,59994.0,4.2,RENT,13.7,9,1,0.6,3738.0,36,9.76,other,0.021,0.024,0
59,76007.0,0.6,OWN,39.9,8,0,0.086,3589.0,24,9.21,medical,0.024,0.026,0
27,48961.0,19.5,RENT,3.2,7,0,0.355,8299.0,24,9.06,home_improvement,0.085,0.093,0
19,30830.0,1.5,RENT,0.0,8,0,0.131,13034.0,60,9.12,medical,0.085,0.106,0
53,104077.0,1.3,OWN,32.8,4,1,0.175,9821.0,48,10.16,small_business,0.024,0.029,0
18,89724.0,13.2,MORTGAGE,0.0,4,1,0.012,2561.0,12,7.07,debt_consolidation,0.029,0.03,0
38,48025.0,20.6,MORTGAGE,7.5,5,1,0.371,10786.0,36,8.21,home_improvement,0.075,0.085,0
75,62129.0,7.2,MORTGAGE,55.5,4,0,0.131,21190.0,48,8.95,other,0.085,0.102,0
40,100757.0,0.8,RENT,19.6,6,0,0.099,5846.0,36,6.85,small_business,0.019,0.021,0
27,82717.0,4.0,RENT,6.7,5,0,0.034,14571.0,36,7.18,debt_consolidation,0.059,0.065,0
39,26068.0,10.2,MORTGAGE,12.8,8,0,0.367,19737.0,12,11.43,home_improvement,0.757,0.805,0
39,61194.0,5.1,RENT,19.7,2,0,0.258,8668.0,48,10.37,credit_card,0.035,0.043,0
42,49821.0,0.9,OWN,11.1,1,0,0.232,5203.0,36,11.22,small_business,0.035,0.041,0
48,94514.0,1.1,OWN,28.9,2,1,0.232,2986.0,36,8.54,debt_consolidation,0.011,0.012,0
28,90719.0,12.0,MORTGAGE,9.7,0,0,0.168,13414.0,36,6.59,small_business,0.049,0.054,0
60,104747.0,4.5,RENT,41.4,5,0,0.258,12666.0,24,12.53,medical,0.06,0.069,0
43,30979.0,7.3,RENT,23.3,5,1,0.178,14388.0,24,10.98,home_improvement,0.232,0.26,0
49,36605.0,2.8,RENT,27.9,6,2,0.286,8666.0,24,10.44,debt_consolidation,0.118,0.132,0
32,94565.0,4.6,RENT,11.8,2,0,0.539,7342.0,60,8.26,major_purchase,0.016,0.019,0
55,40303.0,22.7,MORTGAGE,35.6,4,0,0.506,3497.0,36,10.05,other,0.029,0.034,0
37,25318.0,2.4,MORTGAGE,16.5,2,0,0.214,17894.0,60,7.56,home_improvement,0.141,0.17,1
43,70707.0,6.7,OWN,19.5,4,0,0.12,4161.0,36,7.6,small_business,0.02,0.022,0
29,41208.0,1.1,OWN,5.5,8,0,0.305,8205.0,12,7.86,credit_card,0.199,0.208,0
28,132574.0,0.8,RENT,6.1,3,0,0.046,17990.0,60,9.3,credit_card,0.027,0.034,0
48,62824.0,9.2,RENT,20.9,3,0,0.302,6959.0,36,9.4,debt_consolidation,0.037,0.043,0
35,58696.0,11.2,RENT,14.3,3,0,0.413,5957.0,12,9.35,debt_consolidation,0.101,0.107,0
30,45043.0,6.6,MORTGAGE,12.0,3,1,0.192,18497.0,36,10.05,other,0.137,0.159,0
32,120020.0,1.0,MORTGAGE,13.0,3,0,0.273,11262.0,36,9.05,other,0.031,0.036,0
48,64814.0,1.7,RENT,28.8,5,1,0.058,8040.0,24,11.18,other,0.062,0.07,0
32,44168.0,14.5,MORTGAGE,11.6,5,0,0.256,12405.0,48,13.85,medical,0.07,0.092,0
39,36423.0,2.0,MORTGAGE,13.9,4,0,0.153,10278.0,12,8.7,credit_card,0.282,0.296,0
40,52222.0,10.3,MORTGAGE,16.5,4,0,0.142,3125.0,36,8.15,credit_card,0.02,0.023,0
18,33229.0,2.0,MORTGAGE,0.0,7,0,0.062,5810.0,24,9.3,home_improvement,0.087,0.096,1
22,90621.0,16.8,RENT,1.8,2,0,0.111,21802.0,48,10.3,debt_consolidation,0.06,0.074,0
44,21935.0,14.8,MORTGAGE,22.8,3,0,0.451,6809.0,36,6.59,medical,0.103,0.114,0
31,50526.0,0.3,MORTGAGE,0.0,2,0,0.194,7554.0,24,5.96,debt_consolidation,0.075,0.079,0
53,73502.0,8.8,MORTGAGE,34.9,6,0,0.353,13759.0,24,11.86,other,0.094,0.106,0
52,64284.0,1.1,RENT,32.1,5,1,0.444,14720.0,60,11.28,debt_consolidation,0.046,0.06,0
49,37849.0,1.5,MORTGAGE,17.7,7,2,0.521,20023.0,60,7.68,small_business,0.106,0.128,0
62,75367.0,3.7,MORTGAGE,32.7,7,1,0.466,10390.0,36,9.56,credit_card,0.046,0.053,1
39,34786.0,5.2,MORTGAGE,19.8,5,0,0.259,17972.0,60,12.69,major_purchase,0.103,0.14,0
48,53573.0,2.4,RENT,30.0,5,0,0.109,8556.0,24,11.53,credit_card,0.08,0.09,0
33,75051.0,5.1,RENT,12.3,4,0,0.165,20501.0,24,7.68,debt_consolidation,0.137,0.148,0
69,68286.0,1.1,RENT,44.9,3,0,0.088,29903.0,60,5.91,home_improvement,0.088,0.101,0
64,38657.0,0.1,RENT,44.8,4,0,0.069,4193.0,48,8.16,major_purchase,0.027,0.032,0
40,98592.0,5.1,MORTGAGE,13.8,6,0,0.45,44949.0,12,8.17,home_improvement,0.456,0.476,0
45,56576.0,4.4,MORTGAGE,25.8,5,0,0.108,33374.0,36,8.68,debt_consolidation,0.197,0.224,0
56,78551.0,7.0,MORTGAGE,35.2,0,0,0.433,20270.0,36,7.16,debt_consolidation,0.086,0.096,0
38,116372.0,6.3,RENT,16.2,6,2,0.302,10692.0,36,10.07,debt_consolidation,0.031,0.036,1
32,94728.0,13.7,RENT,12.7,11,1,0.233,2761.0,60,9.36,debt_consolidation,0.006,0.007,0
50,94851.0,3.7,RENT,30.7,7,3,0.195,14144.0,60,9.68,debt_consolidation,0.03,0.038,1
41,59655.0,0.1,MORTGAGE,21.1,4,0,0.415,8243.0,36,13.85,debt_consolidation,0.046,0.057,0
42,80577.0,6.0,MORTGAGE,18.6,6,0,0.043,32706.0,12,8.63,debt_consolidation,0.406,0.425,0
30,60283.0,6.7,MORTGAGE,11.7,5,0,0.119,36194.0,48,10.52,other,0.15,0.185,0
19,29594.0,4.4,MORTGAGE,0.0,5,1,0.191,10022.0,12,4.0,medical,0.339,0.346,0
43,63030.0,7.0,RENT,21.6,4,0,0.519,18730.0,48,8.61,home_improvement,0.074,0.088,0
51,61585.0,2.3,RENT,30.6,5,0,0.228,1875.0,36,12.07,other,0.01,0.012,0
37,72538.0,1.0,RENT,10.8,5,1,0.334,4810.0,36,6.78,home_improvement,0.022,0.024,0
57,50818.0,6.6,RENT,36.2,6,0,0.419,6687.0,36,11.95,debt_consolidation,0.044,0.052,0
32,37022.0,1.7,MORTGAGE,11.0,5,0,0.28,6733.0,48,9.6,major_purchase,0.045,0.055,0
27,75226.0,3.7,RENT,6.3,5,0,0.226,9155.0,48,5.84,debt_consolidation,0.03,0.034,0
39,28095.0,4.1,RENT,17.2,3,0,0.457,12206.0,60,11.17,credit_card,0.087,0.114,1
39,112354.0,3.9,MORTGAGE,20.6,11,0,0.333,9504.0,48,9.88,small_business,0.021,0.026,0
49,48257.0,5.5,MORTGAGE,24.3,7,1,0.168,27932.0,48,8.18,credit_card,0.145,0.17,0
31,61253.0,0.2,MORTGAGE,12.9,2,0,0.275,13116.0,24,10.47,small_business,0.107,0.119,0
56,71631.0,27.4,MORTGAGE,34.9,5,1,0.066,13398.0,12,9.47,small_business,0.187,0.197,0
64,72791.0,7.6,OWN,43.1,7,0,0.627,13172.0,36,9.44,debt_consolidation,0.06,0.069,0
40,26783.0,3.3,MORTGAGE,21.3,3,1,0.07,9028.0,36,9.16,medical,0.112,0.129,0
55,81801.0,1.3,RENT,36.9,9,1,0.194,13864.0,36,7.84,credit_card,0.056,0.064,0
27,63043.0,0.5,MORTGAGE,8.6,6,0,0.15,18475.0,48,7.65,other,0.073,0.085,0
53,39433.0,6.7,MORTGAGE,34.0,3,0,0.462,5624.0,36,11.68,credit_card,0.048,0.057,0
53,37241.0,2.3,RENT,28.6,4,0,0.279,3786.0,48,7.52,credit_card,0.025,0.03,1
50,45843.0,1.6,RENT,26.2,9,0,0.614,21554.0,48,7.57,credit_card,0.118,0.137,0
40,28300.0,2.9,OWN,21.8,7,1,0.357,12647.0,24,8.4,major_purchase,0.223,0.244,0
18,128173.0,5.4,MORTGAGE,0.0,5,0,0.145,13596.0,48,10.7,debt_consolidation,0.027,0.033,1
32,113900.0,6.7,RENT,7.4,2,0,0.181,5173.0,60,7.59,home_improvement,0.009,0.011,0
32,67904.0,6.2,OWN,13.2,6,2,0.135,8525.0,36,7.26,medical,0.042,0.047,0
28,48451.0,11.9,MORTGAGE,0.0,3,0,0.104,10609.0,36,9.07,home_improvement,0.073,0.084,0
41,49092.0,1.5,MORTGAGE,22.1,3,0,0.652,4936.0,12,9.1,debt_consolidation,0.101,0.106,0
35,79145.0,6.1,RENT,13.0,5,1,0.342,11825.0,60,9.73,debt_consolidation,0.03,0.038,0
30,130472.0,0.6,OWN,10.4,3,0,0.144,15256.0,48,9.8,debt_consolidation,0.029,0.035,0
27,40733.0,4.8,OWN,8.6,6,0,0.095,11776.0,36,8.65,credit_card,0.096,0.11,0
31,30983.0,5.3,MORTGAGE,12.1,5,0,0.671,15418.0,36,9.51,debt_consolidation,0.166,0.191,0
53,117456.0,1.5,MORTGAGE,31.6,8,0,0.236,28554.0,36,9.05,debt_consolidation,0.081,0.093,0
32,22169.0,3.0,RENT,12.8,5,0,0.463,26316.0,24,9.22,other,0.594,0.652,0
34,32720.0,10.5,MORTGAGE,13.2,7,1,0.527,5995.0,12,9.04,debt_consolidation,0.183,0.192,0
35,47886.0,1.0,RENT,16.3,1,1,0.14,4792.0,60,10.83,major_purchase,0.02,0.026,0
44,24829.0,3.4,MORTGAGE,24.2,5,0,0.086,6640.0,60,10.31,medical,0.053,0.069,0
45,94473.0,16.2,MORTGAGE,24.8,3,0,0.184,11125.0,60,13.25,debt_consolidation,0.024,0.032,0
18,83154.0,4.2,RENT,0.0,3,2,0.073,7017.0,48,9.07,other,0.021,0.025,0
52,40644.0,7.7,RENT,33.3,2,0,0.156,28241.0,36,8.72,credit_card,0.232,0.264,0
57,102725.0,10.5,RENT,37.1,3,2,0.2,7669.0,36,7.02,debt_consolidation,0.025,0.028,0
27,111820.0,1.4,MORTGAGE,5.5,6,1,0.149,7994.0,36,10.48,debt_consolidation,0.024,0.028,0
28,51196.0,1.5,RENT,0.0,3,1,0.115,19854.0,24,10.11,other,0.194,0.215,0
35,43246.0,8.5,OWN,12.3,4,0,0.363,10825.0,48,5.68,debt_consolidation,0.063,0.07,0
31,167678.0,8.4,RENT,12.5,3,0,0.328,7205.0,12,11.63,major_purchase,0.043,0.046,0
43,77698.0,0.4,OWN,24.0,8,0,0.305,7706.0,36,10.44,debt_consolidation,0.033,0.039,0
18,61584.0,2.3,OWN,0.0,6,0,0.208,4114.0,24,7.2,credit_card,0.033,0.036,0
27,107127.0,3.1,RENT,8.6,3,1,0.234,8226.0,36,6.77,debt_consolidation,0.026,0.028,0
58,63005.0,10.6,MORTGAGE,39.1,6,0,0.07,4654.0,36,7.53,major_purchase,0.025,0.028,0
29,42074.0,3.3,RENT,10.3,1,0,0.12,5053.0,48,12.12,debt_consolidation,0.03,0.038,0
55,56392.0,15.6,MORTGAGE,36.3,5,0,0.505,15469.0,24,10.8,debt_consolidation,0.137,0.153,0
44,91065.0,34.1,MORTGAGE,25.2,5,1,0.124,17029.0,36,9.03,credit_card,0.062,0.071,0
18,20008.0,9.1,RENT,0.0,8,0,0.254,50233.0,36,8.38,credit_card,0.837,0.949,0
48,46910.0,6.6,RENT,29.6,3,0,0.111,25042.0,36,7.76,credit_card,0.178,0.2,0
39,108178.0,3.0,RENT,20.0,5,0,0.607,20539.0,36,6.93,credit_card,0.063,0.07,0
35,41943.0,0.4,MORTGAGE,13.5,4,0,0.197,8249.0,60,10.54,debt_consolidation,0.039,0.051,0
43,117366.0,5.1,MORTGAGE,24.2,4,1,0.124,11973.0,12,11.53,debt_consolidation,0.102,0.108,0
46,109905.0,2.7,MORTGAGE,27.4,3,2,0.141,26070.0,36,13.23,credit_card,0.079,0.096,0
48,52430.0,2.6,OWN,29.8,7,0,0.239,10032.0,12,10.59,debt_consolidation,0.191,0.202,0
54,40771.0,7.0,MORTGAGE,33.9,9,0,0.145,19430.0,36,5.84,other,0.159,0.174,0
45,46926.0,3.7,MORTGAGE,21.5,4,1,0.196,16108.0,36,10.3,credit_card,0.114,0.133,0
23,205316.0,8.4,MORTGAGE,4.8,7,0,0.348,24609.0,12,6.69,credit_card,0.12,0.124,1
34,138304.0,3.0,RENT,13.7,7,0,0.248,19834.0,36,10.67,credit_card,0.048,0.056,0
75,57682.0,1.0,MORTGAGE,53.8,5,1,0.369,5971.0,60,9.09,small_business,0.021,0.026,0
49,39972.0,3.7,RENT,28.3,4,0,0.283,19615.0,60,11.23,debt_consolidation,0.098,0.129,0
68,57441.0,18.1,RENT,43.7,6,0,0.268,8411.0,48,11.18,credit_card,0.037,0.046,0
57,61201.0,9.7,MORTGAGE,33.0,6,1,0.192,11610.0,36,6.82,credit_card,0.063,0.07,0
43,29095.0,1.4,RENT,24.8,4,0,0.34,8020.0,12,8.72,credit_card,0.276,0.289,0
44,56389.0,3.0,MORTGAGE,24.7,4,0,0.493,27825.0,36,11.05,debt_consolidation,0.164,0.194,0
40,104946.0,15.8,MORTGAGE,18.7,4,1,0.126,11007.0,60,6.82,credit_card,0.021,0.025,0
19,22034.0,0.8,MORTGAGE,0.0,8,1,0.481,16127.0,36,11.35,major_purchase,0.244,0.289,0
40,81903.0,1.8,MORTGAGE,17.1,3,0,0.049,7127.0,12,5.6,medical,0.087,0.09,0
55,107732.0,1.8,MORTGAGE,36.4,1,1,0.15,9597.0,36,9.96,home_improvement,0.03,0.034,0
33,40934.0,5.1,MORTGAGE,14.0,4,0,0.4,4522.0,60,9.46,medical,0.022,0.028,0
45,126385.0,3.2,OWN,22.7,2,1,0.537,10283.0,36,10.24,major_purchase,0.027,0.032,1
50,38362.0,0.5,OWN,30.1,4,0,0.23,13178.0,48,8.28,small_business,0.086,0.101,0
29,67544.0,6.0,MORTGAGE,8.6,6,0,0.076,10118.0,36,7.36,debt_consolidation,0.05,0.056,0
35,46472.0,0.6,RENT,14.2,5,0,0.412,6225.0,36,6.03,home_improvement,0.045,0.049,0
28,46467.0,5.6,MORTGAGE,9.7,7,2,0.169,5778.0,36,11.04,debt_consolidation,0.041,0.049,0
30,39789.0,4.2,MORTGAGE,6.2,8,0,0.071,30992.0,48,7.86,credit_card,0.195,0.228,0
25,76825.0,4.1,OWN,1.0,5,0,0.105,10120.0,36,9.78,debt_consolidation,0.044,0.051,0
29,82818.0,0.4,RENT,9.1,4,1,0.144,5886.0,48,4.0,major_purchase,0.018,0.019,1
57,52459.0,6.1,RENT,36.0,3,0,0.274,7726.0,36,9.06,debt_consolidation,0.049,0.056,0
29,27447.0,3.4,OWN,7.8,4,1,0.245,8503.0,24,7.82,debt_consolidation,0.155,0.168,0
42,66276.0,3.2,OWN,23.4,8,0,0.303,11935.0,12,9.88,major_purchase,0.18,0.19,0
34,66904.0,5.4,OWN,15.6,5,1,0.252,22785.0,36,5.39,debt_consolidation,0.114,0.123,0
54,48613.0,5.6,MORTGAGE,35.9,9,3,0.218,15418.0,36,9.04,debt_consolidation,0.106,0.121,0
56,137808.0,0.1,OWN,30.7,2,0,0.183,6872.0,24,6.92,other,0.025,0.027,0
50,24786.0,0.8,OWN,30.7,3,0,0.461,37186.0,48,9.3,major_purchase,0.375,0.451,1
44,17879.0,1.6,MORTGAGE,25.7,6,0,0.277,21793.0,48,10.45,credit_card,0.305,0.374,0
37,37593.0,6.8,RENT,17.1,5,0,0.119,49222.0,24,10.1,home_improvement,0.655,0.726,0
26,77282.0,5.2,MORTGAGE,7.8,5,0,0.151,7774.0,60,10.87,other,0.02,0.026,0
63,31955.0,8.5,MORTGAGE,44.7,4,2,0.044,2862.0,48,11.18,credit_card,0.022,0.028,0
31,33174.0,8.1,RENT,11.0,7,1,0.115,19041.0,48,10.3,debt_consolidation,0.143,0.176,1
48,87161.0,11.5,RENT,27.9,6,1,0.183,18368.0,24,8.0,medical,0.105,0.114,0
53,68273.0,2.8,RENT,32.4,6,0,0.084,20353.0,36,5.17,small_business,0.099,0.107,0
33,65417.0,2.5,RENT,11.8,9,1,0.16,4771.0,36,10.31,credit_card,0.024,0.028,0
52,80075.0,10.7,MORTGAGE,30.7,3,1,0.069,4482.0,36,9.94,debt_consolidation,0.019,0.022,0
49,43801.0,1.6,RENT,29.3,6,0,0.272,13820.0,48,7.59,major_purchase,0.079,0.092,0
61,44824.0,3.7,MORTGAGE,39.9,7,0,0.084,6713.0,24,8.53,other,0.075,0.082,0
34,81218.0,1.3,RENT,14.9,7,1,0.229,26789.0,60,12.25,debt_consolidation,0.066,0.089,1
25,27655.0,14.7,RENT,5.3,6,1,0.232,28768.0,36,11.09,other,0.347,0.409,1
34,18558.0,3.1,MORTGAGE,14.5,3,0,0.428,4997.0,60,11.53,debt_consolidation,0.054,0.071,0
43,43624.0,1.4,MORTGAGE,23.8,4,0,0.504,17876.0,24,10.11,credit_card,0.205,0.227,0
41,86287.0,7.1,RENT,22.2,4,0,0.248,6772.0,36,5.86,major_purchase,0.026,0.029,0
35,61561.0,1.7,RENT,16.8,6,1,0.021,13802.0,48,12.63,debt_consolidation,0.056,0.072,0
18,83170.0,17.2,MORTGAGE,0.0,1,0,0.728,12984.0,36,7.35,home_improvement,0.052,0.058,0
46,19769.0,2.7,RENT,25.7,5,1,0.35,18919.0,36,5.48,medical,0.319,0.347,0
64,63434.0,6.6,MORTGAGE,44.8,6,0,0.245,13063.0,36,9.1,debt_consolidation,0.069,0.079,0
46,75127.0,2.5,RENT,16.8,7,0,0.244,13643.0,48,8.01,debt_consolidation,0.045,0.053,0
47,27573.0,9.9,RENT,26.6,2,0,0.178,6353.0,36,7.71,other,0.077,0.086,0
47,83369.0,13.6,MORTGAGE,22.4,3,0,0.404,18856.0,48,6.53,debt_consolidation,0.057,0.064,0
45,51238.0,9.3,RENT,24.5,1,1,0.447,14422.0,36,9.69,debt_consolidation,0.094,0.108,0
51,251618.0,11.3,OWN,32.4,4,0,0.193,9479.0,48,8.32,debt_consolidation,0.009,0.011,1
45,18240.0,0.6,MORTGAGE,16.0,10,0,0.239,9955.0,36,8.59,small_business,0.182,0.207,0
36,107426.0,15.5,MORTGAGE,11.5,3,1,0.019,15079.0,12,10.05,small_business,0.14,0.148,0
30,44486.0,5.9,OWN,10.1,2,0,0.307,4781.0,36,7.62,medical,0.036,0.04,0
37,24135.0,12.2,RENT,18.2,2,1,0.624,10139.0,12,10.07,debt_consolidation,0.42,0.443,0
44,41628.0,6.9,RENT,25.2,4,0,0.402,13891.0,36,6.69,credit_card,0.111,0.123,0
36,62239.0,1.4,MORTGAGE,13.1,7,0,0.115,22167.0,12,9.41,debt_consolidation,0.356,0.375,0
44,91011.0,5.6,RENT,25.8,4,0,0.456,3270.0,36,6.63,debt_consolidation,0.012,0.013,0
45,128153.0,0.6,RENT,24.0,4,1,0.145,5447.0,48,10.08,debt_consolidation,0.011,0.013,0
50,110299.0,7.1,MORTGAGE,28.9,9,1,0.164,10919.0,60,8.95,credit_card,0.02,0.025,0
55,33433.0,3.2,OWN,36.4,7,0,0.498,17061.0,24,9.34,other,0.255,0.281,0
41,95328.0,1.0,MORTGAGE,19.3,5,1,0.213,10049.0,24,7.13,medical,0.053,0.057,0
24,65883.0,23.2,RENT,2.3,8,1,0.31,16897.0,48,10.7,debt_consolidation,0.064,0.079,0
36,39054.0,13.9,MORTGAGE,16.7,2,0,0.234,8023.0,24,7.82,home_improvement,0.103,0.111,0
41,48730.0,13.4,MORTGAGE,21.0,3,0,0.302,21678.0,12,12.08,small_business,0.445,0.475,0
18,37990.0,9.3,MORTGAGE,0.0,4,0,0.544,7726.0,60,11.07,debt_consolidation,0.041,0.053,0
57,55191.0,7.1,RENT,36.8,7,0,0.219,21490.0,60,8.69,home_improvement,0.078,0.096,0
42,37615.0,6.4,RENT,21.1,3,0,0.578,23538.0,24,10.55,major_purchase,0.313,0.348,0
45,32403.0,0.7,RENT,25.4,9,0,0.162,14203.0,36,8.86,small_business,0.146,0.167,0
56,68841.0,13.8,MORTGAGE,37.5,4,0,0.273,11883.0,48,10.3,home_improvement,0.043,0.053,1
32,74189.0,12.8,RENT,0.0,3,0,0.195,46272.0,60,7.94,major_purchase,0.125,0.152,0
47,49326.0,8.3,RENT,26.7,6,0,0.346,21016.0,36,8.28,other,0.142,0.161,0
39,107347.0,15.7,RENT,19.8,5,0,0.262,17475.0,36,10.04,home_improvement,0.054,0.063,0
38,47562.0,4.8,MORTGAGE,16.2,4,0,0.623,6120.0,48,9.06,small_business,0.032,0.038,0
31,46565.0,3.6,RENT,10.1,9,1,0.382,21771.0,24,8.55,home_improvement,0.234,0.255,0
60,75376.0,20.6,MORTGAGE,41.2,2,1,0.249,10094.0,36,5.46,debt_consolidation,0.045,0.048,0
35,50705.0,3.7,OWN,10.7,3,1,0.178,38696.0,48,8.64,home_improvement,0.191,0.226,0
48,56523.0,6.2,MORTGAGE,29.8,6,0,0.199,9000.0,24,10.77,other,0.08,0.089,0
18,15364.0,2.8,MORTGAGE,0.0,5,0,0.094,12680.0,48,11.35,debt_consolidation,0.206,0.258,0
54,54631.0,6.1,RENT,34.1,1,0,0.114,9684.0,48,5.42,debt_consolidation,0.044,0.049,0
53,21729.0,7.6,RENT,33.9,6,0,0.319,11398.0,48,10.9,major_purchase,0.131,0.162,0
41,29423.0,5.9,MORTGAGE,17.7,7,0,0.266,10823.0,48,10.7,debt_consolidation,0.092,0.113,1
37,27787.0,4.3,RENT,15.8,6,0,0.379,3744.0,36,9.4,credit_card,0.045,0.052,0
45,32167.0,2.1,MORTGAGE,22.7,3,2,0.197,7437.0,36,9.57,home_improvement,0.077,0.089,0
67,41174.0,6.2,RENT,47.4,3,1,0.224,7101.0,60,10.26,major_purchase,0.034,0.044,0
19,42479.0,14.3,RENT,0.0,7,1,0.328,13897.0,48,9.15,major_purchase,0.082,0.098,1
49,75519.0,0.0,MORTGAGE,29.7,3,1,0.245,14006.0,48,8.88,debt_consolidation,0.046,0.055,0
29,60548.0,0.9,OWN,8.7,1,0,0.243,6405.0,12,10.72,major_purchase,0.106,0.112,0
40,20941.0,0.8,MORTGAGE,13.9,7,0,0.126,17436.0,24,12.38,medical,0.416,0.472,0
37,56480.0,15.4,RENT,18.7,4,2,0.053,11678.0,60,10.32,other,0.041,0.053,0
35,63521.0,6.5,RENT,16.7,7,0,0.171,15097.0,36,5.67,debt_consolidation,0.079,0.086,0
40,45969.0,18.2,MORTGAGE,6.6,2,0,0.413,14178.0,36,8.98,major_purchase,0.103,0.118,0
26,52552.0,5.2,RENT,0.0,1,0,0.619,5314.0,48,10.41,debt_consolidation,0.025,0.031,0
52,59585.0,3.7,MORTGAGE,29.6,2,1,0.257,10703.0,36,12.26,major_purchase,0.06,0.072,1
18,79404.0,9.4,OWN,0.0,6,1,0.389,17078.0,48,7.16,debt_consolidation,0.054,0.062,0
46,24651.0,1.1,OWN,25.9,5,2,0.306,12731.0,36,12.06,debt_consolidation,0.172,0.206,0
36,47947.0,2.9,MORTGAGE,17.1,4,1,0.091,12847.0,36,7.77,debt_consolidation,0.089,0.1,0
26,115170.0,3.8,RENT,6.3,5,1,0.226,11645.0,48,13.15,credit_card,0.025,0.033,0
42,110010.0,2.1,MORTGAGE,22.3,6,0,0.279,6987.0,48,9.84,major_purchase,0.016,0.019,0
21,82906.0,2.8,MORTGAGE,2.9,4,1,0.132,15554.0,36,9.92,small_business,0.063,0.073,0
40,70857.0,0.5,MORTGAGE,20.2,3,0,0.26,5679.0,60,11.22,debt_consolidation,0.016,0.021,0
23,123911.0,1.3,OWN,3.0,4,0,0.032,8568.0,36,12.46,medical,0.023,0.028,0
46,141340.0,2.5,MORTGAGE,24.7,3,0,0.076,4920.0,36,6.21,credit_card,0.012,0.013,0
29,50790.0,9.5,RENT,8.8,6,0,0.304,14120.0,36,9.39,small_business,0.093,0.107,0
35,33366.0,1.2,MORTGAGE,11.1,5,0,0.576,12228.0,60,8.37,major_purchase,0.073,0.09,0
44,47328.0,2.6,OWN,24.6,5,0,0.126,17643.0,36,6.07,debt_consolidation,0.124,0.136,0
31,254829.0,0.4,OWN,11.4,2,0,0.448,10711.0,36,10.9,debt_consolidation,0.014,0.016,0
39,24719.0,4.9,MORTGAGE,18.5,3,0,0.303,8462.0,48,11.83,other,0.086,0.108,0
22,42819.0,5.7,OWN,3.3,6,0,0.112,12339.0,24,11.89,credit_card,0.144,0.163,0
48,26733.0,12.0,MORTGAGE,28.5,4,0,0.267,26262.0,36,7.4,major_purchase,0.327,0.366,0
61,57664.0,10.3,MORTGAGE,39.5,4,0,0.078,31220.0,48,7.2,credit_card,0.135,0.156,0
74,29693.0,2.0,RENT,54.4,5,0,0.305,13224.0,60,9.51,medical,0.089,0.112,0
41,51309.0,0.9,OWN,15.9,8,1,0.321,36948.0,24,7.33,debt_consolidation,0.36,0.388,0
49,20434.0,1.0,OWN,28.1,3,1,0.226,17796.0,12,9.65,debt_consolidation,0.871,0.917,1
19,73778.0,20.8,RENT,0.5,6,2,0.167,12081.0,24,7.89,other,0.082,0.089,0
58,99825.0,6.7,RENT,38.0,5,0,0.392,7880.0,24,8.04,major_purchase,0.039,0.043,0
49,44713.0,0.3,MORTGAGE,26.7,0,0,0.026,16613.0,60,10.46,small_business,0.074,0.096,0
34,50637.0,0.9,MORTGAGE,12.9,3,0,0.156,7353.0,24,8.3,medical,0.073,0.079,0
55,49926.0,4.0,RENT,30.5,11,0,0.466,4620.0,48,8.47,home_improvement,0.023,0.027,0
37,59305.0,1.4,MORTGAGE,14.8,2,1,0.468,9062.0,48,10.08,debt_consolidation,0.038,0.047,1
35,53152.0,9.8,MORTGAGE,16.8,4,0,0.457,10439.0,24,9.55,home_improvement,0.098,0.108,0
46,79543.0,5.1,MORTGAGE,27.6,3,1,0.21,10028.0,36,8.33,medical,0.042,0.048,0
27,100360.0,5.7,OWN,5.9,5,2,0.566,13779.0,12,12.72,debt_consolidation,0.137,0.147,0
52,36061.0,3.7,MORTGAGE,33.2,4,0,0.602,18389.0,12,12.97,debt_consolidation,0.51,0.546,0
27,46413.0,1.8,MORTGAGE,6.3,2,0,0.458,3345.0,48,9.89,debt_consolidation,0.018,0.022,0
27,85034.0,5.3,MORTGAGE,4.3,2,0,0.172,7841.0,60,5.75,medical,0.018,0.021,0
29,26613.0,7.6,RENT,8.4,4,0,0.185,6400.0,36,7.9,small_business,0.08,0.09,0
49,20224.0,2.8,MORTGAGE,29.4,4,0,0.481,3927.0,48,5.59,debt_consolidation,0.049,0.054,0
33,60667.0,4.2,MORTGAGE,11.9,6,0,0.347,11154.0,36,12.69,debt_consolidation,0.061,0.074,0
24,69437.0,11.0,RENT,5.5,3,1,0.083,10258.0,60,7.44,debt_consolidation,0.03,0.035,0
33,37754.0,1.0,MORTGAGE,11.1,4,0,0.143,16356.0,48,9.38,other,0.108,0.13,0
40,40566.0,4.7,OWN,18.4,2,0,0.101,3277.0,60,10.22,debt_consolidation,0.016,0.021,0
26,37046.0,2.6,OWN,5.8,1,0,0.235,2537.0,36,10.27,credit_card,0.023,0.027,0
26,35120.0,7.3,RENT,7.0,10,1,0.564,11797.0,24,8.45,credit_card,0.168,0.183,0
65,76630.0,0.1,MORTGAGE,42.2,3,0,0.309,16924.0,12,10.89,credit_card,0.221,0.234,0
30,30024.0,6.7,RENT,9.9,3,1,0.298,12797.0,36,6.43,major_purchase,0.142,0.157,0
36,47441.0,0.7,OWN,17.8,5,1,0.275,6087.0,24,7.09,home_improvement,0.064,0.069,0
36,34452.0,0.4,RENT,10.5,4,1,0.191,6468.0,60,9.45,home_improvement,0.038,0.047,0
35,26170.0,7.7,OWN,12.6,3,0,0.101,7990.0,12,13.08,small_business,0.305,0.327,0
47,83708.0,6.1,OWN,26.4,4,0,0.287,8024.0,24,8.88,home_improvement,0.048,0.052,0
51,41776.0,13.5,RENT,31.3,3,2,0.157,18785.0,36,11.73,credit_card,0.15,0.179,0
36,59529.0,4.4,RENT,8.4,8,0,0.119,5929.0,36,11.35,home_improvement,0.033,0.039,1
25,25488.0,4.5,RENT,2.5,5,0,0.365,18425.0,24,8.49,other,0.361,0.394,0
55,37385.0,7.4,OWN,34.7,5,3,0.477,9676.0,60,11.09,medical,0.052,0.068,0
39,79066.0,2.3,MORTGAGE,17.8,5,1,0.064,7800.0,24,10.67,debt_consolidation,0.049,0.055,0
61,197528.0,0.2,OWN,42.0,3,1,0.225,16671.0,24,9.08,debt_consolidation,0.042,0.046,0
18,20169.0,1.6,RENT,0.0,4,0,0.178,4810.0,36,8.04,debt_consolidation,0.079,0.09,0
42,48994.0,1.6,OWN,23.0,5,0,0.381,11672.0,36,13.38,debt_consolidation,0.079,0.097,0
63,66579.0,2.5,MORTGAGE,44.0,5,1,0.394,8315.0,36,8.42,major_purchase,0.042,0.047,0
36,39813.0,17.2,MORTGAGE,14.0,4,1,0.096,11044.0,12,5.81,home_improvement,0.277,0.286,0
37,82848.0,9.8,MORTGAGE,18.5,4,0,0.293,10959.0,36,8.5,credit_card,0.044,0.05,0
44,35124.0,16.5,OWN,21.5,0,1,0.473,9063.0,24,9.99,major_purchase,0.129,0.143,0
33,58508.0,39.5,RENT,12.8,5,1,0.305,9817.0,24,8.55,debt_consolidation,0.084,0.092,0
36,41730.0,3.4,OWN,16.5,5,0,0.315,2762.0,36,11.2,major_purchase,0.022,0.026,0
36,99680.0,1.5,OWN,16.9,2,0,0.128,24251.0,48,7.94,debt_consolidation,0.061,0.071,0
32,38631.0,4.9,MORTGAGE,11.8,3,1,0.46,11827.0,12,11.47,home_improvement,0.306,0.326,0
55,45436.0,12.8,RENT,35.9,2,0,0.273,16704.0,36,8.55,major_purchase,0.123,0.139,0
46,86929.0,3.8,MORTGAGE,26.3,5,0,0.197,14428.0,48,7.37,major_purchase,0.041,0.048,0
43,32402.0,4.2,RENT,21.0,2,0,0.544,14884.0,24,8.82,home_improvement,0.23,0.251,0
50,56071.0,0.9,MORTGAGE,29.0,3,0,0.109,10243.0,48,10.94,small_business,0.046,0.057,0
37,21780.0,3.3,MORTGAGE,14.9,1,0,0.393,35247.0,24,8.0,debt_consolidation,0.809,0.878,1
31,31446.0,2.9,MORTGAGE,9.3,8,0,0.325,13009.0,48,9.06,other,0.103,0.124,0
33,65583.0,2.6,RENT,9.9,5,0,0.297,4486.0,36,8.3,small_business,0.023,0.026,0
40,33013.0,13.1,RENT,21.3,10,1,0.303,10889.0,36,7.59,debt_consolidation,0.11,0.123,0
27,41263.0,0.4,OWN,0.0,9,0,0.39,12973.0,36,8.83,small_business,0.105,0.12,0
34,69324.0,21.5,MORTGAGE,14.1,6,0,0.414,10246.0,36,11.38,home_improvement,0.049,0.058,0
34,40555.0,0.0,MORTGAGE,12.2,3,0,0.411,16024.0,48,9.68,debt_consolidation,0.099,0.12,0
65,81750.0,17.5,OWN,43.6,10,0,0.287,11183.0,48,8.1,small_business,0.034,0.04,0
18,60345.0,4.8,MORTGAGE,0.0,9,0,0.387,21175.0,12,8.05,small_business,0.351,0.366,0
38,67362.0,7.3,RENT,3.6,4,1,0.153,15045.0,36,5.92,other,0.074,0.081,0
61,100759.0,1.2,MORTGAGE,42.3,7,1,0.148,4800.0,36,11.43,home_improvement,0.016,0.019,0
41,63571.0,6.4,MORTGAGE,21.4,2,0,0.153,6065.0,36,9.46,home_improvement,0.032,0.037,0
49,116941.0,12.8,RENT,30.6,6,0,0.272,15122.0,12,7.83,debt_consolidation,0.129,0.135,0
41,85445.0,0.9,MORTGAGE,22.4,7,2,0.469,7574.0,60,8.69,credit_card,0.018,0.022,0
32,41701.0,0.8,MORTGAGE,10.3,1,1,0.651,19065.0,36,8.44,major_purchase,0.152,0.173,0
18,103422.0,2.2,MORTGAGE,0.0,4,1,0.3,9655.0,12,11.45,credit_card,0.093,0.099,0
42,61817.0,1.1,OWN,17.4,1,0,0.095,10605.0,48,11.08,debt_consolidation,0.043,0.053,0
31,44474.0,0.7,RENT,10.0,3,1,0.371,9980.0,12,10.64,home_improvement,0.224,0.238,1
30,62267.0,6.8,MORTGAGE,10.3,9,1,0.281,9410.0,12,8.45,home_improvement,0.151,0.158,0
34,94482.0,1.4,OWN,14.8,8,0,0.222,5016.0,36,11.53,debt_consolidation,0.018,0.021,0
61,68018.0,6.6,MORTGAGE,42.6,4,0,0.407,5387.0,36,9.62,medical,0.026,0.03,0
69,134753.0,11.9,RENT,43.4,3,1,0.297,15465.0,24,8.39,debt_consolidation,0.057,0.063,0
43,93271.0,6.3,RENT,21.3,7,0,0.493,5245.0,48,4.0,other,0.014,0.015,0
34,70374.0,0.8,OWN,14.8,6,2,0.198,15979.0,36,12.69,debt_consolidation,0.076,0.091,0
26,32434.0,5.1,MORTGAGE,7.8,5,0,0.273,12164.0,48,10.65,home_improvement,0.094,0.116,0
46,49520.0,3.0,RENT,26.8,4,0,0.353,8608.0,48,10.11,credit_card,0.043,0.053,0
61,56153.0,2.5,MORTGAGE,42.4,2,1,0.644,7171.0,36,7.63,debt_consolidation,0.043,0.048,0
37,76751.0,2.3,RENT,14.4,4,0,0.211,18611.0,48,9.91,home_improvement,0.061,0.074,0
18,74508.0,15.9,RENT,0.0,1,0,0.295,14322.0,24,8.72,debt_consolidation,0.096,0.105,0
48,58969.0,8.1,MORTGAGE,27.9,4,0,0.212,8222.0,60,9.14,credit_card,0.028,0.035,0
52,57537.0,0.9,MORTGAGE,27.5,11,0,0.438,11192.0,36,6.04,major_purchase,0.065,0.071,0
21,77670.0,3.9,MORTGAGE,2.4,6,1,0.188,9450.0,12,9.3,debt_consolidation,0.122,0.128,0
42,35267.0,2.3,OWN,22.2,2,0,0.184,9800.0,36,10.54,other,0.093,0.108,0
45,126470.0,22.9,RENT,23.3,2,1,0.276,53957.0,36,8.35,medical,0.142,0.161,0
39,19466.0,22.9,MORTGAGE,20.8,6,0,0.096,15853.0,24,9.06,home_improvement,0.407,0.447,0
31,112163.0,2.3,MORTGAGE,11.6,5,0,0.056,25258.0,60,8.4,small_business,0.045,0.055,0
52,52966.0,2.6,RENT,31.5,8,1,0.465,9565.0,36,10.17,credit_card,0.06,0.07,0
35,89437.0,5.5,MORTGAGE,15.6,3,0,0.084,2393.0,36,7.81,debt_consolidation,0.009,0.01,0
22,64986.0,3.9,OWN,2.0,5,0,0.176,9415.0,60,8.82,home_improvement,0.029,0.036,0
18,64410.0,1.4,RENT,0.0,4,0,0.182,11690.0,24,7.95,other,0.091,0.098,1
55,71477.0,6.5,MORTGAGE,35.6,7,2,0.678,9028.0,36,6.96,home_improvement,0.042,0.047,0
47,81188.0,2.4,MORTGAGE,28.7,5,1,0.174,12724.0,60,5.87,credit_card,0.031,0.036,0
41,45963.0,6.4,MORTGAGE,22.5,6,0,0.218,10911.0,12,7.49,small_business,0.237,0.247,0
35,90889.0,2.9,MORTGAGE,14.8,9,1,0.259,10579.0,60,8.32,debt_consolidation,0.023,0.029,0
34,31501.0,7.2,MORTGAGE,15.4,7,0,0.609,19426.0,24,8.28,debt_consolidation,0.308,0.336,0
27,54032.0,6.6,MORTGAGE,2.4,6,0,0.201,14858.0,36,8.01,debt_consolidation,0.092,0.103,0
35,82288.0,4.3,MORTGAGE,11.6,7,0,0.584,7846.0,36,6.65,major_purchase,0.032,0.035,0
18,89099.0,7.3,OWN,0.0,8,0,0.041,51089.0,24,8.43,other,0.287,0.313,0
31,68213.0,3.7,RENT,7.7,9,1,0.455,20530.0,36,7.68,debt_consolidation,0.1,0.113,0
36,44503.0,0.7,OWN,15.7,4,1,0.266,21897.0,36,8.64,medical,0.164,0.187,0
47,84826.0,1.2,MORTGAGE,28.5,3,0,0.116,9835.0,60,13.47,medical,0.023,0.032,0
40,38767.0,1.7,MORTGAGE,19.1,5,0,0.174,20125.0,24,8.29,home_improvement,0.26,0.283,0
50,130054.0,0.4,RENT,28.6,9,2,0.385,13585.0,36,9.99,credit_card,0.035,0.04,0
56,51931.0,7.5,MORTGAGE,37.7,3,0,0.153,8084.0,24,10.76,debt_consolidation,0.078,0.087,0
53,25089.0,2.7,MORTGAGE,33.9,5,0,0.141,9654.0,36,10.29,debt_consolidation,0.128,0.15,0
46,29812.0,0.6,RENT,28.0,4,2,0.253,7821.0,36,6.45,other,0.087,0.096,0
40,55372.0,10.3,RENT,20.9,3,1,0.01,27761.0,60,9.58,debt_consolidation,0.1,0.127,0
28,58100.0,6.9,RENT,8.8,8,0,0.244,11372.0,36,5.77,credit_card,0.065,0.071,0
49,145049.0,3.6,MORTGAGE,28.0,2,0,0.223,8905.0,36,7.84,credit_card,0.02,0.023,0
60,32233.0,1.7,RENT,41.3,5,0,0.118,9600.0,36,12.59,debt_consolidation,0.099,0.12,0
44,55256.0,1.0,OWN,25.9,8,0,0.182,16458.0,12,6.91,small_business,0.298,0.309,0
63,31898.0,3.7,RENT,43.9,3,1,0.275,5085.0,36,7.29,credit_card,0.053,0.059,0
22,42348.0,13.0,OWN,0.0,6,0,0.409,7308.0,24,9.59,credit_card,0.086,0.095,0
26,125742.0,1.3,MORTGAGE,6.5,6,0,0.214,19908.0,36,8.16,debt_consolidation,0.053,0.06,0
50,30694.0,5.0,RENT,30.4,6,0,0.182,12699.0,36,10.06,medical,0.138,0.16,0
43,72658.0,19.6,MORTGAGE,23.1,5,0,0.142,9685.0,60,10.05,debt_consolidation,0.027,0.034,0
56,65937.0,6.1,OWN,33.8,8,0,0.36,27791.0,36,8.77,other,0.14,0.16,0
40,53526.0,3.5,MORTGAGE,20.0,3,0,0.089,19549.0,60,8.56,credit_card,0.073,0.09,0
30,70243.0,7.6,RENT,11.7,4,0,0.354,18488.0,24,11.9,credit_card,0.132,0.149,0
37,30333.0,10.4,RENT,18.3,6,1,0.286,5826.0,48,11.14,credit_card,0.048,0.06,0
22,124015.0,5.4,OWN,3.4,1,0,0.332,8322.0,12,10.82,credit_card,0.067,0.071,0
26,141835.0,12.3,RENT,5.9,5,0,0.301,7312.0,12,7.98,debt_consolidation,0.052,0.054,0
52,55467.0,4.3,MORTGAGE,33.9,8,0,0.146,12188.0,60,8.26,debt_consolidation,0.044,0.054,0
50,181962.0,10.6,MORTGAGE,31.0,5,0,0.463,22688.0,36,9.24,debt_consolidation,0.042,0.048,0
44,44377.0,18.2,MORTGAGE,23.2,7,0,0.603,22496.0,36,5.23,small_business,0.169,0.183,0
19,66185.0,4.2,RENT,0.0,3,1,0.35,11070.0,36,5.56,credit_card,0.056,0.061,0
36,110851.0,5.6,RENT,14.3,6,0,0.336,10447.0,24,7.12,debt_consolidation,0.047,0.051,0
25,43066.0,5.6,MORTGAGE,5.5,4,0,0.327,18216.0,48,6.85,medical,0.106,0.121,0
54,27153.0,9.1,MORTGAGE,24.4,4,1,0.154,9107.0,36,8.97,debt_consolidation,0.112,0.128,0
33,24201.0,10.4,MORTGAGE,4.9,3,0,0.21,9716.0,60,10.62,debt_consolidation,0.08,0.104,0
27,151814.0,0.2,RENT,4.2,9,0,0.586,9127.0,36,8.43,other,0.02,0.023,0
40,41585.0,7.9,MORTGAGE,12.7,8,1,0.216,23967.0,48,8.15,credit_card,0.144,0.169,0
32,49372.0,9.2,MORTGAGE,13.3,6,0,0.096,9358.0,36,10.04,credit_card,0.063,0.073,0
58,31058.0,7.2,RENT,35.8,5,0,0.314,8619.0,24,9.44,other,0.139,0.153,0
31,87044.0,7.5,MORTGAGE,11.8,1,0,0.089,14490.0,36,6.24,debt_consolidation,0.055,0.061,0
23,36652.0,0.3,MORTGAGE,1.1,2,0,0.282,42925.0,48,10.19,debt_consolidation,0.293,0.358,0
18,42377.0,3.5,MORTGAGE,0.0,5,1,0.264,10873.0,24,8.94,credit_card,0.128,0.141,0
40,62929.0,10.2,MORTGAGE,21.0,2,0,0.184,15348.0,60,4.0,debt_consolidation,0.049,0.054,1
33,31824.0,16.3,RENT,5.4,4,0,0.307,9995.0,24,7.6,debt_consolidation,0.157,0.17,0
23,49549.0,1.6,OWN,4.3,14,1,0.234,6266.0,36,8.22,small_business,0.042,0.048,1
54,109218.0,5.2,MORTGAGE,31.7,4,0,0.306,8628.0,12,10.1,debt_consolidation,0.079,0.083,0
48,67113.0,9.8,RENT,26.6,4,0,0.412,7507.0,48,11.43,debt_consolidation,0.028,0.035,0
40,57830.0,8.4,MORTGAGE,20.9,3,0,0.297,22237.0,48,11.84,medical,0.096,0.121,0
56,60321.0,5.8,MORTGAGE,36.2,3,0,0.276,16190.0,36,5.51,debt_consolidation,0.089,0.097,0
48,44597.0,0.1,RENT,29.5,3,0,0.265,17185.0,36,8.68,medical,0.128,0.146,0
30,146984.0,7.7,MORTGAGE,4.4,4,0,0.111,10408.0,12,8.56,other,0.071,0.074,0
28,36095.0,8.9,OWN,0.0,4,1,0.256,5103.0,24,7.09,debt_consolidation,0.071,0.076,0
50,60202.0,7.7,MORTGAGE,28.0,5,1,0.566,11516.0,48,8.78,debt_consolidation,0.048,0.057,0
45,57384.0,8.7,MORTGAGE,21.3,5,0,0.398,4235.0,24,9.13,major_purchase,0.037,0.041,0
42,89714.0,3.4,RENT,23.7,7,0,0.512,3193.0,24,5.88,other,0.018,0.019,0
30,94050.0,30.5,RENT,10.5,7,1,0.197,10376.0,12,6.03,small_business,0.11,0.114,0
47,53316.0,8.8,MORTGAGE,27.8,3,1,0.143,3678.0,36,9.78,credit_card,0.023,0.027,0
31,62651.0,5.2,RENT,10.5,6,1,0.336,23851.0,24,12.0,debt_consolidation,0.19,0.215,0
39,63848.0,16.3,OWN,20.4,5,0,0.147,23479.0,36,10.34,debt_consolidation,0.123,0.143,0
57,17395.0,14.3,RENT,36.5,4,1,0.336,11192.0,36,12.67,medical,0.214,0.259,0
32,24477.0,10.1,RENT,10.8,8,1,0.537,6807.0,36,8.06,debt_consolidation,0.093,0.105,1
21,40033.0,5.0,RENT,2.6,1,0,0.16,18430.0,36,6.64,debt_consolidation,0.153,0.17,0
27,40913.0,4.5,MORTGAGE,8.6,2,0,0.271,59473.0,48,7.41,debt_consolidation,0.363,0.421,0
52,29743.0,2.4,MORTGAGE,33.9,6,0,0.452,8568.0,24,6.86,debt_consolidation,0.144,0.155,0
43,78810.0,1.7,MORTGAGE,20.7,4,2,0.054,22966.0,36,7.19,credit_card,0.097,0.108,0
38,54234.0,4.3,RENT,18.8,3,0,0.093,6288.0,24,4.98,debt_consolidation,0.058,0.061,0
34,48662.0,5.2,MORTGAGE,15.2,4,0,0.331,18908.0,24,10.52,credit_card,0.194,0.216,0
46,28909.0,1.7,OWN,23.5,3,0,0.381,15048.0,36,4.93,medical,0.174,0.187,0
30,52983.0,15.4,RENT,11.5,5,0,0.081,7088.0,12,7.47,credit_card,0.134,0.139,0
44,15000.0,4.9,RENT,24.3,5,1,0.228,16614.0,36,10.51,debt_consolidation,0.369,0.432,0
31,49937.0,4.5,OWN,8.9,3,0,0.304,9345.0,24,11.55,home_improvement,0.094,0.105,0
29,55915.0,3.4,RENT,8.4,5,0,0.317,17593.0,36,9.07,debt_consolidation,0.105,0.12,0
32,61142.0,0.4,MORTGAGE,11.6,8,1,0.049,12364.0,60,9.53,credit_card,0.04,0.051,0
35,24784.0,12.8,MORTGAGE,16.5,4,0,0.364,16281.0,36,10.0,credit_card,0.219,0.254,0
39,60622.0,2.3,MORTGAGE,20.4,7,0,0.111,9379.0,36,7.03,debt_consolidation,0.052,0.057,0
43,32186.0,6.2,MORTGAGE,22.4,4,0,0.499,6093.0,36,8.59,credit_card,0.063,0.072,0
18,36090.0,5.6,RENT,0.0,4,0,0.049,20193.0,36,8.21,debt_consolidation,0.187,0.211,0
30,77572.0,5.3,MORTGAGE,5.9,5,0,0.277,7555.0,36,7.66,credit_card,0.032,0.036,0
35,148310.0,4.5,RENT,15.7,5,1,0.101,36959.0,24,7.06,major_purchase,0.125,0.134,0
58,55586.0,1.2,RENT,38.4,5,0,0.086,5726.0,36,10.96,other,0.034,0.04,0
27,36006.0,2.0,RENT,8.1,4,0,0.144,20211.0,36,7.06,debt_consolidation,0.187,0.208,0
42,59536.0,4.5,MORTGAGE,17.7,7,1,0.519,25971.0,36,7.59,debt_consolidation,0.145,0.163,1
58,86640.0,9.3,MORTGAGE,36.9,2,1,0.201,9099.0,24,8.92,medical,0.053,0.058,0
24,73902.0,3.4,MORTGAGE,4.2,8,0,0.216,11484.0,24,6.93,credit_card,0.078,0.083,0
45,213535.0,1.4,RENT,24.4,4,0,0.188,25692.0,24,10.42,debt_consolidation,0.06,0.067,0
30,37886.0,0.6,RENT,10.6,6,2,0.154,8578.0,48,13.76,other,0.057,0.074,0
34,61458.0,6.5,RENT,14.1,5,0,0.046,5923.0,60,7.69,debt_consolidation,0.019,0.023,0
30,117531.0,3.3,MORTGAGE,10.7,2,0,0.306,20355.0,36,11.74,medical,0.058,0.069,0
31,113900.0,0.8,MORTGAGE,11.4,5,0,0.267,15934.0,48,11.31,small_business,0.035,0.044,0
73,20434.0,6.7,MORTGAGE,53.9,5,1,0.453,3679.0,36,9.77,credit_card,0.06,0.069,0
50,54085.0,1.4,MORTGAGE,31.8,7,1,0.31,14352.0,36,11.37,debt_consolidation,0.088,0.105,0
53,113807.0,4.3,MORTGAGE,34.9,9,1,0.514,23089.0,24,7.92,credit_card,0.101,0.11,0
46,229882.0,2.2,RENT,27.4,4,0,0.194,33184.0,60,10.01,credit_card,0.029,0.037,0
21,77026.0,16.1,MORTGAGE,2.1,4,0,0.303,12644.0,60,10.26,debt_consolidation,0.033,0.042,1
45,45074.0,1.6,MORTGAGE,20.4,4,0,0.191,13209.0,24,10.62,debt_consolidation,0.147,0.163,0
53,32709.0,3.3,RENT,32.2,4,0,0.127,34868.0,48,10.57,debt_consolidation,0.267,0.328,0
30,164287.0,19.2,RENT,2.5,4,0,0.057,9518.0,48,9.24,major_purchase,0.014,0.017,0
52,77993.0,2.3,MORTGAGE,32.8,4,0,0.267,12483.0,48,8.71,other,0.04,0.048,0
48,35453.0,6.2,MORTGAGE,28.5,3,0,0.148,5306.0,36,10.26,home_improvement,0.05,0.058,0
62,48943.0,2.3,MORTGAGE,40.2,4,0,0.37,10074.0,48,9.78,medical,0.051,0.062,0
35,63265.0,0.7,RENT,14.4,7,0,0.428,8647.0,24,12.94,major_purchase,0.068,0.078,0
27,71104.0,5.9,MORTGAGE,6.7,7,0,0.124,8414.0,48,9.14,debt_consolidation,0.03,0.035,0
36,34551.0,14.9,OWN,15.4,2,0,0.526,8167.0,36,6.27,credit_card,0.079,0.087,0
57,39851.0,3.6,OWN,36.4,6,0,0.118,6919.0,48,8.17,credit_card,0.043,0.051,0
18,23707.0,5.9,OWN,0.0,7,0,0.369,25304.0,36,9.53,debt_consolidation,0.356,0.41,0
18,91115.0,5.6,RENT,0.0,5,0,0.253,9943.0,36,7.98,debt_consolidation,0.036,0.041,0
41,45670.0,3.2,OWN,13.5,5,0,0.234,7647.0,36,5.57,small_business,0.056,0.061,0
35,68402.0,5.7,RENT,8.1,2,0,0.178,9852.0,60,7.59,other,0.029,0.035,0
40,110319.0,1.8,MORTGAGE,20.4,8,0,0.179,47769.0,24,10.39,medical,0.217,0.241,0
51,60472.0,2.8,RENT,32.9,3,0,0.551,22471.0,60,4.0,debt_consolidation,0.074,0.082,0
33,51201.0,3.5,RENT,15.0,4,0,0.069,2373.0,36,11.26,medical,0.015,0.018,0
18,59692.0,12.0,RENT,0.0,6,0,0.09,10699.0,36,10.85,home_improvement,0.06,0.07,0
65,55915.0,2.6,MORTGAGE,46.8,1,1,0.262,3504.0,36,9.23,credit_card,0.021,0.024,0
28,101021.0,6.0,RENT,8.6,6,0,0.433,14073.0,48,5.46,debt_consolidation,0.035,0.039,0
27,63286.0,1.4,MORTGAGE,8.8,2,1,0.112,20130.0,12,5.04,medical,0.318,0.327,0
53,41266.0,1.7,MORTGAGE,32.1,10,1,0.421,10271.0,48,8.92,debt_consolidation,0.062,0.074,0
35,91484.0,6.3,MORTGAGE,16.4,4,1,0.203,32199.0,60,7.27,debt_consolidation,0.07,0.084,0
39,100232.0,8.6,RENT,18.8,7,1,0.208,19709.0,36,7.55,credit_card,0.066,0.073,0
46,27746.0,3.7,RENT,27.7,6,0,0.111,2524.0,36,10.6,debt_consolidation,0.03,0.036,0
53,116587.0,2.4,MORTGAGE,29.7,3,0,0.52,17155.0,60,11.48,medical,0.029,0.039,0
36,65014.0,14.5,RENT,13.5,4,0,0.051,7182.0,12,12.23,debt_consolidation,0.11,0.118,0
58,62420.0,0.9,MORTGAGE,38.5,2,0,0.27,17089.0,48,13.39,debt_consolidation,0.068,0.089,0
18,89618.0,7.7,MORTGAGE,0.0,12,0,0.423,16239.0,48,9.69,debt_consolidation,0.045,0.055,0
49,40803.0,7.0,OWN,30.4,4,0,0.462,5024.0,12,7.14,home_improvement,0.123,0.128,0
30,87298.0,7.0,MORTGAGE,7.0,7,0,0.027,4836.0,36,9.74,debt_consolidation,0.018,0.021,0
56,44874.0,16.4,MORTGAGE,35.6,5,1,0.143,12570.0,48,9.04,credit_card,0.07,0.084,0
42,25914.0,7.8,RENT,22.8,3,0,0.25,6092.0,12,10.61,debt_consolidation,0.235,0.249,0
32,32897.0,2.2,MORTGAGE,13.7,6,0,0.044,5507.0,24,8.23,credit_card,0.084,0.091,0
48,71934.0,2.6,RENT,29.4,4,0,0.319,10813.0,36,10.81,major_purchase,0.05,0.059,0
51,33768.0,3.0,RENT,27.0,5,0,0.521,8828.0,24,9.5,small_business,0.131,0.144,0
48,121181.0,0.2,RENT,27.2,4,0,0.368,9217.0,12,8.79,home_improvement,0.076,0.08,0
28,98188.0,14.7,RENT,9.2,4,0,0.081,5518.0,60,11.55,credit_card,0.011,0.015,0
34,105527.0,0.5,RENT,13.9,1,1,0.057,14521.0,36,8.41,medical,0.046,0.052,0
40,57664.0,7.2,OWN,21.7,7,1,0.556,9826.0,24,9.61,credit_card,0.085,0.094,0
40,61632.0,7.9,RENT,21.7,5,2,0.073,40608.0,24,8.79,credit_card,0.329,0.36,0
49,29826.0,11.1,RENT,23.8,4,1,0.139,9210.0,12,6.98,small_business,0.309,0.321,0
18,89134.0,4.8,MORTGAGE,0.0,7,0,0.425,7200.0,60,10.24,credit_card,0.016,0.021,0
44,65507.0,7.8,MORTGAGE,24.7,4,0,0.146,6795.0,24,6.32,debt_consolidation,0.052,0.055,0
37,71945.0,2.2,MORTGAGE,10.1,3,3,0.599,12226.0,36,11.43,small_business,0.057,0.067,0
30,126015.0,8.2,OWN,10.5,4,0,0.023,31090.0,12,9.43,debt_consolidation,0.247,0.26,0
31,40015.0,2.5,MORTGAGE,11.8,6,0,0.148,11750.0,36,7.83,other,0.098,0.11,0
37,50865.0,14.0,MORTGAGE,18.0,3,2,0.162,11192.0,60,10.18,debt_consolidation,0.044,0.056,0
18,63789.0,1.1,RENT,0.0,8,0,0.239,13025.0,24,8.97,debt_consolidation,0.102,0.112,0
32,33938.0,2.3,OWN,11.5,6,0,0.339,4240.0,36,9.18,credit_card,0.042,0.048,0
29,49326.0,4.1,RENT,11.0,6,0,0.024,15781.0,36,7.67,major_purchase,0.107,0.12,0
46,69319.0,9.0,RENT,24.8,5,0,0.277,6363.0,36,8.76,major_purchase,0.031,0.035,0
30,46041.0,8.3,OWN,7.3,2,0,0.327,6915.0,48,10.37,debt_consolidation,0.038,0.046,0
37,104245.0,1.4,RENT,16.1,6,1,0.288,22118.0,36,11.41,debt_consolidation,0.071,0.084,0
59,25452.0,0.9,MORTGAGE,34.9,6,0,0.319,10619.0,48,11.41,debt_consolidation,0.104,0.13,0
52,94977.0,2.2,MORTGAGE,33.0,3,0,0.268,30669.0,48,6.72,debt_consolidation,0.081,0.092,0
51,75402.0,4.0,RENT,32.4,2,0,0.158,2513.0,24,6.65,credit_card,0.017,0.018,0
34,40765.0,4.6,MORTGAGE,12.4,3,0,0.176,9702.0,36,11.09,debt_consolidation,0.079,0.094,0
47,34125.0,3.4,RENT,28.4,3,0,0.146,14543.0,12,10.6,credit_card,0.426,0.451,0
37,19146.0,6.5,RENT,18.7,6,0,0.452,10195.0,12,12.56,debt_consolidation,0.532,0.569,0
38,36403.0,3.3,RENT,19.7,4,0,0.564,26746.0,60,10.97,home_improvement,0.147,0.192,0
45,91454.0,17.5,RENT,22.6,3,0,0.126,5997.0,48,11.44,debt_consolidation,0.016,0.021,0
33,52678.0,1.8,MORTGAGE,14.9,11,2,0.102,14792.0,36,6.94,small_business,0.094,0.104,0
58,96905.0,5.9,MORTGAGE,39.0,2,1,0.427,23455.0,36,7.43,major_purchase,0.081,0.09,0
38,39738.0,5.7,OWN,19.6,5,1,0.195,7060.0,12,9.97,debt_consolidation,0.178,0.187,0
47,77154.0,2.0,MORTGAGE,24.8,4,0,0.381,3284.0,24,8.79,debt_consolidation,0.021,0.023,0
57,37845.0,3.2,MORTGAGE,36.9,2,3,0.094,9858.0,24,8.3,debt_consolidation,0.13,0.142,0
52,33430.0,2.7,OWN,33.3,11,0,0.053,11107.0,36,15.67,major_purchase,0.111,0.14,0
23,51351.0,1.1,RENT,0.8,6,0,0.285,34212.0,36,8.46,major_purchase,0.222,0.252,0
45,38852.0,3.9,MORTGAGE,22.8,11,0,0.304,25750.0,60,8.35,debt_consolidation,0.133,0.163,0
50,25049.0,2.9,MORTGAGE,29.8,9,0,0.55,15700.0,12,8.75,credit_card,0.627,0.657,0
51,49456.0,1.2,MORTGAGE,32.0,5,1,0.452,9201.0,60,7.63,debt_consolidation,0.037,0.045,0
27,57138.0,3.6,MORTGAGE,6.4,6,1,0.297,4392.0,12,9.33,other,0.077,0.081,0
32,102148.0,3.3,MORTGAGE,5.9,7,0,0.187,12195.0,36,13.06,home_improvement,0.04,0.048,0
52,86544.0,0.8,MORTGAGE,33.8,8,2,0.301,13385.0,48,7.57,credit_card,0.039,0.045,0
31,99705.0,0.8,RENT,12.1,4,0,0.216,17111.0,48,9.74,debt_consolidation,0.043,0.052,0
36,77666.0,6.3,MORTGAGE,17.0,10,0,0.341,23724.0,60,9.45,major_purchase,0.061,0.077,0
59,63979.0,7.4,MORTGAGE,38.0,8,0,0.258,12056.0,36,7.97,debt_consolidation,0.063,0.071,0
39,29305.0,17.0,RENT,17.8,5,1,0.681,36762.0,48,7.58,other,0.314,0.365,0
31,58392.0,0.5,MORTGAGE,12.3,9,1,0.386,14740.0,36,12.15,small_business,0.084,0.101,0
29,73013.0,0.8,RENT,10.3,5,0,0.093,12610.0,36,8.75,credit_card,0.058,0.066,0
44,112276.0,0.3,MORTGAGE,18.1,1,1,0.174,4211.0,12,8.52,small_business,0.038,0.039,0
24,76355.0,4.6,OWN,1.8,5,0,0.155,11251.0,48,14.58,credit_card,0.037,0.049,0
37,100729.0,5.8,RENT,10.8,10,0,0.239,17555.0,48,7.99,home_improvement,0.044,0.051,0
44,32338.0,3.1,MORTGAGE,20.7,7,0,0.282,22311.0,36,12.31,small_business,0.23,0.276,0
56,46018.0,9.6,MORTGAGE,36.5,7,1,0.558,27615.0,24,9.56,medical,0.3,0.331,0
48,67149.0,7.0,RENT,29.6,3,0,0.049,9313.0,24,9.95,debt_consolidation,0.069,0.077,0
31,96807.0,25.5,RENT,10.0,9,1,0.43,10051.0,36,10.29,credit_card,0.035,0.04,0
54,50382.0,0.9,MORTGAGE,34.7,6,0,0.216,20578.0,48,9.95,medical,0.102,0.124,0
36,51988.0,0.4,RENT,16.3,6,1,0.088,7887.0,36,8.99,debt_consolidation,0.051,0.058,1
25,76387.0,1.9,MORTGAGE,5.3,0,1,0.313,11090.0,60,9.86,debt_consolidation,0.029,0.037,0
38,30855.0,0.1,RENT,11.7,4,0,0.306,16397.0,24,10.4,credit_card,0.266,0.295,0
57,121019.0,16.2,MORTGAGE,38.8,6,0,0.855,6128.0,24,5.98,major_purchase,0.025,0.027,0
42,34907.0,2.2,OWN,23.4,7,0,0.589,3874.0,36,12.54,home_improvement,0.037,0.045,0
40,20758.0,4.8,OWN,19.2,4,0,0.186,5780.0,48,9.52,other,0.07,0.084,0
60,54450.0,2.3,OWN,35.5,3,0,0.227,12175.0,12,9.77,debt_consolidation,0.224,0.236,0
23,126656.0,1.7,RENT,0.0,8,1,0.142,8950.0,36,9.98,credit_card,0.024,0.027,0
25,72637.0,1.0,MORTGAGE,4.5,4,0,0.195,8844.0,36,10.04,debt_consolidation,0.041,0.047,0
21,78869.0,2.3,RENT,2.9,2,0,0.198,5732.0,48,9.24,credit_card,0.018,0.022,0
44,55309.0,5.7,OWN,24.6,4,0,0.536,15403.0,36,5.53,medical,0.093,0.101,0
42,50202.0,21.4,RENT,16.5,4,0,0.186,4983.0,60,5.92,small_business,0.02,0.023,0
59,25023.0,4.9,RENT,38.9,6,0,0.352,4561.0,24,8.34,other,0.091,0.099,0
43,17506.0,4.6,MORTGAGE,21.1,6,2,0.307,11629.0,36,6.7,medical,0.221,0.245,0
35,59763.0,0.2,RENT,16.1,5,2,0.397,10808.0,36,11.34,debt_consolidation,0.06,0.071,0
40,104430.0,11.0,MORTGAGE,21.9,4,1,0.309,5737.0,60,10.45,credit_card,0.011,0.014,0
41,64348.0,0.3,MORTGAGE,20.4,4,2,0.26,5514.0,24,10.3,debt_consolidation,0.043,0.048,0
20,73998.0,14.2,RENT,0.0,7,0,0.186,11175.0,36,9.49,debt_consolidation,0.05,0.058,0
73,119594.0,4.6,MORTGAGE,41.1,3,0,0.304,12629.0,48,9.18,small_business,0.026,0.032,0
46,63856.0,1.1,MORTGAGE,22.4,4,1,0.233,10761.0,48,9.53,credit_card,0.042,0.051,0
43,50954.0,3.6,MORTGAGE,22.6,5,0,0.334,26224.0,12,10.97,home_improvement,0.515,0.546,0
47,35981.0,31.8,MORTGAGE,26.2,1,0,0.608,6048.0,36,7.58,medical,0.056,0.063,0
49,148911.0,2.2,RENT,25.8,5,0,0.571,5100.0,24,7.91,debt_consolidation,0.017,0.019,0
38,70493.0,1.9,MORTGAGE,19.9,8,0,0.403,7165.0,60,7.56,debt_consolidation,0.02,0.024,0
32,33799.0,0.8,RENT,4.9,4,1,0.194,28180.0,48,7.57,credit_card,0.208,0.242,0
47,30164.0,5.5,RENT,26.7,2,0,0.246,27337.0,60,9.23,debt_consolidation,0.181,0.227,0
45,101370.0,0.6,RENT,17.9,4,0,0.167,7179.0,24,11.4,major_purchase,0.035,0.04,0
30,32250.0,8.7,MORTGAGE,7.7,4,2,0.416,4194.0,36,8.83,major_purchase,0.043,0.049,1
57,136888.0,15.1,MORTGAGE,38.5,4,0,0.239,16686.0,36,13.24,major_purchase,0.041,0.049,0
44,15000.0,16.1,RENT,25.5,5,1,0.237,8982.0,48,9.69,credit_card,0.15,0.181,0
49,110337.0,0.7,RENT,29.7,7,0,0.62,20696.0,60,8.2,major_purchase,0.038,0.046,0
57,69109.0,4.9,RENT,38.1,6,0,0.074,13193.0,12,12.44,debt_consolidation,0.191,0.204,0
40,57486.0,0.6,RENT,20.3,6,0,0.135,8881.0,24,9.14,home_improvement,0.077,0.085,0
44,49626.0,5.1,MORTGAGE,23.2,11,0,0.403,10809.0,48,10.59,home_improvement,0.054,0.067,0
50,139437.0,10.1,MORTGAGE,30.3,4,0,0.201,15626.0,24,6.78,debt_consolidation,0.056,0.06,0
31,77152.0,4.6,MORTGAGE,12.8,4,0,0.188,7292.0,48,8.62,debt_consolidation,0.024,0.028,0
41,34489.0,12.3,RENT,11.9,6,0,0.278,13154.0,24,9.64,small_business,0.191,0.21,0
42,22938.0,9.7,MORTGAGE,22.3,3,2,0.121,9288.0,36,7.57,small_business,0.135,0.151,0
29,59198.0,1.9,RENT,5.3,3,1,0.392,6258.0,36,8.16,credit_card,0.035,0.04,0
68,54147.0,6.0,MORTGAGE,49.8,3,1,0.41,7593.0,36,8.64,debt_consolidation,0.047,0.053,0
23,25338.0,0.0,MORTGAGE,0.0,5,0,0.644,13581.0,36,10.26,other,0.179,0.208,0
24,52696.0,3.0,OWN,5.4,6,0,0.258,6402.0,36,4.09,debt_consolidation,0.04,0.043,0
56,40661.0,1.6,MORTGAGE,34.6,1,0,0.215,12377.0,60,6.38,home_improvement,0.061,0.071,0
49,54429.0,16.6,OWN,27.7,8,0,0.344,20388.0,12,11.54,major_purchase,0.375,0.398,0
28,77883.0,3.1,MORTGAGE,2.8,4,1,0.405,2449.0,48,10.49,credit_card,0.008,0.01,0
47,114268.0,6.4,MORTGAGE,27.8,6,1,0.275,4721.0,48,7.76,credit_card,0.01,0.012,0
58,85344.0,7.9,OWN,39.7,6,0,0.229,17283.0,48,10.44,credit_card,0.051,0.062,0
40,37770.0,8.9,OWN,16.0,6,0,0.327,10098.0,60,9.08,debt_consolidation,0.053,0.067,0
71,65151.0,8.0,OWN,51.8,2,0,0.238,12908.0,12,6.76,debt_consolidation,0.198,0.205,0
19,55913.0,2.0,RENT,0.2,3,1,0.648,11719.0,48,6.51,medical,0.052,0.06,0
48,27832.0,7.0,RENT,28.0,6,1,0.45,13900.0,24,6.41,credit_card,0.25,0.267,1
54,66113.0,4.8,RENT,35.5,2,3,0.178,17080.0,36,7.98,medical,0.086,0.097,0
51,137082.0,5.5,MORTGAGE,31.9,4,0,0.177,18038.0,60,10.49,debt_consolidation,0.026,0.034,0
38,55062.0,0.0,RENT,18.5,5,2,0.187,9536.0,24,7.32,debt_consolidation,0.087,0.093,0
37,24414.0,1.8,OWN,18.0,8,1,0.222,17254.0,60,7.72,other,0.141,0.171,0
45,55003.0,16.0,RENT,25.2,4,1,0.255,12760.0,60,9.55,small_business,0.046,0.059,0
50,29529.0,2.1,MORTGAGE,30.5,7,0,0.301,7042.0,48,10.06,small_business,0.06,0.073,0
47,83433.0,3.5,MORTGAGE,24.5,3,0,0.581,9966.0,60,8.1,credit_card,0.024,0.029,0
52,70434.0,1.2,OWN,26.5,2,1,0.288,19847.0,36,7.51,debt_consolidation,0.094,0.105,1
28,49739.0,0.9,MORTGAGE,9.7,3,0,0.329,6960.0,36,6.45,debt_consolidation,0.047,0.051,0
37,45909.0,1.4,OWN,13.8,7,0,0.351,28202.0,48,13.41,debt_consolidation,0.154,0.199,0
29,48722.0,4.8,RENT,2.9,9,1,0.279,11916.0,48,6.62,medical,0.061,0.07,0
35,54401.0,15.1,MORTGAGE,13.5,9,0,0.362,20687.0,12,6.85,other,0.38,0.395,0
52,36823.0,2.4,MORTGAGE,17.1,8,0,0.252,13089.0,60,5.8,credit_card,0.071,0.082,0
41,27068.0,2.3,MORTGAGE,21.8,5,0,0.018,7735.0,24,11.32,home_improvement,0.143,0.16,0
71,95736.0,5.0,RENT,47.7,5,0,0.21,6237.0,48,11.15,medical,0.016,0.02,0
42,44681.0,2.6,RENT,20.6,3,0,0.128,8102.0,36,9.84,debt_consolidation,0.06,0.07,0
41,58896.0,14.5,RENT,21.8,4,0,0.249,22948.0,48,7.65,small_business,0.097,0.113,0
41,62482.0,2.8,OWN,19.3,5,0,0.198,23992.0,36,11.11,other,0.128,0.151,0
32,63641.0,4.0,MORTGAGE,11.9,7,1,0.474,4775.0,36,9.48,other,0.025,0.029,0
39,30124.0,4.6,RENT,20.4,3,0,0.191,4588.0,48,9.87,medical,0.038,0.046,0
54,23437.0,9.1,RENT,35.4,2,0,0.346,13274.0,60,9.53,home_improvement,0.113,0.143,0
41,40362.0,5.0,MORTGAGE,19.3,8,1,0.297,10036.0,60,5.06,home_improvement,0.05,0.056,0
30,66029.0,1.6,RENT,8.3,3,0,0.105,4049.0,12,9.12,major_purchase,0.061,0.064,0
29,37648.0,0.8,MORTGAGE,8.7,9,1,0.196,43177.0,36,8.42,other,0.382,0.434,0
35,45367.0,16.7,MORTGAGE,14.9,2,1,0.384,14026.0,36,9.63,major_purchase,0.103,0.119,0
41,156945.0,9.7,MORTGAGE,22.4,7,2,0.539,18387.0,48,7.98,credit_card,0.029,0.034,0
54,21532.0,0.1,RENT,34.3,5,2,0.382,17242.0,48,9.85,debt_consolidation,0.2,0.243,0
24,37141.0,10.3,MORTGAGE,0.0,5,1,0.054,9384.0,36,11.01,debt_consolidation,0.084,0.099,1
36,139847.0,5.4,MORTGAGE,12.2,4,0,0.06,14843.0,36,4.0,small_business,0.035,0.038,0
42,52982.0,4.4,RENT,20.8,4,0,0.135,18942.0,24,12.4,small_business,0.179,0.203,0
18,38063.0,0.1,RENT,0.0,3,0,0.196,11795.0,24,9.16,credit_card,0.155,0.17,0
30,97186.0,9.1,RENT,5.3,7,0,0.197,27732.0,48,7.44,debt_consolidation,0.071,0.083,0
32,55693.0,1.3,RENT,13.5,6,0,0.091,18483.0,48,9.01,debt_consolidation,0.083,0.099,0
30,45517.0,7.8,OWN,10.5,9,0,0.61,4384.0,24,8.08,home_improvement,0.048,0.052,0
42,59646.0,0.1,RENT,23.6,2,0,0.233,17371.0,36,7.03,other,0.097,0.108,0
38,38986.0,9.5,MORTGAGE,18.1,1,0,0.232,5881.0,24,8.0,medical,0.075,0.082,0
33,32574.0,0.1,RENT,10.5,6,0,0.109,4932.0,36,10.53,credit_card,0.05,0.059,0
45,51185.0,1.6,RENT,26.5,5,0,0.228,14686.0,24,9.63,home_improvement,0.143,0.158,0
61,32679.0,1.9,RENT,36.6,8,1,0.462,9800.0,60,9.4,home_improvement,0.06,0.075,0
60,54467.0,1.0,MORTGAGE,39.5,5,2,0.134,11780.0,36,10.38,home_improvement,0.072,0.084,0
18,64680.0,3.9,RENT,0.0,6,0,0.092,2702.0,36,13.04,major_purchase,0.014,0.017,0
47,82995.0,2.0,MORTGAGE,28.9,5,0,0.405,16015.0,24,7.73,debt_consolidation,0.096,0.104,0
38,95222.0,30.0,MORTGAGE,19.7,3,0,0.408,27028.0,48,13.36,debt_consolidation,0.071,0.092,1
42,44229.0,5.2,MORTGAGE,21.1,3,1,0.326,16364.0,12,9.26,major_purchase,0.37,0.389,0
35,69543.0,5.0,RENT,11.5,5,1,0.364,8934.0,12,8.41,other,0.128,0.134,1
41,69304.0,1.5,RENT,16.8,1,0,0.523,7678.0,36,6.44,credit_card,0.037,0.041,0
42,63826.0,3.2,MORTGAGE,20.5,1,1,0.254,13689.0,36,8.33,home_improvement,0.071,0.081,0
33,42628.0,0.8,RENT,14.3,4,0,0.49,13726.0,48,11.01,small_business,0.08,0.1,0
29,32402.0,8.6,RENT,10.3,3,1,0.126,14057.0,24,7.02,small_business,0.217,0.233,0
35,69633.0,2.4,RENT,10.6,3,0,0.317,13590.0,48,6.4,major_purchase,0.049,0.055,0
43,23076.0,8.4,OWN,24.6,5,0,0.018,25518.0,48,8.22,major_purchase,0.276,0.325,0
47,47386.0,2.8,RENT,25.5,7,0,0.251,6133.0,48,11.98,debt_consolidation,0.032,0.041,0
50,15111.0,26.9,RENT,29.7,5,0,0.084,1528.0,36,8.97,debt_consolidation,0.034,0.039,0
34,27772.0,1.1,OWN,14.4,8,1,0.26,4347.0,60,10.57,debt_consolidation,0.031,0.04,0
43,34942.0,0.0,MORTGAGE,23.3,4,1,0.248,23053.0,36,8.51,debt_consolidation,0.22,0.25,0
52,93748.0,5.4,MORTGAGE,25.3,4,1,0.43,23286.0,48,8.67,other,0.062,0.074,1
54,76424.0,18.3,RENT,30.1,7,3,0.271,21733.0,48,4.64,debt_consolidation,0.071,0.078,0
39,41070.0,6.2,MORTGAGE,15.0,4,1,0.221,49066.0,24,9.52,debt_consolidation,0.597,0.658,1
37,78017.0,0.5,MORTGAGE,17.4,3,0,0.108,15753.0,60,10.76,debt_consolidation,0.04,0.052,0
42,84441.0,4.7,RENT,23.7,2,0,0.557,22061.0,48,8.19,medical,0.065,0.077,0
26,49994.0,14.4,RENT,0.0,6,1,0.304,11095.0,48,8.54,debt_consolidation,0.055,0.066,0
38,27114.0,0.0,OWN,19.5,8,2,0.228,14543.0,60,12.58,debt_consolidation,0.107,0.145,0
49,48827.0,1.1,RENT,28.8,3,0,0.138,38909.0,36,12.24,home_improvement,0.266,0.319,0
48,51588.0,10.1,MORTGAGE,29.1,0,0,0.622,4560.0,24,9.24,credit_card,0.044,0.049,1
37,29254.0,13.5,MORTGAGE,16.9,7,1,0.286,14977.0,60,11.66,home_improvement,0.102,0.136,1
43,65090.0,7.4,MORTGAGE,23.9,9,0,0.047,10578.0,48,9.4,credit_card,0.041,0.049,0
30,62312.0,28.6,RENT,5.2,10,0,0.213,12874.0,36,11.05,small_business,0.069,0.081,0
48,67678.0,0.6,OWN,19.6,8,0,0.128,14030.0,48,12.36,debt_consolidation,0.052,0.066,0
39,62284.0,4.7,MORTGAGE,19.4,5,1,0.198,3672.0,48,8.52,small_business,0.015,0.017,0
37,78036.0,6.9,MORTGAGE,18.8,6,0,0.138,11317.0,12,8.48,other,0.145,0.152,0
36,49530.0,7.3,MORTGAGE,14.7,6,0,0.253,5874.0,24,6.14,debt_consolidation,0.059,0.063,0
39,59928.0,9.5,RENT,19.6,3,0,0.091,9216.0,36,8.57,home_improvement,0.051,0.058,0
35,44406.0,15.0,RENT,4.2,6,0,0.125,14046.0,48,7.4,credit_card,0.079,0.092,1
48,40447.0,2.7,RENT,29.7,4,0,0.648,12446.0,24,8.88,other,0.154,0.168,0
35,105781.0,0.3,MORTGAGE,16.6,5,0,0.15,13059.0,12,9.61,debt_consolidation,0.123,0.13,0
59,19499.0,2.7,RENT,37.4,4,0,0.148,10891.0,12,8.87,small_business,0.559,0.586,0
58,83984.0,6.7,RENT,35.7,5,3,0.285,2164.0,24,9.96,home_improvement,0.013,0.014,0
29,39725.0,1.4,OWN,9.1,8,1,0.088,13601.0,36,10.24,debt_consolidation,0.114,0.133,0
41,37234.0,10.0,MORTGAGE,22.0,8,0,0.1,7971.0,48,4.76,debt_consolidation,0.054,0.059,0
32,61746.0,1.5,MORTGAGE,12.9,5,0,0.172,10893.0,36,8.27,debt_consolidation,0.059,0.067,0
36,25724.0,0.1,MORTGAGE,16.8,4,0,0.461,5948.0,36,11.67,debt_consolidation,0.077,0.092,0
64,36026.0,4.3,MORTGAGE,45.2,5,0,0.305,10516.0,60,12.92,small_business,0.058,0.08,0
36,35434.0,7.8,MORTGAGE,12.3,7,0,0.131,9266.0,12,6.13,other,0.262,0.27,1
44,48499.0,2.6,MORTGAGE,25.8,3,0,0.128,6971.0,24,11.07,home_improvement,0.072,0.08,0
46,36240.0,8.3,OWN,26.4,5,0,0.107,9489.0,36,9.46,debt_consolidation,0.087,0.101,0
28,120639.0,3.5,OWN,5.9,6,0,0.113,6627.0,60,10.01,debt_consolidation,0.011,0.014,0
30,133054.0,1.1,RENT,12.0,5,0,0.167,5043.0,24,5.85,debt_consolidation,0.019,0.02,0
26,19712.0,0.6,RENT,1.7,7,0,0.155,16606.0,24,9.37,credit_card,0.421,0.464,0
29,71123.0,7.4,RENT,7.3,9,0,0.069,19594.0,36,9.46,small_business,0.092,0.106,0
18,83227.0,2.9,RENT,0.0,5,2,0.244,28053.0,48,12.03,debt_consolidation,0.084,0.107,1
47,71075.0,14.6,MORTGAGE,22.2,10,0,0.215,5343.0,24,9.89,credit_card,0.038,0.042,0
65,38985.0,4.7,MORTGAGE,45.0,5,1,0.694,13616.0,36,8.07,home_improvement,0.116,0.131,0
42,47952.0,2.6,RENT,20.8,13,0,0.211,15129.0,36,7.61,credit_card,0.105,0.118,0
23,37267.0,2.6,OWN,0.0,4,2,0.605,16164.0,36,10.43,home_improvement,0.145,0.169,0
32,43909.0,0.8,RENT,7.6,4,0,0.111,10993.0,48,12.81,debt_consolidation,0.063,0.08,0
34,29585.0,5.4,MORTGAGE,14.4,9,1,0.199,34037.0,36,9.04,home_improvement,0.383,0.439,1
28,51154.0,5.2,MORTGAGE,9.2,5,0,0.215,8240.0,36,8.57,debt_consolidation,0.054,0.061,1
50,25555.0,9.7,MORTGAGE,31.1,7,0,0.067,4196.0,48,8.84,debt_consolidation,0.041,0.049,0
50,49018.0,1.3,RENT,27.6,3,1,0.211,25814.0,24,9.08,credit_card,0.263,0.289,0
26,29019.0,2.1,RENT,0.0,8,0,0.372,18121.0,36,8.67,debt_consolidation,0.208,0.237,1
49,60079.0,0.6,MORTGAGE,30.8,2,0,0.086,22914.0,60,8.53,home_improvement,0.076,0.094,0
58,38572.0,2.1,RENT,40.0,4,0,0.204,4732.0,36,9.36,small_business,0.041,0.047,0
63,62648.0,3.4,RENT,39.8,3,1,0.358,4403.0,48,8.5,small_business,0.018,0.021,0
74,93041.0,20.0,OWN,54.5,6,0,0.237,11476.0,60,12.31,debt_consolidation,0.025,0.033,0
29,119937.0,6.4,RENT,10.0,8,1,0.651,5893.0,48,8.87,home_improvement,0.012,0.015,0
74,15306.0,9.2,MORTGAGE,55.4,6,0,0.132,11368.0,12,11.25,credit_card,0.743,0.789,0
36,35700.0,2.4,MORTGAGE,16.7,3,0,0.243,4863.0,24,9.48,small_business,0.068,0.075,1
33,46558.0,0.9,RENT,4.3,4,0,0.604,3746.0,36,9.59,other,0.027,0.031,0
44,68198.0,1.8,RENT,14.7,5,0,0.263,7421.0,48,7.27,debt_consolidation,0.027,0.031,0
33,23738.0,1.8,MORTGAGE,13.8,5,1,0.14,7547.0,12,10.76,debt_consolidation,0.318,0.337,0
45,33155.0,5.2,MORTGAGE,17.1,0,0,0.299,9298.0,60,12.39,home_improvement,0.056,0.076,0
24,57825.0,2.5,MORTGAGE,4.9,6,0,0.231,9661.0,36,7.96,medical,0.056,0.063,0
37,56525.0,11.7,RENT,13.2,4,0,0.289,18240.0,36,8.55,medical,0.108,0.122,0
55,65435.0,26.8,RENT,36.3,5,0,0.117,15459.0,36,5.91,home_improvement,0.079,0.086,0
39,67632.0,2.5,MORTGAGE,15.7,7,0,0.495,9759.0,48,8.54,medical,0.036,0.043,0
42,64170.0,7.3,RENT,22.7,6,0,0.518,14843.0,24,8.37,debt_consolidation,0.116,0.126,0
46,59685.0,6.4,RENT,27.3,4,0,0.423,16273.0,36,7.92,small_business,0.091,0.102,0
54,55707.0,1.3,RENT,27.8,3,0,0.174,9232.0,36,7.13,credit_card,0.055,0.062,0
20,75537.0,15.0,RENT,1.3,7,1,0.258,10319.0,24,11.79,debt_consolidation,0.068,0.077,0
47,17683.0,1.3,RENT,14.6,4,0,0.35,12296.0,36,7.44,debt_consolidation,0.232,0.259,1
37,117262.0,8.0,MORTGAGE,18.7,8,0,0.223,10129.0,48,7.5,other,0.022,0.025,0
42,17993.0,2.6,RENT,24.0,8,0,0.102,9249.0,12,8.05,debt_consolidation,0.514,0.537,0
53,31584.0,2.7,RENT,28.9,1,1,0.254,11509.0,36,12.98,debt_consolidation,0.121,0.147,1
26,48369.0,3.6,MORTGAGE,5.3,8,1,0.403,13323.0,12,11.28,debt_consolidation,0.275,0.293,0
28,75834.0,12.0,RENT,8.4,4,0,0.239,5982.0,24,7.4,debt_consolidation,0.039,0.043,1
18,15000.0,0.9,MORTGAGE,0.0,3,0,0.438,16837.0,60,9.73,debt_consolidation,0.224,0.284,0
33,53420.0,0.3,MORTGAGE,12.4,3,0,0.467,9613.0,24,7.36,credit_card,0.09,0.097,0
56,80515.0,3.1,MORTGAGE,36.5,6,0,0.339,7624.0,60,9.52,debt_consolidation,0.019,0.024,0
39,89077.0,0.3,RENT,19.0,5,1,0.562,7854.0,36,10.48,major_purchase,0.029,0.034,1
24,38228.0,7.0,RENT,3.0,4,0,0.284,20387.0,12,8.23,credit_card,0.533,0.557,0
34,46611.0,8.6,MORTGAGE,12.9,9,1,0.493,8944.0,24,9.8,debt_consolidation,0.096,0.106,1
22,39812.0,11.6,RENT,0.0,6,0,0.342,5819.0,36,5.7,medical,0.049,0.053,0
26,44519.0,8.2,MORTGAGE,4.8,4,0,0.106,6868.0,36,9.42,credit_card,0.051,0.059,0
45,32341.0,14.9,OWN,25.8,6,1,0.492,13043.0,36,11.95,debt_consolidation,0.134,0.161,0
26,34731.0,8.3,RENT,6.8,5,2,0.371,10697.0,24,5.78,home_improvement,0.154,0.163,0
53,67318.0,16.5,RENT,33.1,6,0,0.152,19169.0,48,10.04,home_improvement,0.071,0.087,0
39,57862.0,1.3,MORTGAGE,20.1,2,0,0.161,4008.0,12,7.65,home_improvement,0.069,0.072,0
41,69272.0,4.2,RENT,21.6,4,0,0.069,19849.0,24,7.92,credit_card,0.143,0.155,0
37,60295.0,30.6,MORTGAGE,13.5,5,0,0.098,10439.0,24,5.13,credit_card,0.087,0.091,0
49,77047.0,6.9,MORTGAGE,25.1,4,0,0.188,9060.0,24,11.56,debt_consolidation,0.059,0.066,0
49,84045.0,12.7,RENT,28.0,3,1,0.556,10600.0,36,13.4,credit_card,0.042,0.051,0
44,22678.0,0.2,RENT,23.4,7,0,0.256,27875.0,48,7.81,small_business,0.307,0.359,0
47,35343.0,12.3,RENT,27.3,5,0,0.36,26672.0,24,10.03,debt_consolidation,0.377,0.418,0
37,48258.0,7.2,MORTGAGE,16.0,7,2,0.176,22661.0,36,5.08,home_improvement,0.157,0.169,1
47,53566.0,1.1,MORTGAGE,24.1,5,1,0.257,13804.0,36,14.16,credit_card,0.086,0.106,0
36,38753.0,0.2,MORTGAGE,14.0,6,1,0.202,36556.0,36,7.9,debt_consolidation,0.314,0.354,0
40,85478.0,1.8,RENT,21.9,10,1,0.528,6473.0,36,5.4,debt_consolidation,0.025,0.027,1
37,145798.0,14.8,MORTGAGE,15.1,6,1,0.317,5703.0,36,8.73,home_improvement,0.013,0.015,0
35,59461.0,6.6,MORTGAGE,13.2,6,2,0.479,32496.0,48,4.89,debt_consolidation,0.137,0.151,1
32,56510.0,15.1,MORTGAGE,13.7,7,0,0.154,5667.0,24,9.62,debt_consolidation,0.05,0.055,0
46,82845.0,3.5,RENT,27.5,8,1,0.34,16603.0,24,7.01,major_purchase,0.1,0.108,0
56,21313.0,16.6,MORTGAGE,33.3,2,1,0.33,30582.0,36,10.77,credit_card,0.478,0.562,1
54,54953.0,3.7,MORTGAGE,33.5,10,0,0.467,12954.0,24,8.71,credit_card,0.118,0.129,0
25,88390.0,1.4,MORTGAGE,1.8,8,0,0.314,23314.0,24,9.82,credit_card,0.132,0.146,0
55,39278.0,1.0,RENT,36.4,8,0,0.053,5565.0,24,8.97,major_purchase,0.071,0.078,0
36,29340.0,30.5,RENT,17.9,10,0,0.326,27662.0,36,8.23,small_business,0.314,0.356,0
47,49370.0,2.4,MORTGAGE,28.5,3,0,0.196,16722.0,60,8.59,credit_card,0.068,0.084,0
29,52557.0,1.0,MORTGAGE,9.2,9,0,0.422,8811.0,36,6.44,home_improvement,0.056,0.062,0
42,34395.0,0.1,MORTGAGE,21.8,6,0,0.344,3451.0,36,12.64,other,0.033,0.04,0
44,154520.0,2.0,MORTGAGE,20.2,7,0,0.513,19369.0,36,6.83,credit_card,0.042,0.046,0
22,42644.0,13.2,MORTGAGE,0.2,4,1,0.321,7186.0,60,9.19,small_business,0.034,0.042,0
47,30430.0,4.6,MORTGAGE,15.1,4,0,0.481,12546.0,12,7.46,major_purchase,0.412,0.429,0
56,51699.0,6.0,RENT,37.8,4,1,0.446,9938.0,12,10.58,credit_card,0.192,0.203,0
38,85300.0,15.3,RENT,19.6,4,0,0.128,14174.0,36,7.46,debt_consolidation,0.055,0.062,0
56,54650.0,4.3,OWN,37.7,6,0,0.067,16035.0,24,7.12,medical,0.147,0.158,0
38,69065.0,10.9,MORTGAGE,17.7,3,0,0.365,11206.0,24,8.18,credit_card,0.081,0.088,0
50,35040.0,2.3,RENT,31.1,8,0,0.205,14498.0,48,6.73,small_business,0.103,0.118,0
18,113988.0,22.7,RENT,0.0,6,0,0.063,21831.0,36,4.05,credit_card,0.064,0.068,0
69,71744.0,0.5,RENT,50.6,6,0,0.299,5765.0,24,9.38,home_improvement,0.04,0.044,0
58,91478.0,7.7,MORTGAGE,39.7,3,0,0.25,11028.0,48,8.28,debt_consolidation,0.03,0.036,0
37,65028.0,6.5,MORTGAGE,17.2,5,0,0.36,13106.0,24,8.07,major_purchase,0.101,0.109,0
18,81834.0,1.3,RENT,0.0,2,0,0.336,7168.0,60,11.91,debt_consolidation,0.018,0.023,1
43,35013.0,3.0,OWN,19.7,6,1,0.082,8561.0,60,12.49,debt_consolidation,0.049,0.066,0
23,42374.0,2.3,RENT,0.0,4,2,0.115,7800.0,36,6.32,debt_consolidation,0.061,0.068,0
45,106217.0,0.6,MORTGAGE,26.6,6,0,0.197,19839.0,36,7.6,home_improvement,0.062,0.07,0
45,118169.0,5.3,MORTGAGE,22.0,1,1,0.095,13301.0,48,10.6,debt_consolidation,0.028,0.035,0
29,30530.0,30.4,OWN,8.5,7,0,0.212,6075.0,60,6.97,debt_consolidation,0.04,0.047,0
53,61382.0,4.9,MORTGAGE,32.9,9,1,0.026,10327.0,12,6.86,debt_consolidation,0.168,0.175,0
50,43675.0,4.7,OWN,31.7,5,1,0.252,14169.0,36,7.39,debt_consolidation,0.108,0.121,0
52,38234.0,0.2,MORTGAGE,30.0,2,1,0.238,29283.0,60,10.18,medical,0.153,0.196,0
40,62469.0,0.9,MORTGAGE,21.8,4,0,0.07,26206.0,36,7.24,medical,0.14,0.156,0
23,95844.0,4.3,MORTGAGE,4.0,4,0,0.424,19174.0,36,8.91,credit_card,0.067,0.076,0
52,67903.0,25.3,MORTGAGE,33.7,6,0,0.493,34404.0,24,7.86,debt_consolidation,0.253,0.275,0
37,46177.0,12.6,MORTGAGE,16.7,4,0,0.127,9599.0,12,8.71,small_business,0.208,0.218,0
23,70083.0,2.5,RENT,1.9,4,0,0.01,9104.0,60,12.09,home_improvement,0.026,0.035,0
56,45252.0,4.7,MORTGAGE,31.4,5,0,0.138,22416.0,24,10.0,debt_consolidation,0.248,0.274,0
65,66573.0,4.8,RENT,43.0,5,1,0.171,7620.0,36,10.87,other,0.038,0.045,0
40,108905.0,6.9,RENT,12.3,9,0,0.363,9748.0,24,6.98,credit_card,0.045,0.048,1
66,19176.0,7.0,RENT,43.7,2,0,0.364,33606.0,48,8.33,credit_card,0.438,0.517,0
41,80711.0,9.4,MORTGAGE,21.9,4,0,0.38,7494.0,36,10.43,debt_consolidation,0.031,0.036,0
35,25096.0,0.2,RENT,14.6,3,0,0.137,15419.0,60,10.79,credit_card,0.123,0.16,0
32,100124.0,17.3,RENT,12.2,3,0,0.273,7420.0,12,5.13,home_improvement,0.074,0.076,0
60,39399.0,0.4,MORTGAGE,39.5,2,0,0.51,11749.0,60,12.9,debt_consolidation,0.06,0.081,0
31,29471.0,3.9,OWN,10.5,3,1,0.272,7388.0,36,8.89,major_purchase,0.084,0.096,0
49,76698.0,15.1,RENT,27.4,5,2,0.677,8725.0,24,11.3,home_improvement,0.057,0.064,0
33,64996.0,4.0,RENT,14.7,5,0,0.358,5916.0,48,8.62,credit_card,0.023,0.027,0
34,32873.0,0.4,RENT,11.9,7,1,0.354,13569.0,36,5.1,credit_card,0.138,0.149,0
52,28955.0,1.6,MORTGAGE,33.5,6,0,0.146,8576.0,60,7.62,credit_card,0.059,0.071,0
35,49329.0,5.2,OWN,16.9,3,1,0.381,3712.0,48,4.0,debt_consolidation,0.019,0.02,0
35,29672.0,0.6,RENT,14.8,8,1,0.122,35639.0,60,7.0,major_purchase,0.24,0.285,0
54,31865.0,3.3,RENT,33.4,7,2,0.387,12504.0,24,5.64,debt_consolidation,0.196,0.208,1
59,57401.0,2.4,RENT,40.9,5,0,0.281,8175.0,12,7.22,credit_card,0.142,0.148,0
48,33425.0,10.1,RENT,27.8,7,2,0.492,16661.0,60,9.81,credit_card,0.1,0.127,0
32,67055.0,0.7,MORTGAGE,11.7,6,0,0.02,16614.0,12,5.14,debt_consolidation,0.248,0.255,0
34,114128.0,6.9,MORTGAGE,15.8,2,0,0.396,11104.0,48,8.86,debt_consolidation,0.024,0.029,0
41,50298.0,3.1,RENT,19.3,9,0,0.099,29692.0,48,5.19,small_business,0.148,0.164,0
44,57819.0,5.3,RENT,25.3,5,0,0.177,22711.0,48,7.6,home_improvement,0.098,0.114,0
28,148605.0,1.4,MORTGAGE,5.3,3,0,0.154,6420.0,48,8.52,debt_consolidation,0.011,0.013,0
49,29918.0,5.6,RENT,29.9,2,0,0.32,21881.0,60,8.77,other,0.146,0.181,0
41,98284.0,6.7,RENT,21.1,2,0,0.271,4484.0,36,9.45,credit_card,0.015,0.018,0
19,92543.0,0.4,RENT,0.0,8,0,0.103,9543.0,60,8.3,medical,0.021,0.025,0
29,83047.0,10.4,RENT,6.1,5,1,0.159,15227.0,48,7.01,debt_consolidation,0.046,0.053,0
34,103350.0,11.9,OWN,11.4,2,0,0.117,12110.0,36,7.98,small_business,0.039,0.044,0
39,62336.0,0.4,RENT,20.5,1,0,0.135,17687.0,36,9.88,major_purchase,0.095,0.11,0
63,40479.0,5.5,MORTGAGE,44.9,8,1,0.158,7982.0,36,10.84,debt_consolidation,0.066,0.077,0
43,93647.0,5.4,RENT,22.2,6,1,0.278,10909.0,60,9.28,debt_consolidation,0.023,0.029,0
30,95456.0,0.1,MORTGAGE,10.4,5,1,0.131,4751.0,36,7.96,debt_consolidation,0.017,0.019,0
43,94151.0,2.5,RENT,17.8,5,1,0.173,8351.0,24,6.11,home_improvement,0.044,0.047,0
36,55395.0,20.8,RENT,16.7,5,0,0.676,4077.0,12,4.99,debt_consolidation,0.074,0.076,0
44,37870.0,4.9,MORTGAGE,24.4,5,0,0.472,6992.0,12,9.72,credit_card,0.185,0.194,0
47,59616.0,16.2,OWN,26.8,3,0,0.154,21404.0,48,6.76,debt_consolidation,0.09,0.103,0
55,86779.0,6.8,RENT,32.2,5,1,0.074,9693.0,36,7.66,debt_consolidation,0.037,0.042,0
40,90416.0,0.2,RENT,21.1,6,0,0.363,12500.0,48,8.71,other,0.035,0.041,0
60,43703.0,0.5,RENT,33.5,5,0,0.23,13615.0,36,8.49,major_purchase,0.104,0.118,0
51,63430.0,7.7,MORTGAGE,30.7,7,2,0.267,4377.0,24,10.32,credit_card,0.035,0.038,1
32,28159.0,4.9,MORTGAGE,8.5,3,1,0.194,8261.0,60,7.17,debt_consolidation,0.059,0.07,0
67,88652.0,0.8,MORTGAGE,46.8,6,0,0.332,8840.0,36,6.59,credit_card,0.033,0.037,0
44,36620.0,5.7,MORTGAGE,21.6,3,0,0.241,3679.0,12,9.07,debt_consolidation,0.1,0.105,0
30,80228.0,10.0,MORTGAGE,11.8,5,1,0.344,7648.0,48,11.45,major_purchase,0.024,0.03,0
60,30496.0,8.4,RENT,37.2,2,1,0.154,5924.0,60,7.77,credit_card,0.039,0.047,0
65,90736.0,1.7,OWN,44.8,3,0,0.162,9687.0,60,5.76,credit_card,0.021,0.025,0
40,63635.0,1.8,RENT,20.2,7,0,0.259,13302.0,36,8.65,other,0.07,0.079,0
34,36656.0,20.6,RENT,15.6,7,1,0.529,12509.0,48,10.05,major_purchase,0.085,0.104,1
38,76548.0,13.1,RENT,15.9,7,2,0.129,19755.0,36,9.71,small_business,0.086,0.1,0
49,40329.0,2.3,RENT,30.6,10,1,0.246,5941.0,36,7.48,major_purchase,0.049,0.055,0
55,78809.0,10.4,RENT,36.4,5,1,0.368,18382.0,60,5.19,home_improvement,0.047,0.053,0
47,47238.0,1.1,MORTGAGE,28.6,6,1,0.487,14054.0,36,10.62,major_purchase,0.099,0.116,0
41,22913.0,1.3,RENT,23.0,6,1,0.323,9883.0,36,9.1,debt_consolidation,0.144,0.165,0
58,33150.0,1.2,RENT,36.7,4,0,0.14,12067.0,36,8.77,other,0.121,0.138,0
36,43686.0,0.6,RENT,17.1,5,0,0.45,13577.0,60,7.78,credit_card,0.062,0.075,0
52,107376.0,11.6,MORTGAGE,33.5,3,1,0.211,6466.0,36,10.9,other,0.02,0.024,0
37,85014.0,5.2,RENT,17.8,7,0,0.181,4803.0,60,8.02,debt_consolidation,0.011,0.014,0
45,122019.0,1.8,MORTGAGE,24.9,4,1,0.143,6894.0,48,9.93,debt_consolidation,0.014,0.017,0
39,123849.0,11.3,MORTGAGE,18.9,5,0,0.491,12071.0,12,8.94,medical,0.097,0.102,1
39,41466.0,9.7,OWN,19.6,8,0,0.836,10467.0,48,9.36,small_business,0.063,0.076,0
35,49304.0,0.6,OWN,15.0,3,0,0.356,18276.0,36,8.15,major_purchase,0.124,0.14,0
56,44106.0,6.2,RENT,36.3,7,0,0.245,5213.0,24,7.67,credit_card,0.059,0.064,0
31,38725.0,7.7,MORTGAGE,7.8,4,0,0.093,7224.0,24,7.18,credit_card,0.093,0.1,1
31,21574.0,7.5,MORTGAGE,12.9,4,0,0.583,17120.0,36,9.02,other,0.265,0.303,1
65,53778.0,7.7,MORTGAGE,40.9,3,0,0.306,6693.0,60,10.86,debt_consolidation,0.025,0.032,0
52,28487.0,1.1,RENT,33.2,3,0,0.568,4097.0,12,9.08,home_improvement,0.144,0.151,0
18,53259.0,2.3,MORTGAGE,0.0,3,0,0.321,18181.0,36,10.31,home_improvement,0.114,0.133,0
33,156043.0,11.2,MORTGAGE,13.4,6,2,0.188,23026.0,12,9.77,debt_consolidation,0.148,0.155,0
18,41996.0,13.7,RENT,0.0,6,2,0.086,11303.0,36,9.34,debt_consolidation,0.09,0.103,0
29,59718.0,2.0,RENT,8.1,6,1,0.55,20996.0,60,5.71,debt_consolidation,0.07,0.081,0
18,85248.0,0.1,MORTGAGE,0.0,2,1,0.356,19212.0,48,9.57,debt_consolidation,0.056,0.068,0
38,62327.0,11.8,RENT,18.2,6,2,0.39,8180.0,60,7.69,home_improvement,0.026,0.032,0
26,62708.0,2.8,MORTGAGE,6.1,5,0,0.148,93068.0,60,7.79,home_improvement,0.297,0.359,0
41,45198.0,2.4,MORTGAGE,22.8,5,0,0.167,9860.0,36,7.99,debt_consolidation,0.073,0.082,0
20,48246.0,2.6,OWN,0.0,3,0,0.313,9697.0,36,10.18,home_improvement,0.067,0.078,0
41,33523.0,3.2,RENT,17.4,3,0,0.174,16822.0,36,6.8,debt_consolidation,0.167,0.185,0
35,82704.0,2.9,MORTGAGE,15.5,4,0,0.177,1991.0,24,5.31,other,0.012,0.013,0
58,22680.0,5.0,MORTGAGE,35.7,2,2,0.206,25663.0,36,6.03,credit_card,0.377,0.413,0
57,88040.0,0.5,MORTGAGE,37.9,7,0,0.699,8139.0,36,5.71,debt_consolidation,0.031,0.034,0
49,26853.0,21.4,MORTGAGE,27.1,9,0,0.12,5053.0,48,5.98,small_business,0.047,0.053,0
36,87667.0,16.5,MORTGAGE,15.8,6,1,0.265,9269.0,12,10.4,credit_card,0.106,0.112,0
64,45392.0,16.3,MORTGAGE,44.1,0,1,0.324,4729.0,36,7.91,medical,0.035,0.039,0
21,29263.0,12.7,MORTGAGE,2.8,5,0,0.423,33873.0,60,6.93,home_improvement,0.232,0.275,1
23,72377.0,6.5,OWN,0.0,10,0,0.317,6006.0,36,10.8,other,0.028,0.033,0
39,86196.0,1.5,RENT,15.6,7,1,0.287,13279.0,36,12.85,home_improvement,0.051,0.062,0
67,43519.0,0.3,MORTGAGE,44.3,5,0,0.365,11701.0,36,9.83,other,0.09,0.104,0
38,77676.0,0.6,RENT,18.9,6,1,0.306,7759.0,36,6.81,credit_card,0.033,0.037,0
38,17283.0,2.3,RENT,19.0,4,0,0.217,9410.0,36,8.86,other,0.181,0.207,0
23,27993.0,4.2,RENT,2.4,3,0,0.279,9361.0,48,5.73,debt_consolidation,0.084,0.094,1
51,103384.0,30.0,RENT,27.4,3,0,0.092,6978.0,48,8.24,credit_card,0.017,0.02,0
51,48444.0,3.4,RENT,24.8,5,0,0.384,31749.0,48,7.95,debt_consolidation,0.164,0.192,0
49,21352.0,4.5,MORTGAGE,30.1,4,0,0.608,6609.0,36,7.68,debt_consolidation,0.103,0.116,0
32,38199.0,7.1,RENT,11.2,3,1,0.122,20124.0,36,8.15,debt_consolidation,0.176,0.199,0
32,34143.0,1.2,RENT,10.1,3,2,0.137,5587.0,12,11.48,medical,0.164,0.174,1
24,49862.0,16.2,OWN,5.2,8,1,0.394,17265.0,60,8.47,other,0.069,0.085,0
41,45009.0,4.5,OWN,21.4,3,2,0.097,18734.0,48,9.44,major_purchase,0.104,0.125,0
27,59247.0,1.9,MORTGAGE,8.4,6,1,0.106,7525.0,36,12.73,debt_consolidation,0.042,0.051,0
26,52327.0,16.4,MORTGAGE,4.4,3,0,0.297,16659.0,36,12.01,home_improvement,0.106,0.127,0
35,106924.0,5.9,RENT,11.0,8,1,0.18,10023.0,48,8.98,small_business,0.023,0.028,0
34,66988.0,4.0,MORTGAGE,9.7,6,1,0.247,4152.0,12,11.05,credit_card,0.062,0.066,0
34,68107.0,5.2,RENT,12.7,6,0,0.195,4922.0,60,10.21,debt_consolidation,0.014,0.019,0
46,97011.0,8.3,RENT,26.7,4,0,0.093,17513.0,24,9.37,medical,0.09,0.099,0
41,44606.0,1.0,MORTGAGE,19.8,3,1,0.118,5566.0,60,9.22,debt_consolidation,0.025,0.031,1
37,28827.0,12.0,RENT,13.0,5,1,0.033,11499.0,12,7.62,credit_card,0.399,0.416,0
42,99060.0,19.2,RENT,21.1,3,1,0.233,11989.0,48,9.15,home_improvement,0.03,0.036,0
28,57984.0,5.0,RENT,8.4,4,1,0.273,13064.0,48,8.77,debt_consolidation,0.056,0.067,0
41,58086.0,6.9,RENT,15.4,3,0,0.037,11282.0,24,9.14,credit_card,0.097,0.107,0
42,39472.0,11.8,RENT,18.6,3,1,0.244,13107.0,24,4.31,small_business,0.166,0.174,0
22,39798.0,2.8,MORTGAGE,0.0,3,1,0.091,25888.0,24,8.01,medical,0.325,0.353,0
52,82732.0,29.6,OWN,27.0,3,0,0.171,27478.0,24,8.9,credit_card,0.166,0.182,0
29,88639.0,6.8,RENT,9.5,4,0,0.261,6395.0,48,11.74,debt_consolidation,0.018,0.023,0
41,80171.0,3.3,MORTGAGE,17.1,7,0,0.188,6430.0,24,11.2,debt_consolidation,0.04,0.045,0
54,80538.0,6.8,RENT,33.5,4,0,0.291,10457.0,12,7.6,debt_consolidation,0.13,0.135,0
51,72007.0,4.4,OWN,32.9,0,1,0.213,6160.0,36,11.01,debt_consolidation,0.029,0.034,0
40,57859.0,0.7,OWN,19.0,4,0,0.296,7794.0,48,13.52,debt_consolidation,0.034,0.044,0
36,49628.0,9.5,MORTGAGE,16.1,5,0,0.398,6198.0,36,9.99,debt_consolidation,0.042,0.048,0
51,99227.0,5.0,MORTGAGE,32.0,5,0,0.059,25652.0,12,11.68,major_purchase,0.259,0.275,0
48,44943.0,9.5,RENT,19.4,6,1,0.219,10156.0,12,8.39,small_business,0.226,0.236,0
33,65185.0,1.0,MORTGAGE,14.8,5,1,0.329,18123.0,24,4.39,debt_consolidation,0.139,0.145,0
30,36243.0,4.6,MORTGAGE,3.3,4,0,0.056,17503.0,24,9.03,major_purchase,0.241,0.265,0
18,38962.0,8.7,RENT,0.0,4,2,0.09,7000.0,48,11.11,major_purchase,0.045,0.056,0
42,48143.0,26.7,RENT,22.6,4,0,0.105,6264.0,12,7.43,home_improvement,0.13,0.135,0
39,36244.0,12.9,OWN,19.4,8,0,0.503,14292.0,12,8.3,debt_consolidation,0.394,0.412,0
54,80735.0,12.0,RENT,32.1,3,1,0.657,29829.0,60,7.4,other,0.074,0.089,0
44,27611.0,1.7,RENT,25.3,4,0,0.101,18072.0,60,9.48,credit_card,0.131,0.165,0
56,56932.0,10.9,RENT,25.2,6,0,0.19,6521.0,60,11.54,debt_consolidation,0.023,0.03,0
32,57887.0,1.1,RENT,9.9,8,0,0.131,15793.0,24,9.86,home_improvement,0.136,0.151,0
54,21908.0,1.3,MORTGAGE,31.3,4,0,0.386,11537.0,24,9.38,debt_consolidation,0.263,0.29,1
34,43455.0,0.7,MORTGAGE,15.7,6,0,0.703,17008.0,48,8.96,debt_consolidation,0.098,0.117,0
49,61565.0,11.7,MORTGAGE,29.1,8,0,0.299,9303.0,60,7.83,debt_consolidation,0.03,0.037,0
22,67129.0,0.7,OWN,0.0,7,0,0.514,21248.0,36,9.05,credit_card,0.106,0.121,0
43,48915.0,0.9,OWN,24.1,5,1,0.552,6221.0,12,8.26,debt_consolidation,0.127,0.133,0
18,75997.0,1.7,MORTGAGE,0.0,8,0,0.47,16514.0,48,10.25,major_purchase,0.054,0.066,0
37,51295.0,5.1,OWN,17.0,6,0,0.13,16003.0,36,9.83,other,0.104,0.121,0
45,54547.0,12.7,OWN,19.0,3,0,0.309,11143.0,36,8.3,other,0.068,0.077,0
34,61441.0,3.3,RENT,14.0,7,0,0.357,15850.0,12,9.58,debt_consolidation,0.258,0.272,0
27,86120.0,4.7,MORTGAGE,7.4,3,0,0.336,14956.0,60,8.22,debt_consolidation,0.035,0.042,0
50,38644.0,1.1,RENT,28.8,5,0,0.403,8099.0,36,6.72,credit_card,0.07,0.077,0
39,42472.0,1.9,RENT,12.7,2,1,0.272,8193.0,48,8.72,home_improvement,0.048,0.057,0
34,38776.0,0.9,RENT,15.8,5,2,0.069,4455.0,12,8.85,medical,0.115,0.12,0
41,45885.0,3.2,MORTGAGE,22.5,4,2,0.302,11700.0,12,10.16,other,0.255,0.269,0
72,110538.0,5.4,MORTGAGE,53.6,4,1,0.317,3679.0,12,12.79,debt_consolidation,0.033,0.036,0
54,72140.0,2.0,MORTGAGE,35.7,2,0,0.158,20890.0,12,12.18,debt_consolidation,0.29,0.309,0
54,30775.0,11.2,MORTGAGE,34.9,5,0,0.338,11928.0,36,8.81,debt_consolidation,0.129,0.147,0
45,40126.0,23.9,MORTGAGE,26.2,4,1,0.062,7695.0,24,8.15,small_business,0.096,0.104,0
42,65276.0,0.8,MORTGAGE,21.6,9,0,0.104,25689.0,60,11.59,medical,0.079,0.104,1
18,34432.0,0.1,RENT,0.0,6,0,0.287,14720.0,60,8.3,other,0.086,0.105,0
32,37697.0,9.4,MORTGAGE,12.4,6,0,0.205,9087.0,24,7.0,debt_consolidation,0.121,0.13,0
34,106136.0,1.3,MORTGAGE,7.5,4,0,0.11,16150.0,36,6.57,credit_card,0.051,0.056,0
18,39867.0,2.6,RENT,0.0,10,0,0.256,15480.0,36,11.86,home_improvement,0.129,0.154,0
26,87320.0,3.0,MORTGAGE,6.5,3,0,0.245,26154.0,36,5.51,medical,0.1,0.109,1
18,101485.0,14.9,MORTGAGE,0.0,5,0,0.434,8500.0,36,9.57,credit_card,0.028,0.032,0
40,37544.0,6.5,RENT,19.6,4,0,0.215,16735.0,36,8.79,credit_card,0.149,0.17,0
50,34718.0,0.2,MORTGAGE,28.0,8,1,0.262,21975.0,24,9.23,debt_consolidation,0.316,0.348,0
53,47190.0,0.1,OWN,29.9,10,0,0.28,37779.0,24,11.8,medical,0.4,0.451,0
45,31435.0,1.3,MORTGAGE,24.8,5,0,0.194,18256.0,48,8.69,debt_consolidation,0.145,0.172,0
28,57556.0,2.3,RENT,4.2,4,1,0.21,10866.0,24,8.85,debt_consolidation,0.094,0.103,0
18,48882.0,4.0,RENT,0.0,6,0,0.075,6483.0,24,4.44,small_business,0.066,0.069,0
19,64880.0,10.9,RENT,0.5,9,0,0.165,7104.0,12,8.1,other,0.109,0.114,0
25,108931.0,2.3,RENT,6.2,3,0,0.142,6449.0,24,8.73,major_purchase,0.03,0.032,0
29,81531.0,2.8,MORTGAGE,7.7,3,1,0.032,13073.0,12,10.57,debt_consolidation,0.16,0.17,0
38,69191.0,2.4,OWN,9.0,5,1,0.2,6846.0,24,8.72,debt_consolidation,0.049,0.054,0
28,20272.0,0.1,MORTGAGE,8.6,5,1,0.107,12635.0,36,8.85,credit_card,0.208,0.237,0
44,67622.0,18.6,MORTGAGE,25.2,3,1,0.388,15619.0,48,6.58,home_improvement,0.058,0.066,1
37,128196.0,0.9,RENT,12.9,3,0,0.176,15945.0,36,10.94,debt_consolidation,0.041,0.049,0
40,15000.0,2.0,MORTGAGE,21.3,7,0,0.265,12611.0,36,7.28,major_purchase,0.28,0.313,0
54,76473.0,0.8,RENT,32.4,1,0,0.289,18123.0,60,9.95,debt_consolidation,0.047,0.06,0
26,50027.0,4.0,OWN,7.9,3,0,0.417,9383.0,36,9.91,major_purchase,0.063,0.073,0
45,35423.0,16.1,MORTGAGE,26.9,6,1,0.168,8165.0,36,5.17,home_improvement,0.077,0.083,0
40,80867.0,0.6,MORTGAGE,20.2,4,0,0.243,12596.0,60,8.35,major_purchase,0.031,0.038,0
36,127370.0,3.5,MORTGAGE,14.8,4,1,0.134,7911.0,60,11.75,other,0.012,0.016,0
51,79827.0,0.1,MORTGAGE,32.5,4,1,0.273,12911.0,60,9.32,other,0.032,0.041,1
51,44999.0,8.8,RENT,28.7,1,0,0.185,6060.0,24,8.16,other,0.067,0.073,0
29,33802.0,6.2,MORTGAGE,10.6,6,0,0.201,17858.0,60,9.18,credit_card,0.106,0.132,0
38,58239.0,7.2,RENT,17.7,4,1,0.197,14527.0,12,6.66,debt_consolidation,0.249,0.259,0
43,83833.0,3.8,MORTGAGE,23.9,2,0,0.08,12440.0,24,9.11,other,0.074,0.081,0
37,44644.0,14.3,MORTGAGE,14.8,7,0,0.652,10804.0,36,7.35,debt_consolidation,0.081,0.09,0
47,46855.0,3.2,MORTGAGE,24.1,6,0,0.263,3935.0,24,11.39,debt_consolidation,0.042,0.047,0
43,222126.0,4.3,OWN,24.8,6,1,0.109,36926.0,48,9.46,debt_consolidation,0.042,0.05,0
62,92904.0,7.1,MORTGAGE,43.4,5,0,0.506,17468.0,48,8.72,credit_card,0.047,0.056,0
22,96285.0,4.4,RENT,0.0,4,1,0.34,34934.0,12,10.62,home_improvement,0.363,0.384,0
39,26104.0,1.3,RENT,19.4,5,0,0.07,23147.0,36,6.21,debt_consolidation,0.296,0.325,0
29,38040.0,2.3,RENT,9.1,8,0,0.119,24535.0,24,8.98,debt_consolidation,0.322,0.354,0
47,56238.0,0.6,RENT,28.4,6,0,0.324,5797.0,36,11.62,major_purchase,0.034,0.041,0
21,32841.0,3.4,OWN,0.0,6,1,0.433,15074.0,12,9.55,debt_consolidation,0.459,0.483,0
44,120596.0,5.6,MORTGAGE,18.3,4,0,0.742,18739.0,60,8.96,credit_card,0.031,0.039,0
32,109662.0,0.8,RENT,14.0,4,0,0.175,19653.0,24,8.92,major_purchase,0.09,0.098,0
31,41491.0,6.0,MORTGAGE,10.6,5,0,0.288,15500.0,48,5.81,credit_card,0.093,0.105,0
23,132185.0,13.4,MORTGAGE,0.0,3,0,0.167,11392.0,24,6.19,debt_consolidation,0.043,0.046,0
34,54061.0,2.5,RENT,14.3,6,0,0.02,17328.0,60,7.34,credit_card,0.064,0.077,0
53,197737.0,1.5,RENT,33.3,7,0,0.237,13708.0,36,9.06,credit_card,0.023,0.026,0
40,58241.0,13.4,MORTGAGE,20.6,4,0,0.294,9168.0,60,7.68,home_improvement,0.031,0.038,0
48,72265.0,7.1,RENT,29.9,6,1,0.374,22396.0,36,8.33,credit_card,0.103,0.117,0
60,109093.0,0.7,MORTGAGE,37.3,3,0,0.508,23046.0,36,12.88,credit_card,0.07,0.085,0
43,102623.0,3.1,RENT,23.2,4,0,0.106,6276.0,36,11.81,small_business,0.02,0.024,0
33,69938.0,6.7,RENT,12.7,7,0,0.677,7448.0,12,6.99,debt_consolidation,0.106,0.111,0
46,50485.0,5.1,RENT,27.1,2,2,0.311,6326.0,12,11.15,debt_consolidation,0.125,0.133,0
33,70057.0,5.8,MORTGAGE,10.4,5,1,0.124,3900.0,24,10.95,other,0.028,0.031,0
34,36023.0,5.0,MORTGAGE,11.3,7,1,0.273,23575.0,12,11.25,major_purchase,0.654,0.695,0
22,58458.0,9.6,RENT,1.6,1,0,0.267,75668.0,24,8.98,medical,0.647,0.709,0
51,31112.0,2.3,MORTGAGE,26.0,4,0,0.143,18064.0,36,10.02,major_purchase,0.194,0.225,0
35,22238.0,7.4,MORTGAGE,16.6,7,1,0.336,9150.0,24,8.26,debt_consolidation,0.206,0.224,0
42,55560.0,28.3,MORTGAGE,19.4,6,0,0.243,7394.0,60,6.55,credit_card,0.027,0.031,0
28,101838.0,3.0,RENT,7.5,4,0,0.425,5974.0,48,12.67,debt_consolidation,0.015,0.019,0
45,86069.0,9.4,MORTGAGE,26.2,7,0,0.177,24020.0,24,10.38,medical,0.14,0.155,0
31,52002.0,1.7,MORTGAGE,12.6,4,0,0.493,5625.0,36,11.05,home_improvement,0.036,0.043,0
38,129767.0,2.0,OWN,18.9,3,1,0.094,15950.0,48,12.86,other,0.031,0.039,0
51,40761.0,16.4,MORTGAGE,27.2,5,0,0.333,10907.0,36,9.52,credit_card,0.089,0.103,0
49,20766.0,0.2,RENT,26.4,6,1,0.254,15243.0,60,6.68,debt_consolidation,0.147,0.173,0
40,18196.0,1.5,RENT,18.9,5,0,0.368,17634.0,36,7.49,major_purchase,0.323,0.362,0
19,30014.0,4.0,OWN,0.7,3,0,0.163,11075.0,12,8.51,major_purchase,0.369,0.386,0
75,81496.0,3.1,MORTGAGE,47.7,4,1,0.321,5933.0,60,7.83,debt_consolidation,0.015,0.018,0
61,39442.0,6.0,MORTGAGE,41.9,5,0,0.16,27099.0,36,7.7,medical,0.229,0.257,0
49,68219.0,1.3,OWN,28.2,6,0,0.424,21155.0,12,8.29,credit_card,0.31,0.324,0
31,123394.0,0.4,RENT,8.1,1,0,0.275,8790.0,36,11.64,credit_card,0.024,0.028,1
39,31256.0,2.8,RENT,20.6,4,0,0.513,9825.0,36,8.38,debt_consolidation,0.105,0.119,0
33,68820.0,4.5,MORTGAGE,11.8,7,0,0.143,13235.0,36,10.14,debt_consolidation,0.064,0.075,0
55,70932.0,5.0,RENT,36.9,7,0,0.338,24357.0,48,9.6,small_business,0.086,0.104,0
43,35229.0,5.5,RENT,24.7,9,0,0.236,36265.0,36,8.36,debt_consolidation,0.343,0.389,0
31,106628.0,4.8,OWN,9.1,2,0,0.154,8393.0,36,6.7,debt_consolidation,0.026,0.029,0
34,46918.0,1.7,OWN,15.5,5,2,0.321,2397.0,36,9.04,debt_consolidation,0.017,0.02,0
53,44718.0,8.7,MORTGAGE,33.2,6,1,0.005,9771.0,24,8.84,debt_consolidation,0.109,0.12,0
59,155719.0,0.6,OWN,40.1,4,1,0.288,12818.0,36,9.38,small_business,0.027,0.032,1
58,70360.0,1.3,MORTGAGE,38.4,6,0,0.458,31810.0,24,10.15,debt_consolidation,0.226,0.251,1
49,86047.0,8.1,RENT,30.8,6,0,0.455,15089.0,36,5.7,credit_card,0.058,0.064,0
37,106665.0,2.0,MORTGAGE,14.8,3,0,0.272,6573.0,48,8.7,small_business,0.015,0.018,0
18,39135.0,4.1,MORTGAGE,0.0,4,0,0.039,24121.0,24,6.82,other,0.308,0.331,1
44,101206.0,2.4,OWN,20.5,6,0,0.197,7705.0,24,8.42,credit_card,0.038,0.041,0
40,42153.0,4.2,MORTGAGE,18.7,3,0,0.149,10972.0,24,12.16,debt_consolidation,0.13,0.147,0
42,41262.0,2.6,OWN,22.4,4,1,0.446,14214.0,60,12.21,debt_consolidation,0.069,0.092,1
41,47287.0,30.9,MORTGAGE,17.0,4,0,0.516,12863.0,48,11.43,other,0.068,0.085,0
24,39694.0,2.7,MORTGAGE,5.4,5,0,0.239,29711.0,60,7.73,credit_card,0.15,0.181,0
47,81722.0,5.9,RENT,28.1,6,2,0.821,11346.0,24,8.25,small_business,0.069,0.076,0
48,61920.0,13.2,RENT,29.6,3,0,0.495,14256.0,36,11.53,debt_consolidation,0.077,0.091,0
48,42378.0,6.1,MORTGAGE,28.6,9,2,0.151,3464.0,36,9.74,debt_consolidation,0.027,0.032,0
51,75906.0,5.0,MORTGAGE,20.0,4,0,0.263,6337.0,48,7.9,debt_consolidation,0.021,0.024,0
47,47212.0,5.1,MORTGAGE,28.5,2,0,0.136,7848.0,36,11.85,small_business,0.055,0.066,0
35,45980.0,4.1,MORTGAGE,11.7,4,0,0.549,5336.0,60,8.96,small_business,0.023,0.029,1
39,55511.0,9.9,MORTGAGE,17.8,2,0,0.604,7726.0,48,9.65,credit_card,0.035,0.042,0
41,68304.0,0.3,RENT,23.0,4,0,0.312,11854.0,36,5.86,medical,0.058,0.063,0
41,65836.0,13.0,MORTGAGE,14.3,7,0,0.509,3478.0,36,9.65,debt_consolidation,0.018,0.02,0
52,45178.0,5.3,OWN,23.4,6,2,0.172,8851.0,48,7.2,other,0.049,0.057,0
48,82748.0,11.3,RENT,22.2,7,0,0.221,12210.0,48,9.64,credit_card,0.037,0.045,0
65,48475.0,0.1,MORTGAGE,44.9,5,0,0.363,14410.0,24,9.26,medical,0.149,0.163,0
66,39046.0,12.2,MORTGAGE,47.3,4,0,0.302,20518.0,12,8.09,credit_card,0.525,0.549,1
41,26004.0,0.8,MORTGAGE,21.5,8,0,0.271,23909.0,24,9.94,major_purchase,0.46,0.509,0
18,88574.0,7.7,RENT,0.0,4,1,0.29,5759.0,36,10.08,debt_consolidation,0.022,0.025,0
55,54513.0,3.2,MORTGAGE,35.6,5,0,0.432,19861.0,24,9.02,major_purchase,0.182,0.2,0
34,60201.0,6.9,MORTGAGE,12.3,7,1,0.088,8007.0,36,8.12,home_improvement,0.044,0.05,0
30,91391.0,5.9,MORTGAGE,7.2,1,1,0.618,38468.0,48,8.24,debt_consolidation,0.105,0.124,0
35,42672.0,1.1,MORTGAGE,16.3,10,0,0.315,6594.0,24,10.6,medical,0.077,0.086,0
35,27250.0,4.3,RENT,15.4,6,0,0.467,40916.0,24,8.2,home_improvement,0.751,0.817,0
47,56100.0,1.9,RENT,19.5,6,0,0.279,7847.0,60,11.58,major_purchase,0.028,0.037,0
21,63195.0,4.9,MORTGAGE,2.1,7,1,0.146,22890.0,36,7.41,home_improvement,0.121,0.135,0
27,47504.0,8.0,OWN,7.7,4,0,0.344,8522.0,36,12.77,major_purchase,0.06,0.072,0
44,113195.0,0.5,OWN,25.9,4,0,0.196,15055.0,24,6.82,medical,0.067,0.071,0
47,15630.0,4.4,MORTGAGE,27.8,7,1,0.491,10768.0,60,9.07,debt_consolidation,0.138,0.172,0
48,94848.0,5.8,MORTGAGE,28.6,4,0,0.213,21284.0,60,5.79,debt_consolidation,0.045,0.052,0
31,80465.0,2.1,RENT,12.7,5,0,0.518,5496.0,36,9.47,debt_consolidation,0.023,0.026,0
28,68076.0,18.3,MORTGAGE,10.0,2,0,0.353,3334.0,36,7.42,debt_consolidation,0.016,0.018,0
34,15000.0,4.4,RENT,13.4,5,0,0.419,5850.0,12,6.29,debt_consolidation,0.39,0.403,0
43,102944.0,1.2,RENT,23.9,5,1,0.257,17980.0,60,8.62,major_purchase,0.035,0.043,1
58,32428.0,0.7,MORTGAGE,39.9,5,0,0.142,17687.0,60,5.34,home_improvement,0.109,0.125,0
18,42031.0,4.7,RENT,0.0,2,2,0.273,34617.0,48,9.74,medical,0.206,0.249,1
37,49747.0,2.8,MORTGAGE,16.4,7,1,0.184,19535.0,36,7.2,credit_card,0.131,0.146,0
24,66417.0,1.3,OWN,5.4,3,0,0.181,5572.0,48,7.64,debt_consolidation,0.021,0.024,0
20,74586.0,0.2,RENT,0.0,4,0,0.598,15698.0,36,9.6,debt_consolidation,0.07,0.081,0
52,84662.0,5.0,MORTGAGE,33.1,4,1,0.421,8675.0,36,9.52,credit_card,0.034,0.039,0
47,81465.0,5.5,RENT,28.2,9,0,0.151,10198.0,48,11.73,small_business,0.031,0.039,0
45,61480.0,0.9,MORTGAGE,20.2,9,0,0.102,12751.0,48,11.88,home_improvement,0.052,0.065,0
51,66700.0,5.5,MORTGAGE,32.4,3,0,0.266,64791.0,60,10.47,home_improvement,0.194,0.25,0
34,31402.0,18.2,OWN,9.7,4,1,0.282,10439.0,36,8.6,debt_consolidation,0.111,0.126,0
35,37216.0,23.0,MORTGAGE,12.1,6,0,0.336,7866.0,24,9.3,small_business,0.106,0.116,0
66,84773.0,13.2,RENT,46.9,7,1,0.459,10002.0,24,9.73,small_business,0.059,0.065,0
37,82339.0,9.9,RENT,18.9,7,1,0.242,7437.0,36,11.49,other,0.03,0.036,0
49,77800.0,1.4,RENT,30.7,8,0,0.086,29752.0,24,6.95,debt_consolidation,0.191,0.205,0
40,41890.0,1.0,RENT,21.7,4,0,0.325,13981.0,36,6.3,small_business,0.111,0.122,0
18,85412.0,3.5,MORTGAGE,0.0,5,0,0.043,13220.0,60,8.91,home_improvement,0.031,0.038,0
18,30314.0,5.8,MORTGAGE,0.0,2,0,0.102,31915.0,60,8.03,major_purchase,0.211,0.256,1
33,92844.0,11.4,MORTGAGE,14.9,0,1,0.348,14068.0,36,7.95,major_purchase,0.051,0.057,0
53,47551.0,1.6,MORTGAGE,32.6,5,0,0.449,6986.0,12,11.11,small_business,0.147,0.156,0
49,125754.0,3.9,MORTGAGE,30.3,4,0,0.121,17861.0,48,11.73,home_improvement,0.036,0.045,0
51,25318.0,6.3,RENT,32.2,3,0,0.144,18682.0,36,10.62,credit_card,0.246,0.288,0
28,130836.0,3.5,MORTGAGE,9.5,6,1,0.079,10330.0,12,7.42,home_improvement,0.079,0.082,0
59,45219.0,3.6,MORTGAGE,36.7,5,0,0.26,8078.0,24,10.07,other,0.089,0.099,0
28,44813.0,1.5,MORTGAGE,10.0,4,1,0.188,31861.0,24,7.4,credit_card,0.355,0.384,1
43,59720.0,25.9,RENT,23.3,2,0,0.333,7776.0,24,6.92,medical,0.065,0.07,0
40,38233.0,3.9,MORTGAGE,21.7,0,0,0.276,8763.0,60,10.43,other,0.046,0.059,0
38,52252.0,4.6,RENT,17.6,2,0,0.498,10299.0,48,8.37,credit_card,0.049,0.058,0
56,37466.0,1.5,MORTGAGE,36.7,6,1,0.253,10979.0,48,9.48,debt_consolidation,0.073,0.088,0
32,38157.0,4.3,MORTGAGE,13.9,3,0,0.237,7547.0,36,12.44,major_purchase,0.066,0.079,0
24,69109.0,1.8,RENT,4.1,2,0,0.238,6587.0,48,12.75,debt_consolidation,0.024,0.031,0
40,34517.0,1.4,RENT,19.5,4,0,0.305,31321.0,48,10.43,debt_consolidation,0.227,0.278,0
35,36898.0,1.9,MORTGAGE,16.1,5,0,0.276,9026.0,24,9.89,home_improvement,0.122,0.135,0
75,27272.0,0.0,MORTGAGE,52.6,5,1,0.655,5835.0,24,9.86,credit_card,0.107,0.118,0
48,42110.0,5.1,MORTGAGE,28.6,4,0,0.431,5312.0,12,10.43,major_purchase,0.126,0.133,0
35,104381.0,2.9,RENT,12.8,8,0,0.173,12542.0,24,9.65,small_business,0.06,0.066,0
27,35491.0,13.7,RENT,6.4,2,0,0.087,5014.0,60,9.72,other,0.028,0.036,0
18,37578.0,0.2,RENT,0.0,5,1,0.217,6576.0,24,9.46,debt_consolidation,0.087,0.096,0
28,59692.0,0.3,MORTGAGE,7.6,5,0,0.169,9017.0,24,8.19,credit_card,0.076,0.082,0
41,45008.0,13.0,RENT,22.4,2,0,0.247,37289.0,48,11.49,home_improvement,0.207,0.259,0
57,165062.0,0.8,OWN,33.8,5,1,0.133,8373.0,48,8.66,other,0.013,0.015,1
53,49948.0,0.0,MORTGAGE,30.4,6,0,0.274,31656.0,48,9.64,credit_card,0.158,0.192,0
43,64062.0,1.2,RENT,14.2,4,1,0.149,9829.0,12,9.04,debt_consolidation,0.153,0.161,0
36,86845.0,10.4,MORTGAGE,17.7,4,1,0.17,3137.0,48,9.37,small_business,0.009,0.011,0
43,86016.0,9.7,MORTGAGE,22.3,2,1,0.176,40304.0,36,7.31,major_purchase,0.156,0.174,0
34,60879.0,2.5,OWN,14.0,7,0,0.22,8776.0,36,6.18,debt_consolidation,0.048,0.053,0
61,49983.0,6.6,RENT,39.7,5,0,0.657,5375.0,48,8.91,credit_card,0.027,0.032,0
38,149047.0,4.2,RENT,8.2,3,0,0.484,5139.0,36,10.04,major_purchase,0.011,0.013,0
39,51540.0,14.1,RENT,18.7,6,0,0.35,9404.0,36,10.59,debt_consolidation,0.061,0.071,0
18,43441.0,0.3,MORTGAGE,0.0,6,1,0.332,11883.0,48,7.44,home_improvement,0.068,0.079,0
38,39225.0,10.1,MORTGAGE,18.7,4,0,0.114,9039.0,24,8.02,debt_consolidation,0.115,0.125,0
50,22848.0,1.1,RENT,30.9,0,0,0.485,13247.0,36,7.16,debt_consolidation,0.193,0.215,0
27,81700.0,3.0,OWN,7.8,5,0,0.457,4460.0,48,8.88,debt_consolidation,0.014,0.016,0
31,16747.0,1.3,RENT,12.9,5,2,0.483,14031.0,48,8.37,home_improvement,0.209,0.247,0
50,54022.0,7.3,MORTGAGE,31.0,5,0,0.042,4299.0,48,8.26,debt_consolidation,0.02,0.023,0
22,48902.0,6.8,MORTGAGE,3.4,6,0,0.149,17462.0,60,9.85,other,0.071,0.091,0
53,166040.0,4.8,OWN,33.2,4,1,0.284,8134.0,24,7.68,debt_consolidation,0.024,0.027,0
34,21681.0,7.2,MORTGAGE,14.1,2,1,0.123,16008.0,12,6.62,medical,0.738,0.765,1
35,34525.0,6.1,MORTGAGE,12.7,3,0,0.595,18586.0,12,7.69,other,0.538,0.561,0
27,50612.0,9.0,MORTGAGE,6.9,7,1,0.13,27519.0,24,11.83,debt_consolidation,0.272,0.307,0
45,49081.0,1.6,MORTGAGE,25.1,6,1,0.243,13764.0,24,7.05,credit_card,0.14,0.151,0
70,41160.0,3.4,MORTGAGE,51.2,5,1,0.575,4733.0,24,9.17,medical,0.057,0.063,0
49,52026.0,1.0,RENT,25.3,5,1,0.335,14071.0,48,8.45,small_business,0.068,0.08,0
30,28860.0,3.4,RENT,11.7,5,0,0.268,9290.0,24,12.34,debt_consolidation,0.161,0.182,1
54,64770.0,7.3,RENT,23.9,4,1,0.207,12605.0,36,9.03,other,0.065,0.074,0
36,16971.0,7.1,MORTGAGE,16.1,8,1,0.536,10091.0,48,4.0,debt_consolidation,0.149,0.161,0
56,53483.0,7.4,MORTGAGE,37.4,5,2,0.051,6635.0,36,9.47,other,0.041,0.048,0
50,40128.0,2.2,MORTGAGE,30.7,5,0,0.122,20614.0,24,10.21,major_purchase,0.257,0.285,0
18,90052.0,6.5,MORTGAGE,0.0,5,0,0.355,19913.0,48,10.34,debt_consolidation,0.055,0.068,0
28,130308.0,2.7,OWN,9.5,1,0,0.033,9553.0,48,9.49,major_purchase,0.018,0.022,0
51,45912.0,17.3,MORTGAGE,31.8,3,0,0.162,15184.0,60,7.96,other,0.066,0.08,0
42,108593.0,2.5,MORTGAGE,21.6,4,1,0.387,13527.0,60,8.75,home_improvement,0.025,0.031,0
28,46256.0,5.5,MORTGAGE,9.6,7,1,0.584,8644.0,36,9.37,debt_consolidation,0.062,0.072,0
32,33421.0,8.3,MORTGAGE,10.6,6,0,0.394,6126.0,36,8.12,debt_consolidation,0.061,0.069,0
18,129696.0,14.2,MORTGAGE,0.0,4,1,0.653,22584.0,48,9.68,credit_card,0.044,0.053,0
39,70290.0,3.5,RENT,18.5,4,0,0.188,31975.0,36,7.71,credit_card,0.152,0.17,0
67,54297.0,2.7,MORTGAGE,47.9,5,2,0.223,23470.0,36,8.06,credit_card,0.144,0.163,0
50,76389.0,3.4,MORTGAGE,31.6,5,1,0.095,9098.0,48,10.86,credit_card,0.03,0.037,0
66,62138.0,2.3,OWN,48.0,6,2,0.357,5692.0,24,11.62,home_improvement,0.046,0.052,0
51,52333.0,6.4,MORTGAGE,29.1,5,1,0.184,10020.0,24,6.76,medical,0.096,0.103,0
52,27911.0,16.2,RENT,31.0,5,0,0.126,8823.0,60,9.71,small_business,0.063,0.08,0
64,47322.0,0.8,OWN,44.1,7,1,0.093,19006.0,12,10.03,home_improvement,0.402,0.424,0
45,73986.0,4.9,MORTGAGE,26.7,4,0,0.174,9190.0,48,8.73,small_business,0.031,0.037,0
38,50951.0,13.7,RENT,19.3,4,0,0.224,6648.0,48,9.77,debt_consolidation,0.033,0.04,1
52,85064.0,0.6,RENT,28.9,7,0,0.415,25677.0,36,5.11,debt_consolidation,0.101,0.109,0
57,65633.0,4.1,MORTGAGE,37.0,4,2,0.342,18158.0,36,8.44,credit_card,0.092,0.105,1
34,34924.0,12.0,MORTGAGE,6.1,6,0,0.046,12957.0,24,13.04,home_improvement,0.186,0.212,0
31,28013.0,13.8,OWN,0.0,6,0,0.312,9245.0,48,10.4,debt_consolidation,0.083,0.101,0
42,50082.0,4.3,MORTGAGE,19.2,4,0,0.426,15529.0,36,8.02,other,0.103,0.117,0
50,41685.0,0.2,MORTGAGE,31.1,11,1,0.076,22028.0,60,12.51,debt_consolidation,0.106,0.143,0
50,64098.0,0.7,RENT,31.2,4,0,0.608,5219.0,36,9.7,debt_consolidation,0.027,0.031,0
23,37833.0,5.3,MORTGAGE,4.1,5,1,0.504,5611.0,48,10.91,other,0.037,0.046,0
63,39827.0,0.8,MORTGAGE,32.0,4,0,0.285,4760.0,24,6.7,small_business,0.06,0.064,0
32,91724.0,1.0,MORTGAGE,12.8,8,1,0.754,8650.0,24,10.32,debt_consolidation,0.047,0.052,0
37,58343.0,8.9,MORTGAGE,15.3,3,0,0.218,9692.0,36,10.22,credit_card,0.055,0.065,0
29,38125.0,8.3,OWN,1.4,2,1,0.201,38603.0,48,9.87,major_purchase,0.253,0.307,0
72,54656.0,11.1,RENT,48.9,2,0,0.376,5367.0,48,9.2,medical,0.025,0.029,0
43,107953.0,0.7,MORTGAGE,22.3,2,0,0.293,11584.0,48,6.32,debt_consolidation,0.027,0.03,0
30,62749.0,1.3,RENT,11.4,7,0,0.223,11670.0,12,10.67,other,0.186,0.197,0
50,72873.0,10.7,RENT,31.4,6,0,0.13,12492.0,36,9.77,home_improvement,0.057,0.066,0
49,37193.0,7.7,RENT,29.0,10,0,0.174,10599.0,48,8.5,credit_card,0.071,0.084,0
38,90509.0,9.8,RENT,10.9,4,0,0.56,10285.0,60,7.66,other,0.023,0.027,1
50,172655.0,27.5,RENT,25.0,8,0,0.409,42953.0,48,9.37,other,0.062,0.075,0
30,36471.0,12.0,OWN,11.5,7,0,0.293,6453.0,36,11.69,credit_card,0.059,0.07,0
34,30003.0,4.4,RENT,15.0,4,0,0.401,4856.0,60,9.42,credit_card,0.032,0.041,1
18,59146.0,2.2,MORTGAGE,0.0,2,0,0.421,8295.0,48,13.0,other,0.035,0.045,0
24,83931.0,5.1,MORTGAGE,4.1,6,0,0.185,15587.0,48,5.6,small_business,0.046,0.052,0
62,51756.0,6.1,MORTGAGE,43.6,4,0,0.309,29578.0,36,7.47,credit_card,0.19,0.213,0
60,31997.0,2.5,MORTGAGE,40.6,4,0,0.493,20567.0,48,11.53,home_improvement,0.161,0.201,0
41,51313.0,8.8,RENT,13.7,6,0,0.129,11770.0,24,6.8,debt_consolidation,0.115,0.123,0
60,73061.0,0.6,MORTGAGE,32.9,4,1,0.504,8918.0,24,9.79,other,0.061,0.067,0
38,44200.0,9.1,OWN,17.5,6,1,0.396,14236.0,12,10.14,credit_card,0.322,0.34,0
37,73396.0,0.2,RENT,16.0,4,0,0.308,5992.0,36,8.42,debt_consolidation,0.027,0.031,0
41,96989.0,4.1,RENT,22.2,5,1,0.149,5536.0,36,7.98,medical,0.019,0.021,0
39,61091.0,11.9,MORTGAGE,16.9,5,0,0.316,15055.0,36,8.62,home_improvement,0.082,0.094,0
37,53425.0,0.5,MORTGAGE,18.8,4,0,0.289,6999.0,12,9.28,major_purchase,0.131,0.138,0
54,82016.0,4.4,RENT,35.3,3,0,0.428,7632.0,36,5.25,medical,0.031,0.034,0
42,35311.0,1.0,RENT,24.0,5,0,0.078,38023.0,24,9.88,major_purchase,0.538,0.596,0
49,33612.0,13.5,MORTGAGE,29.5,3,0,0.273,39672.0,60,7.97,home_improvement,0.236,0.287,0
52,47416.0,10.7,OWN,28.3,5,0,0.069,11631.0,24,7.14,credit_card,0.123,0.132,0
45,42364.0,16.3,RENT,14.9,4,2,0.122,6772.0,36,7.38,small_business,0.053,0.06,0
28,36255.0,12.5,RENT,6.7,1,2,0.17,33746.0,48,12.36,debt_consolidation,0.233,0.296,0
24,135298.0,8.0,MORTGAGE,1.9,9,0,0.361,9641.0,36,9.71,other,0.024,0.027,0
42,160492.0,1.2,MORTGAGE,23.1,5,0,0.373,23244.0,24,9.83,major_purchase,0.072,0.08,0
38,45395.0,2.2,MORTGAGE,17.8,3,0,0.483,11395.0,36,13.0,credit_card,0.084,0.101,0
41,56719.0,4.1,OWN,19.0,7,0,0.081,23939.0,60,8.81,other,0.084,0.105,0
40,49320.0,5.3,OWN,19.9,5,1,0.206,8102.0,36,6.93,major_purchase,0.055,0.061,0
71,94254.0,9.1,MORTGAGE,52.7,3,0,0.29,9957.0,36,10.8,debt_consolidation,0.035,0.041,0
24,104070.0,1.5,OWN,1.9,6,2,0.092,10180.0,36,8.79,credit_card,0.033,0.037,0
18,22278.0,0.8,RENT,0.0,4,3,0.129,9405.0,24,6.14,debt_consolidation,0.211,0.225,0
44,68734.0,4.0,MORTGAGE,25.7,4,0,0.221,3902.0,60,7.58,credit_card,0.011,0.014,0
35,28186.0,1.0,MORTGAGE,15.0,5,2,0.379,11298.0,48,9.91,credit_card,0.1,0.122,0
44,130501.0,7.1,RENT,25.8,4,1,0.043,12268.0,36,7.99,credit_card,0.031,0.035,0
47,67516.0,5.1,MORTGAGE,26.0,2,1,0.118,8515.0,24,11.52,credit_card,0.063,0.071,0
55,35894.0,8.1,RENT,33.9,1,0,0.586,5037.0,24,10.86,debt_consolidation,0.07,0.078,0
22,48018.0,0.4,MORTGAGE,3.1,3,1,0.245,16594.0,24,7.8,credit_card,0.173,0.187,0
33,46888.0,20.1,MORTGAGE,5.0,2,0,0.597,4591.0,60,8.1,credit_card,0.02,0.024,0
45,70443.0,0.0,RENT,21.8,6,1,0.104,25998.0,48,8.41,medical,0.092,0.109,0
49,91213.0,2.4,MORTGAGE,30.7,3,1,0.191,4835.0,60,8.85,credit_card,0.011,0.013,0
66,30513.0,6.8,RENT,43.9,2,1,0.28,5610.0,60,4.62,home_improvement,0.037,0.041,0
51,135860.0,0.3,MORTGAGE,31.7,2,0,0.214,19946.0,36,6.0,other,0.049,0.054,0
39,120915.0,0.5,OWN,16.8,5,0,0.123,11254.0,48,9.18,debt_consolidation,0.023,0.028,0
29,34973.0,0.5,MORTGAGE,6.2,2,0,0.146,12303.0,48,8.49,credit_card,0.088,0.104,0
33,56185.0,5.2,RENT,14.5,7,0,0.511,7407.0,36,10.55,debt_consolidation,0.044,0.051,0
33,127440.0,13.6,RENT,11.7,4,0,0.4,25438.0,24,8.53,credit_card,0.1,0.109,0
48,100354.0,4.9,RENT,24.0,6,0,0.293,25503.0,12,6.98,debt_consolidation,0.254,0.264,0
43,45781.0,5.6,RENT,23.8,2,1,0.437,24697.0,24,9.35,major_purchase,0.27,0.297,1
24,81403.0,2.5,RENT,5.7,6,0,0.258,11140.0,36,13.11,credit_card,0.046,0.055,0
35,242462.0,0.1,RENT,16.9,11,0,0.256,22892.0,36,10.69,debt_consolidation,0.031,0.037,0
51,57101.0,0.1,RENT,32.7,8,0,0.171,6666.0,24,8.08,other,0.058,0.063,0
44,39485.0,13.2,RENT,26.0,4,1,0.173,16572.0,24,8.54,home_improvement,0.21,0.229,0
47,59054.0,0.6,OWN,27.8,4,0,0.232,10875.0,24,12.26,debt_consolidation,0.092,0.104,0
45,61284.0,40.0,RENT,25.9,4,0,0.275,11636.0,12,9.44,major_purchase,0.19,0.2,0
60,41678.0,1.1,MORTGAGE,41.6,9,1,0.128,15587.0,36,8.83,debt_consolidation,0.125,0.142,0
43,67563.0,6.7,MORTGAGE,21.8,4,0,0.249,14159.0,24,10.77,debt_consolidation,0.105,0.117,0
35,28935.0,17.9,RENT,2.5,8,0,0.486,15743.0,24,6.67,debt_consolidation,0.272,0.291,0
29,38841.0,2.7,RENT,4.1,5,1,0.145,5261.0,48,7.18,debt_consolidation,0.034,0.039,0
43,79152.0,8.0,RENT,24.1,4,0,0.315,8880.0,36,7.85,major_purchase,0.037,0.042,0
18,22529.0,2.6,RENT,0.0,3,0,0.331,11085.0,36,6.7,debt_consolidation,0.164,0.182,0
38,85100.0,2.2,RENT,11.7,4,1,0.411,7270.0,36,6.4,debt_consolidation,0.028,0.031,0
38,19811.0,1.4,MORTGAGE,12.9,6,0,0.426,8842.0,24,11.43,debt_consolidation,0.223,0.251,0
24,22796.0,10.3,RENT,0.0,4,0,0.288,4221.0,60,8.29,medical,0.037,0.045,0
29,42214.0,1.8,MORTGAGE,6.4,6,0,0.157,7367.0,24,6.58,debt_consolidation,0.087,0.093,0
50,62532.0,2.0,RENT,31.0,6,0,0.055,4620.0,36,14.76,home_improvement,0.025,0.031,0
43,105096.0,40.0,MORTGAGE,24.7,5,0,0.237,33043.0,60,7.59,medical,0.063,0.076,0
41,55760.0,2.4,RENT,21.0,5,0,0.122,12582.0,48,6.77,credit_card,0.056,0.065,1
44,47893.0,3.3,RENT,25.8,8,0,0.026,19350.0,60,8.07,major_purchase,0.081,0.098,0
41,72388.0,27.7,MORTGAGE,3.5,6,1,0.323,18265.0,36,9.46,other,0.084,0.097,0
55,35051.0,2.8,MORTGAGE,35.7,6,0,0.284,7601.0,36,6.02,credit_card,0.072,0.079,0
41,58088.0,2.7,RENT,13.5,4,0,0.281,5302.0,36,9.12,debt_consolidation,0.03,0.035,0
23,29741.0,10.6,MORTGAGE,0.5,6,0,0.268,6143.0,36,4.98,home_improvement,0.069,0.074,0
60,56460.0,2.2,MORTGAGE,40.4,0,0,0.269,8908.0,36,9.86,small_business,0.053,0.061,0
44,50771.0,1.6,MORTGAGE,25.6,3,0,0.082,14183.0,60,11.08,debt_consolidation,0.056,0.073,0
33,36238.0,3.3,MORTGAGE,14.2,5,1,0.317,12120.0,48,6.88,credit_card,0.084,0.096,0
25,58837.0,7.2,RENT,3.6,6,0,0.102,10174.0,48,10.8,major_purchase,0.043,0.053,0
45,58646.0,0.3,MORTGAGE,21.7,7,0,0.325,7819.0,12,8.8,major_purchase,0.133,0.14,0
39,97512.0,2.8,RENT,9.3,3,0,0.304,13588.0,36,7.34,major_purchase,0.046,0.052,0
59,24275.0,2.6,MORTGAGE,40.6,5,1,0.424,13801.0,24,8.06,major_purchase,0.284,0.309,0
36,52155.0,1.7,MORTGAGE,17.5,9,0,0.222,4468.0,36,8.65,credit_card,0.029,0.033,0
30,37044.0,6.4,MORTGAGE,11.9,4,1,0.241,26408.0,12,8.32,small_business,0.713,0.745,1
51,83691.0,2.1,MORTGAGE,32.1,3,0,0.229,13863.0,36,10.33,home_improvement,0.055,0.064,0
51,78980.0,5.6,MORTGAGE,27.8,7,1,0.111,7947.0,60,10.02,other,0.02,0.026,0
42,69838.0,4.2,MORTGAGE,23.3,5,0,0.334,9692.0,36,12.15,debt_consolidation,0.046,0.055,0
48,38104.0,1.5,MORTGAGE,27.6,3,1,0.244,3315.0,48,8.97,small_business,0.022,0.026,0
40,84350.0,1.9,RENT,20.2,4,1,0.139,11277.0,48,5.0,home_improvement,0.033,0.037,0
43,25208.0,1.1,MORTGAGE,23.8,4,0,0.466,7431.0,36,13.13,major_purchase,0.098,0.119,0
54,22751.0,0.3,RENT,33.1,4,1,0.082,17985.0,48,9.06,credit_card,0.198,0.236,0
48,28626.0,5.8,MORTGAGE,27.9,5,0,0.411,5321.0,12,10.04,major_purchase,0.186,0.196,1
38,53277.0,6.7,RENT,18.8,3,1,0.43,8859.0,48,9.36,small_business,0.042,0.05,1
56,75931.0,1.1,MORTGAGE,34.5,2,0,0.175,6170.0,60,10.92,major_purchase,0.016,0.021,0
18,15000.0,5.7,OWN,0.0,5,0,0.118,2048.0,24,10.42,home_improvement,0.068,0.076,0
65,104964.0,24.1,OWN,43.9,7,0,0.282,28671.0,36,6.51,small_business,0.091,0.1,0
20,57847.0,0.5,MORTGAGE,0.0,5,0,0.257,12297.0,12,12.45,other,0.213,0.227,0
32,24738.0,4.0,MORTGAGE,10.1,4,0,0.048,10740.0,60,9.5,medical,0.087,0.109,0
40,56981.0,7.9,MORTGAGE,20.4,5,0,0.25,3604.0,36,9.83,debt_consolidation,0.021,0.024,0
38,93551.0,0.3,MORTGAGE,15.9,6,0,0.607,7733.0,36,10.31,home_improvement,0.028,0.032,1
52,73110.0,9.0,MORTGAGE,29.0,4,0,0.161,11932.0,36,6.51,debt_consolidation,0.054,0.06,0
27,93858.0,23.3,OWN,7.8,6,1,0.291,13722.0,60,11.08,home_improvement,0.029,0.038,0
43,27361.0,0.6,RENT,21.3,2,0,0.072,13879.0,24,12.31,debt_consolidation,0.254,0.287,0
33,44046.0,10.4,OWN,13.3,2,0,0.376,12331.0,48,10.56,home_improvement,0.07,0.086,1
44,34121.0,2.9,RENT,20.9,6,0,0.295,5991.0,24,8.44,medical,0.088,0.096,0
39,127873.0,0.9,MORTGAGE,19.9,4,0,0.192,25732.0,60,9.47,credit_card,0.04,0.051,0
41,74584.0,4.1,MORTGAGE,14.7,6,0,0.133,17212.0,60,12.66,other,0.046,0.063,0
33,224921.0,0.4,MORTGAGE,12.4,6,0,0.41,8480.0,48,7.79,credit_card,0.009,0.011,0
34,42881.0,4.4,MORTGAGE,14.7,3,1,0.082,8014.0,12,7.9,major_purchase,0.187,0.195,0
43,37709.0,0.1,MORTGAGE,23.4,7,1,0.139,5481.0,24,8.35,other,0.073,0.079,0
51,50442.0,7.8,OWN,31.7,8,0,0.229,8286.0,48,10.62,major_purchase,0.041,0.051,0
33,107924.0,4.0,RENT,14.5,5,0,0.283,14611.0,36,8.92,debt_consolidation,0.045,0.052,0
30,45114.0,3.7,MORTGAGE,11.8,7,0,0.399,25020.0,24,8.31,debt_consolidation,0.277,0.302,1
47,57654.0,1.3,MORTGAGE,27.8,3,0,0.571,10463.0,36,9.16,debt_consolidation,0.06,0.069,0
40,56860.0,2.7,MORTGAGE,20.2,2,0,0.075,26553.0,24,8.94,credit_card,0.233,0.256,0
50,55257.0,1.2,MORTGAGE,30.7,5,0,0.149,25768.0,60,7.65,debt_consolidation,0.093,0.113,0
29,39097.0,8.0,RENT,11.0,6,1,0.161,6341.0,48,10.13,debt_consolidation,0.041,0.049,0
19,50582.0,1.3,RENT,0.0,9,0,0.158,9485.0,24,11.16,credit_card,0.094,0.105,0
34,49511.0,5.8,RENT,15.5,5,0,0.145,12271.0,60,10.07,other,0.05,0.063,0
31,53972.0,2.0,OWN,12.3,4,0,0.668,18691.0,48,11.15,credit_card,0.087,0.108,0
39,86834.0,6.4,OWN,20.6,3,1,0.121,8212.0,36,8.2,debt_consolidation,0.032,0.036,0
32,130655.0,4.7,MORTGAGE,11.8,5,0,0.448,18956.0,60,4.87,home_improvement,0.029,0.033,0
49,35589.0,3.3,RENT,30.7,4,0,0.433,6806.0,48,8.53,debt_consolidation,0.048,0.057,0
37,44534.0,6.7,RENT,18.1,3,0,0.389,8829.0,24,10.26,debt_consolidation,0.099,0.11,0
42,35864.0,3.2,RENT,22.2,5,0,0.512,10266.0,60,9.59,debt_consolidation,0.057,0.072,0
42,59489.0,10.3,MORTGAGE,23.4,4,0,0.419,2743.0,48,8.77,home_improvement,0.012,0.014,0
42,41391.0,7.8,RENT,22.2,2,0,0.414,10965.0,12,9.44,home_improvement,0.265,0.279,1
40,61077.0,4.7,MORTGAGE,20.7,5,0,0.427,10485.0,24,8.47,major_purchase,0.086,0.094,1
46,94072.0,12.6,MORTGAGE,22.1,1,2,0.414,10426.0,36,8.59,debt_consolidation,0.037,0.042,0
30,15323.0,10.6,RENT,7.2,2,0,0.515,19584.0,24,6.72,credit_card,0.639,0.685,0
57,69279.0,4.6,OWN,24.2,8,2,0.463,7873.0,60,9.14,debt_consolidation,0.023,0.028,0
37,43041.0,0.4,RENT,16.7,3,0,0.291,10841.0,48,8.77,debt_consolidation,0.063,0.075,0
24,68201.0,5.0,MORTGAGE,3.4,6,0,0.264,5311.0,24,9.89,home_improvement,0.039,0.043,0
42,34605.0,2.6,RENT,15.2,4,0,0.158,6299.0,48,11.85,medical,0.046,0.057,0
30,98531.0,4.7,MORTGAGE,10.5,3,1,0.215,11475.0,48,10.54,debt_consolidation,0.029,0.036,0
48,85532.0,6.2,MORTGAGE,27.6,4,0,0.104,16656.0,48,7.44,other,0.049,0.056,0
67,71982.0,6.2,RENT,47.6,4,0,0.137,63117.0,48,13.04,major_purchase,0.219,0.282,0
31,80548.0,6.7,MORTGAGE,10.6,6,0,0.236,19792.0,36,11.3,medical,0.082,0.097,0
44,37316.0,6.8,RENT,25.7,4,0,0.066,16003.0,12,8.44,major_purchase,0.429,0.449,0
19,39743.0,0.7,RENT,0.0,4,1,0.378,11394.0,24,9.94,small_business,0.143,0.159,0
45,78922.0,1.3,RENT,14.3,5,1,0.096,23132.0,48,6.78,debt_consolidation,0.073,0.084,0
29,36906.0,6.0,MORTGAGE,10.8,2,0,0.452,36868.0,24,8.56,home_improvement,0.499,0.545,0
33,111616.0,3.1,OWN,10.2,6,0,0.472,18695.0,12,8.76,debt_consolidation,0.167,0.176,0
27,46083.0,8.6,RENT,8.2,5,0,0.179,8345.0,48,8.71,credit_card,0.045,0.054,0
49,69630.0,0.8,MORTGAGE,30.3,7,0,0.445,11293.0,48,8.97,medical,0.041,0.048,0
52,154759.0,1.3,RENT,30.5,5,0,0.345,18222.0,48,8.73,credit_card,0.029,0.035,0
40,38059.0,4.9,MORTGAGE,21.9,3,1,0.038,16340.0,60,11.48,home_improvement,0.086,0.113,0
30,56071.0,4.2,RENT,10.1,3,0,0.211,4177.0,48,10.25,medical,0.019,0.023,0
59,91775.0,1.9,RENT,41.0,5,0,0.119,6888.0,48,4.62,debt_consolidation,0.019,0.021,0
31,87172.0,3.1,RENT,10.6,4,0,0.243,5560.0,36,8.04,major_purchase,0.021,0.024,0
18,45986.0,0.2,RENT,0.0,5,0,0.056,4067.0,60,7.8,debt_consolidation,0.018,0.021,0
46,41841.0,0.2,MORTGAGE,20.6,4,0,0.246,9974.0,48,7.56,credit_card,0.06,0.069,0
27,48215.0,0.6,MORTGAGE,5.2,1,1,0.485,13787.0,60,8.3,debt_consolidation,0.057,0.07,0
52,111740.0,5.2,MORTGAGE,33.6,7,0,0.322,9114.0,36,8.84,credit_card,0.027,0.031,0
35,47120.0,12.0,MORTGAGE,15.7,8,0,0.106,9594.0,36,4.0,medical,0.068,0.072,0
47,56334.0,1.8,RENT,21.0,4,1,0.182,3698.0,48,7.26,debt_consolidation,0.016,0.019,0
57,43766.0,0.2,MORTGAGE,35.1,6,0,0.536,5892.0,36,7.82,other,0.045,0.05,0
25,77094.0,7.4,MORTGAGE,4.3,6,1,0.503,8407.0,36,9.32,credit_card,0.036,0.042,0
33,58557.0,11.6,RENT,12.5,4,0,0.4,9745.0,48,10.06,debt_consolidation,0.042,0.051,0
39,32803.0,0.9,RENT,19.5,3,1,0.253,20540.0,36,8.2,other,0.209,0.236,0
58,33376.0,2.9,MORTGAGE,37.4,4,0,0.538,8631.0,48,8.32,small_business,0.065,0.076,0
32,19944.0,1.0,MORTGAGE,9.6,5,1,0.266,19352.0,12,10.96,debt_consolidation,0.97,1.029,0
33,35751.0,0.7,MORTGAGE,14.6,7,0,0.197,13499.0,36,11.78,small_business,0.126,0.15,0
46,80577.0,6.3,RENT,17.5,3,1,0.183,13366.0,36,10.49,debt_consolidation,0.055,0.065,0
33,105017.0,20.6,RENT,14.2,9,0,0.338,4023.0,36,11.0,debt_consolidation,0.013,0.015,0
42,76327.0,6.8,RENT,22.2,1,0,0.487,9838.0,12,9.74,credit_card,0.129,0.136,0
21,71490.0,25.1,RENT,2.9,3,0,0.391,19487.0,24,8.79,debt_consolidation,0.136,0.149,0
67,50855.0,3.4,RENT,46.6,4,0,0.309,3756.0,36,9.08,credit_card,0.025,0.028,0
24,79814.0,13.7,OWN,4.6,8,0,0.116,20286.0,24,11.9,major_purchase,0.127,0.143,0
36,62514.0,1.4,RENT,17.1,9,2,0.165,45637.0,24,6.25,debt_consolidation,0.365,0.389,0
40,133549.0,0.8,MORTGAGE,9.3,3,0,0.196,4024.0,48,8.8,small_business,0.008,0.009,0
63,51574.0,7.3,MORTGAGE,43.3,4,1,0.224,4667.0,60,7.96,small_business,0.018,0.022,0
24,106033.0,2.8,OWN,4.4,6,1,0.148,15560.0,60,9.79,debt_consolidation,0.029,0.037,0
64,83873.0,2.3,MORTGAGE,44.1,5,0,0.095,12275.0,24,8.4,credit_card,0.073,0.08,0
49,78255.0,6.7,MORTGAGE,30.6,5,0,0.139,5047.0,36,7.66,credit_card,0.021,0.024,0
45,19816.0,2.4,MORTGAGE,25.5,3,0,0.586,23235.0,24,8.4,other,0.586,0.639,0
28,86215.0,5.1,MORTGAGE,8.8,4,1,0.454,7083.0,12,8.08,small_business,0.082,0.086,0
47,50830.0,2.1,MORTGAGE,27.1,7,0,0.192,4360.0,48,5.96,major_purchase,0.021,0.024,0
31,43392.0,9.2,OWN,7.2,7,0,0.092,8877.0,24,8.58,major_purchase,0.102,0.112,1
55,25811.0,2.2,RENT,36.4,5,0,0.422,24928.0,24,8.68,debt_consolidation,0.483,0.528,0
28,54025.0,4.6,MORTGAGE,7.2,6,1,0.095,7348.0,48,9.5,credit_card,0.034,0.041,0
39,55093.0,0.1,RENT,20.9,5,2,0.184,13603.0,24,5.46,other,0.123,0.131,0
33,28240.0,9.4,MORTGAGE,13.9,5,0,0.126,4676.0,36,11.61,debt_consolidation,0.055,0.066,0
28,25935.0,5.8,RENT,8.1,6,0,0.668,25721.0,36,9.97,debt_consolidation,0.331,0.384,0
49,69100.0,1.3,RENT,30.8,9,0,0.131,4944.0,36,9.84,other,0.024,0.028,0
46,83772.0,1.5,MORTGAGE,25.6,4,0,0.178,8993.0,48,11.96,credit_card,0.027,0.034,0
55,59584.0,1.8,RENT,35.9,6,1,0.52,29347.0,36,9.58,debt_consolidation,0.164,0.19,0
19,96319.0,5.2,RENT,0.0,8,0,0.178,4603.0,36,4.54,major_purchase,0.016,0.017,0
53,51886.0,4.8,MORTGAGE,32.0,6,0,0.17,8984.0,36,8.66,home_improvement,0.058,0.066,0
70,52724.0,1.9,RENT,51.2,4,0,0.054,7579.0,48,9.62,debt_consolidation,0.036,0.043,0
35,34252.0,7.1,RENT,16.7,5,0,0.454,17726.0,24,6.83,credit_card,0.259,0.278,0
63,24832.0,13.2,MORTGAGE,44.9,2,0,0.097,7387.0,48,10.77,debt_consolidation,0.074,0.092,0
37,136945.0,0.3,RENT,18.7,7,0,0.15,17449.0,24,7.11,medical,0.064,0.069,0
24,95382.0,3.2,OWN,2.6,3,1,0.494,7330.0,24,10.69,debt_consolidation,0.038,0.043,1
36,27004.0,5.4,MORTGAGE,12.2,3,0,0.441,9899.0,48,6.85,major_purchase,0.092,0.105,0
53,58564.0,5.3,OWN,34.5,6,0,0.49,31716.0,48,12.71,major_purchase,0.135,0.173,0
30,51533.0,0.1,RENT,10.5,8,1,0.242,9736.0,60,11.6,debt_consolidation,0.038,0.05,0
33,47240.0,1.4,MORTGAGE,13.7,5,0,0.251,27851.0,36,9.18,credit_card,0.197,0.226,0
47,44156.0,0.4,RENT,25.9,6,1,0.443,14866.0,12,9.98,debt_consolidation,0.337,0.355,0
40,65554.0,5.0,MORTGAGE,21.4,7,1,0.226,19229.0,60,10.22,credit_card,0.059,0.075,0
47,81559.0,6.2,RENT,19.8,3,0,0.164,11921.0,24,6.4,debt_consolidation,0.073,0.078,0
43,66250.0,1.0,MORTGAGE,21.1,9,0,0.342,5000.0,36,9.98,other,0.025,0.029,0
46,51008.0,2.4,RENT,18.7,6,1,0.163,2225.0,36,6.64,major_purchase,0.015,0.016,0
35,50080.0,2.4,MORTGAGE,16.0,7,1,0.161,5421.0,36,9.1,home_improvement,0.036,0.041,1
43,86544.0,10.3,RENT,22.3,9,0,0.102,15581.0,24,8.09,other,0.09,0.098,0
29,68304.0,1.3,RENT,7.0,10,0,0.32,7152.0,36,9.8,home_improvement,0.035,0.04,0
55,56182.0,4.8,MORTGAGE,33.3,5,0,0.153,3739.0,36,10.43,other,0.022,0.026,0
32,53213.0,9.2,RENT,13.9,6,1,0.047,3696.0,24,5.87,home_improvement,0.035,0.037,0
54,64385.0,10.6,MORTGAGE,16.9,8,0,0.342,40902.0,12,10.57,other,0.635,0.672,0
37,42866.0,6.6,RENT,11.1,3,0,0.202,13392.0,36,5.03,credit_card,0.104,0.112,0
42,81697.0,2.1,MORTGAGE,23.6,5,0,0.648,22210.0,36,10.64,credit_card,0.091,0.106,0
34,31637.0,10.4,MORTGAGE,13.6,3,0,0.368,8001.0,36,7.95,debt_consolidation,0.084,0.095,0
28,44102.0,8.1,RENT,8.9,6,0,0.308,21556.0,36,10.69,home_improvement,0.163,0.191,0
19,73538.0,7.3,MORTGAGE,0.0,2,0,0.084,19590.0,36,5.68,home_improvement,0.089,0.097,0
27,30747.0,0.4,RENT,5.4,5,0,0.188,33897.0,36,8.45,debt_consolidation,0.367,0.417,0
36,24674.0,0.3,MORTGAGE,17.2,4,0,0.571,13990.0,36,9.06,debt_consolidation,0.189,0.217,0
43,55912.0,7.1,MORTGAGE,24.9,5,0,0.053,19477.0,36,5.14,debt_consolidation,0.116,0.126,0
52,23197.0,17.4,MORTGAGE,33.0,9,0,0.181,11306.0,48,9.14,debt_consolidation,0.122,0.146,0
35,28299.0,8.9,MORTGAGE,16.9,6,1,0.112,8188.0,36,8.06,debt_consolidation,0.096,0.109,0
29,79086.0,10.7,RENT,10.5,1,2,0.108,24453.0,24,12.12,small_business,0.155,0.175,0
23,48904.0,4.7,OWN,2.0,8,2,0.213,18662.0,48,10.3,credit_card,0.095,0.117,0
46,103027.0,2.2,RENT,23.9,8,0,0.057,14297.0,48,12.91,credit_card,0.035,0.045,0
57,29661.0,6.8,RENT,37.1,5,0,0.581,12208.0,24,7.13,small_business,0.206,0.221,0
55,51690.0,7.5,MORTGAGE,34.2,5,1,0.347,8343.0,60,10.94,other,0.032,0.042,0
49,66157.0,6.8,OWN,30.5,3,1,0.267,10613.0,36,8.98,home_improvement,0.053,0.061,0
48,30174.0,17.6,RENT,28.9,9,0,0.112,10597.0,36,8.27,debt_consolidation,0.117,0.133,0
60,90752.0,2.7,MORTGAGE,38.3,4,1,0.259,10440.0,60,9.49,debt_consolidation,0.023,0.029,0
44,69936.0,0.2,RENT,24.6,5,1,0.511,10579.0,36,10.31,debt_consolidation,0.05,0.059,0
48,24230.0,14.3,MORTGAGE,28.7,5,0,0.29,7151.0,36,9.62,credit_card,0.098,0.114,0
36,53164.0,1.0,RENT,17.4,0,3,0.302,6297.0,36,8.81,other,0.039,0.045,0
24,65708.0,7.2,RENT,3.3,6,1,0.048,25533.0,36,7.38,home_improvement,0.13,0.145,0
32,40335.0,12.4,MORTGAGE,9.0,10,0,0.114,12333.0,48,10.3,debt_consolidation,0.076,0.094,0
40,25850.0,2.2,OWN,20.1,5,0,0.216,7701.0,24,9.79,credit_card,0.149,0.165,0
41,62270.0,10.6,MORTGAGE,22.6,3,0,0.393,22300.0,36,9.07,debt_consolidation,0.119,0.137,0
63,163672.0,2.4,MORTGAGE,39.5,6,1,0.225,37915.0,36,4.96,debt_consolidation,0.077,0.083,0
41,44645.0,9.5,MORTGAGE,22.8,8,2,0.217,11269.0,12,7.7,debt_consolidation,0.252,0.263,0
54,118732.0,0.4,RENT,34.1,8,1,0.344,89926.0,48,7.55,major_purchase,0.189,0.22,0
35,37192.0,6.4,RENT,16.1,6,0,0.227,5191.0,12,12.46,credit_card,0.14,0.149,1
36,60341.0,6.8,MORTGAGE,9.7,4,0,0.211,22632.0,60,7.76,credit_card,0.075,0.091,0
24,79679.0,4.1,RENT,2.0,5,2,0.179,2805.0,60,12.45,credit_card,0.007,0.009,0
31,53949.0,7.0,RENT,10.5,2,1,0.404,7913.0,12,11.51,home_improvement,0.147,0.156,0
46,46683.0,15.4,MORTGAGE,24.7,5,1,0.35,4870.0,36,7.53,home_improvement,0.035,0.039,0
40,77891.0,7.9,RENT,19.7,9,1,0.271,4416.0,12,5.49,credit_card,0.057,0.058,0
51,139487.0,19.5,RENT,32.5,4,0,0.608,7998.0,60,6.23,major_purchase,0.011,0.013,0
42,62962.0,3.6,MORTGAGE,20.3,7,0,0.12,10517.0,36,10.85,home_improvement,0.056,0.065,0
36,41855.0,4.5,RENT,16.0,3,0,0.269,3957.0,48,7.86,medical,0.024,0.028,0
66,49273.0,1.8,RENT,45.0,6,0,0.393,9576.0,48,6.61,home_improvement,0.049,0.055,0
39,190967.0,25.4,RENT,20.9,2,0,0.115,15732.0,60,9.93,debt_consolidation,0.016,0.021,0
54,57957.0,0.3,MORTGAGE,35.5,3,1,0.442,19218.0,60,7.16,home_improvement,0.066,0.079,0
35,40247.0,2.7,RENT,14.3,4,2,0.393,17684.0,24,10.55,home_improvement,0.22,0.245,1
49,30561.0,2.1,RENT,29.2,7,1,0.219,11890.0,12,8.29,credit_card,0.389,0.407,0
51,21743.0,2.9,OWN,32.2,3,1,0.643,5168.0,36,9.93,debt_consolidation,0.079,0.092,0
43,64977.0,15.0,OWN,24.2,1,0,0.29,15792.0,24,6.6,major_purchase,0.122,0.13,0
18,75156.0,2.8,RENT,0.0,8,0,0.391,6956.0,24,10.42,debt_consolidation,0.046,0.051,0
40,44429.0,14.9,RENT,21.8,4,1,0.239,4819.0,36,9.62,home_improvement,0.036,0.042,0
55,53772.0,3.3,RENT,35.3,8,0,0.345,7125.0,36,8.31,credit_card,0.044,0.05,0
46,30175.0,11.6,MORTGAGE,25.8,5,0,0.176,11215.0,24,5.33,major_purchase,0.186,0.196,0
45,57900.0,4.4,MORTGAGE,25.9,1,0,0.536,12006.0,60,7.11,home_improvement,0.041,0.049,0
19,68923.0,2.2,MORTGAGE,0.0,8,1,0.183,10342.0,48,9.24,small_business,0.038,0.045,0
31,41457.0,3.6,OWN,12.8,4,0,0.303,24167.0,24,9.89,debt_consolidation,0.291,0.322,0
45,126150.0,3.3,MORTGAGE,21.0,4,0,0.237,18721.0,36,8.36,credit_card,0.049,0.056,0
45,35648.0,1.8,RENT,23.1,6,0,0.278,17992.0,48,11.35,medical,0.126,0.158,0
55,62426.0,2.1,RENT,35.2,7,0,0.266,6404.0,48,11.48,credit_card,0.026,0.032,0
38,82798.0,1.2,RENT,12.3,3,0,0.49,7652.0,12,7.64,credit_card,0.092,0.096,0
45,52123.0,2.5,RENT,23.4,11,0,0.267,7508.0,60,14.61,home_improvement,0.029,0.041,0
40,49304.0,5.9,RENT,14.0,11,0,0.481,24672.0,36,9.17,debt_consolidation,0.167,0.191,0
28,26518.0,2.9,MORTGAGE,8.1,8,0,0.316,4548.0,36,5.82,debt_consolidation,0.057,0.062,0
18,106795.0,7.5,OWN,0.0,3,0,0.129,10833.0,36,8.9,debt_consolidation,0.034,0.039,0
45,49764.0,26.0,MORTGAGE,24.7,5,0,0.248,11876.0,24,8.38,credit_card,0.119,0.13,0
42,70876.0,2.8,OWN,23.8,2,0,0.119,19150.0,24,9.92,debt_consolidation,0.135,0.15,0
33,75838.0,3.7,OWN,7.8,3,0,0.189,30970.0,36,7.07,credit_card,0.136,0.151,0
21,39571.0,1.1,RENT,0.0,8,0,0.265,11917.0,60,9.05,debt_consolidation,0.06,0.075,0
48,49081.0,3.0,MORTGAGE,27.1,5,0,0.033,13548.0,12,8.33,credit_card,0.276,0.289,0
37,105582.0,7.8,RENT,11.2,4,0,0.1,11809.0,24,9.37,major_purchase,0.056,0.062,1
47,30989.0,1.5,OWN,13.8,7,0,0.501,15212.0,36,9.93,credit_card,0.164,0.19,0
62,156993.0,1.2,MORTGAGE,43.5,8,0,0.457,7653.0,48,11.04,credit_card,0.012,0.015,0
18,37330.0,2.8,MORTGAGE,0.0,8,1,0.223,30613.0,60,10.82,debt_consolidation,0.164,0.213,0
32,30039.0,10.2,OWN,11.4,4,0,0.272,12202.0,36,8.74,credit_card,0.135,0.154,0
37,57882.0,5.9,RENT,17.1,9,0,0.157,8713.0,36,7.34,credit_card,0.05,0.056,0
57,163436.0,19.0,RENT,27.6,3,3,0.221,4793.0,36,8.26,debt_consolidation,0.01,0.011,0
20,20838.0,14.1,RENT,0.0,5,0,0.712,13130.0,36,6.37,credit_card,0.21,0.231,1
63,50488.0,1.0,MORTGAGE,41.4,5,1,0.323,24370.0,36,7.94,other,0.161,0.181,0
42,68743.0,0.3,RENT,22.6,5,0,0.265,8623.0,36,9.66,debt_consolidation,0.042,0.048,1
39,55096.0,3.1,RENT,17.7,1,0,0.372,14811.0,48,12.92,credit_card,0.067,0.086,0
38,65576.0,4.4,MORTGAGE,17.7,1,0,0.14,13175.0,60,9.66,debt_consolidation,0.04,0.051,0
35,37835.0,4.3,MORTGAGE,16.1,1,1,0.118,14403.0,36,10.93,credit_card,0.127,0.149,0
53,40140.0,0.9,RENT,33.2,6,0,0.302,4741.0,36,5.86,credit_card,0.039,0.043,0
27,50301.0,0.8,MORTGAGE,8.3,3,0,0.394,10886.0,36,8.93,credit_card,0.072,0.082,0
44,30793.0,0.3,RENT,23.9,6,0,0.305,11469.0,36,8.65,credit_card,0.124,0.141,0
35,52979.0,11.4,MORTGAGE,13.2,5,0,0.362,9677.0,60,8.42,debt_consolidation,0.037,0.045,0
31,44606.0,17.7,RENT,12.9,9,0,0.418,6238.0,48,7.81,debt_consolidation,0.035,0.041,0
71,42829.0,0.7,MORTGAGE,48.7,8,0,0.417,9624.0,48,4.22,credit_card,0.056,0.061,0
45,63593.0,1.4,RENT,26.9,3,0,0.28,19345.0,12,7.55,debt_consolidation,0.304,0.317,0
47,21800.0,0.6,MORTGAGE,26.8,4,2,0.153,9771.0,36,8.69,medical,0.149,0.17,0
54,48313.0,12.6,MORTGAGE,33.4,8,0,0.657,10653.0,48,9.37,major_purchase,0.055,0.066,1
23,172590.0,19.1,MORTGAGE,0.7,12,0,0.542,11992.0,48,7.16,debt_consolidation,0.017,0.02,0
61,31475.0,1.8,MORTGAGE,38.7,9,0,0.18,11008.0,48,7.9,credit_card,0.087,0.102,0
18,103027.0,2.2,MORTGAGE,0.0,3,0,0.314,17241.0,24,7.74,major_purchase,0.084,0.091,0
31,55677.0,2.7,RENT,12.8,8,2,0.139,6829.0,36,9.36,debt_consolidation,0.041,0.047,0
34,40076.0,4.2,RENT,12.5,5,1,0.198,8598.0,60,11.12,credit_card,0.043,0.056,0
47,27992.0,6.9,OWN,26.9,6,0,0.366,5989.0,36,7.79,debt_consolidation,0.071,0.08,0
43,58095.0,4.2,OWN,23.8,4,0,0.195,4717.0,60,13.79,other,0.016,0.023,0
38,112050.0,18.1,MORTGAGE,19.2,8,0,0.538,14022.0,36,11.85,major_purchase,0.042,0.05,0
40,44596.0,0.6,RENT,21.6,6,1,0.518,18001.0,48,6.82,credit_card,0.101,0.116,0
28,52027.0,9.6,MORTGAGE,9.0,3,0,0.6,9127.0,48,6.43,other,0.044,0.05,0
22,89786.0,2.4,RENT,2.2,5,3,0.223,8017.0,24,5.94,home_improvement,0.045,0.047,0
49,64243.0,2.8,RENT,29.1,4,3,0.259,9253.0,24,7.79,debt_consolidation,0.072,0.078,0
48,24683.0,7.4,RENT,27.4,6,0,0.25,3773.0,48,10.86,major_purchase,0.038,0.047,0
59,56922.0,15.9,RENT,39.6,3,0,0.272,10039.0,48,8.9,major_purchase,0.044,0.053,0
31,115395.0,7.6,RENT,5.4,7,1,0.176,4799.0,36,9.07,debt_consolidation,0.014,0.016,1
48,53185.0,9.0,RENT,27.9,8,1,0.022,4665.0,36,8.05,debt_consolidation,0.029,0.033,0
37,15000.0,8.3,MORTGAGE,17.3,3,1,0.242,10505.0,12,12.82,small_business,0.7,0.75,0
54,65782.0,2.3,MORTGAGE,35.9,1,1,0.073,20205.0,24,9.05,medical,0.154,0.168,0
52,49059.0,8.5,MORTGAGE,31.3,7,0,0.413,9014.0,60,8.64,debt_consolidation,0.037,0.045,0
43,21708.0,9.2,RENT,22.2,2,1,0.334,32905.0,48,9.87,credit_card,0.379,0.46,1
36,23398.0,4.6,RENT,15.4,6,1,0.266,16398.0,48,7.19,major_purchase,0.175,0.202,0
52,88217.0,4.6,MORTGAGE,27.4,3,1,0.395,9883.0,12,7.36,small_business,0.112,0.117,0
48,37564.0,8.6,RENT,25.7,4,0,0.27,34425.0,36,7.57,small_business,0.305,0.342,0
32,34415.0,10.2,RENT,7.9,4,0,0.416,3602.0,24,8.28,medical,0.052,0.057,0
24,53220.0,2.5,MORTGAGE,5.8,2,0,0.263,17074.0,36,9.98,other,0.107,0.124,0
37,39258.0,9.7,MORTGAGE,17.9,3,0,0.279,21580.0,24,11.46,debt_consolidation,0.275,0.309,0
58,56955.0,10.1,RENT,38.8,6,0,0.186,7906.0,24,11.66,home_improvement,0.069,0.078,1
54,48954.0,1.6,OWN,32.8,1,1,0.364,25377.0,12,8.81,credit_card,0.518,0.543,0
27,29733.0,7.6,MORTGAGE,7.2,5,1,0.512,6883.0,24,10.67,credit_card,0.116,0.129,0
26,41957.0,1.2,MORTGAGE,3.5,5,2,0.259,9953.0,60,7.53,other,0.047,0.057,0
55,67601.0,0.6,OWN,35.5,5,0,0.172,13410.0,36,9.91,home_improvement,0.066,0.077,0
26,55324.0,5.1,MORTGAGE,7.2,4,0,0.156,8610.0,36,9.29,small_business,0.052,0.06,0
46,52002.0,14.4,RENT,27.0,5,0,0.197,7818.0,36,6.84,credit_card,0.05,0.056,0
33,142727.0,0.2,OWN,14.4,4,0,0.402,7527.0,24,5.42,debt_consolidation,0.026,0.028,0
59,78082.0,10.5,MORTGAGE,40.3,1,0,0.432,8901.0,24,9.79,other,0.057,0.063,0
31,82969.0,4.2,MORTGAGE,12.3,1,0,0.263,20582.0,48,7.04,debt_consolidation,0.062,0.071,0
54,49862.0,11.8,RENT,36.0,3,0,0.703,30033.0,24,12.12,debt_consolidation,0.301,0.341,0
42,60480.0,11.1,OWN,20.2,3,0,0.537,2774.0,60,9.19,debt_consolidation,0.009,0.011,0
43,43671.0,12.5,RENT,23.5,7,0,0.266,16846.0,24,9.53,debt_consolidation,0.193,0.213,0
18,79919.0,8.8,RENT,0.0,4,0,0.055,6925.0,36,7.77,medical,0.029,0.032,0
18,51267.0,11.1,OWN,0.0,6,0,0.327,21145.0,24,13.57,debt_consolidation,0.206,0.237,0
37,60548.0,1.2,MORTGAGE,11.9,6,0,0.215,18380.0,60,8.68,other,0.061,0.075,0
43,58706.0,2.2,OWN,22.9,7,1,0.394,6564.0,36,9.55,major_purchase,0.037,0.043,0
26,53686.0,1.7,MORTGAGE,0.0,4,1,0.437,7935.0,48,10.01,debt_consolidation,0.037,0.045,0
27,235412.0,8.1,MORTGAGE,6.7,4,0,0.444,9074.0,12,8.22,credit_card,0.039,0.04,0
47,38820.0,1.0,RENT,19.1,5,0,0.114,17780.0,36,7.64,debt_consolidation,0.153,0.171,0
47,38644.0,1.2,MORTGAGE,28.3,2,0,0.349,11184.0,36,8.39,debt_consolidation,0.096,0.109,0
38,76653.0,12.7,MORTGAGE,19.0,2,2,0.306,6688.0,36,10.22,debt_consolidation,0.029,0.034,0
49,40232.0,7.3,OWN,27.4,3,2,0.542,8143.0,24,11.16,home_improvement,0.101,0.113,0
26,46831.0,12.5,OWN,0.0,2,2,0.3,17480.0,36,6.56,home_improvement,0.124,0.137,0
36,31470.0,0.9,MORTGAGE,12.8,4,2,0.418,19355.0,60,9.72,debt_consolidation,0.123,0.156,0
60,69271.0,3.1,MORTGAGE,39.6,8,0,0.257,4382.0,36,6.7,small_business,0.021,0.023,0
41,69712.0,2.0,RENT,22.7,8,0,0.184,12581.0,60,11.8,credit_card,0.036,0.048,0
42,46277.0,0.1,RENT,22.6,5,0,0.466,5079.0,36,10.56,medical,0.037,0.043,0
68,77452.0,2.0,RENT,49.7,3,0,0.232,14343.0,36,10.58,home_improvement,0.062,0.072,0
23,21396.0,2.9,MORTGAGE,3.9,5,0,0.281,10692.0,12,10.45,credit_card,0.5,0.528,0
50,38047.0,0.6,MORTGAGE,31.1,3,1,0.369,14375.0,48,10.76,home_improvement,0.094,0.117,0
60,49762.0,5.0,RENT,40.5,5,0,0.186,5506.0,48,12.27,small_business,0.028,0.035,0
36,30148.0,2.9,RENT,12.6,3,3,0.444,30016.0,48,8.93,debt_consolidation,0.249,0.297,0
50,22599.0,0.3,MORTGAGE,31.5,10,0,0.198,18012.0,24,7.9,debt_consolidation,0.399,0.432,0
28,46446.0,7.3,RENT,8.9,5,0,0.063,11144.0,36,8.91,medical,0.08,0.091,0
32,76650.0,7.8,MORTGAGE,13.1,8,0,0.288,25148.0,48,10.07,debt_consolidation,0.082,0.1,0
45,102853.0,10.8,RENT,25.9,2,0,0.432,33354.0,48,6.33,medical,0.081,0.092,0
50,41207.0,4.0,OWN,30.7,3,0,0.343,8360.0,36,7.94,home_improvement,0.068,0.076,0
53,78167.0,20.8,RENT,34.2,7,0,0.714,9574.0,60,7.01,credit_card,0.024,0.029,0
59,74479.0,14.7,RENT,32.4,6,0,0.38,17675.0,48,10.67,debt_consolidation,0.059,0.073,0
39,99639.0,4.8,RENT,19.4,4,0,0.105,3683.0,24,10.41,home_improvement,0.018,0.021,0
54,45474.0,3.5,MORTGAGE,35.6,4,0,0.275,7872.0,48,10.1,home_improvement,0.043,0.053,0
36,22043.0,0.0,MORTGAGE,16.1,8,0,0.394,7067.0,60,8.7,credit_card,0.064,0.079,0
51,56111.0,7.4,MORTGAGE,32.4,7,0,0.478,12702.0,36,9.05,debt_consolidation,0.075,0.086,0
42,32634.0,5.0,MORTGAGE,23.3,3,0,0.091,5526.0,24,5.55,debt_consolidation,0.085,0.09,0
45,37731.0,16.6,RENT,26.0,6,2,0.438,6222.0,12,7.73,other,0.165,0.172,0
45,46602.0,5.4,MORTGAGE,26.6,2,2,0.056,31203.0,24,10.73,other,0.335,0.373,0
21,45731.0,29.6,OWN,0.0,1,0,0.43,33062.0,48,9.77,home_improvement,0.181,0.219,0
27,58150.0,11.5,RENT,4.3,9,0,0.421,27682.0,36,8.64,debt_consolidation,0.159,0.181,0
41,77001.0,18.4,MORTGAGE,21.5,4,0,0.459,3831.0,60,9.58,debt_consolidation,0.01,0.013,0
20,45077.0,2.4,MORTGAGE,0.0,6,1,0.238,9774.0,60,11.02,debt_consolidation,0.043,0.057,0
50,66029.0,1.0,RENT,30.5,13,0,0.366,9778.0,24,8.68,debt_consolidation,0.074,0.081,0
50,54579.0,9.6,OWN,31.5,5,1,0.131,32100.0,24,6.71,medical,0.294,0.315,0
44,86487.0,9.3,RENT,24.5,6,0,0.145,15267.0,36,8.82,debt_consolidation,0.059,0.067,0
27,49301.0,1.4,RENT,6.6,6,0,0.491,4426.0,12,13.77,credit_card,0.09,0.097,0
57,52080.0,8.7,RENT,38.9,5,0,0.083,15325.0,24,8.03,debt_consolidation,0.147,0.16,0
64,44927.0,5.2,MORTGAGE,42.8,6,0,0.318,6587.0,24,8.19,debt_consolidation,0.073,0.08,0
42,49955.0,0.7,OWN,19.9,5,0,0.372,10186.0,36,10.01,home_improvement,0.068,0.079,0
46,36617.0,4.2,RENT,22.1,5,1,0.363,8091.0,36,10.59,small_business,0.074,0.086,0
42,34846.0,16.1,MORTGAGE,23.7,4,0,0.17,12844.0,24,9.22,major_purchase,0.184,0.203,0
46,79848.0,4.2,OWN,28.0,4,0,0.467,15434.0,24,4.91,major_purchase,0.097,0.102,0
39,31521.0,9.3,RENT,20.8,1,1,0.126,13093.0,48,5.83,debt_consolidation,0.104,0.117,0
40,46186.0,0.2,MORTGAGE,14.3,6,1,0.281,7716.0,60,11.26,home_improvement,0.033,0.044,0
51,90010.0,7.8,RENT,28.6,4,0,0.074,11309.0,12,8.15,debt_consolidation,0.126,0.131,0
68,45417.0,17.6,MORTGAGE,44.6,3,0,0.598,5702.0,60,9.66,medical,0.025,0.032,0
23,81991.0,4.2,MORTGAGE,2.8,5,1,0.037,9471.0,12,8.71,other,0.116,0.121,0
39,40315.0,2.5,MORTGAGE,18.8,1,0,0.185,7446.0,36,5.23,small_business,0.062,0.067,0
26,32030.0,6.2,RENT,6.9,9,0,0.589,2537.0,36,8.17,debt_consolidation,0.026,0.03,0
59,24406.0,14.9,RENT,35.5,5,0,0.036,12203.0,24,9.31,major_purchase,0.25,0.275,0
33,104439.0,1.2,OWN,9.7,5,0,0.076,6784.0,24,8.15,home_improvement,0.032,0.035,0
23,30686.0,3.1,MORTGAGE,3.5,4,0,0.033,5352.0,36,11.9,other,0.058,0.069,1
48,78715.0,1.0,RENT,28.8,7,1,0.452,23466.0,24,9.34,debt_consolidation,0.149,0.164,0
61,32860.0,4.1,MORTGAGE,39.0,8,0,0.465,6237.0,48,12.01,debt_consolidation,0.047,0.06,0
48,104683.0,4.7,RENT,29.9,5,0,0.14,24512.0,12,7.83,debt_consolidation,0.234,0.244,0
42,163308.0,17.3,MORTGAGE,18.1,7,0,0.08,7142.0,36,10.14,medical,0.015,0.017,0
45,23312.0,3.2,MORTGAGE,25.2,2,0,0.339,4034.0,24,7.25,major_purchase,0.087,0.093,0
57,31496.0,5.0,RENT,37.3,6,0,0.469,10346.0,24,10.49,major_purchase,0.164,0.183,0
30,79743.0,13.0,MORTGAGE,8.7,3,0,0.273,13254.0,36,7.85,major_purchase,0.055,0.062,0
39,70019.0,2.3,MORTGAGE,17.9,1,1,0.271,16195.0,12,7.46,other,0.231,0.241,0
35,79894.0,6.7,RENT,16.1,1,1,0.175,7125.0,60,13.16,credit_card,0.018,0.024,0
26,40665.0,8.5,MORTGAGE,0.0,1,0,0.4,6727.0,36,8.26,credit_card,0.055,0.062,1
36,146352.0,2.4,RENT,5.1,3,1,0.412,14626.0,36,7.93,debt_consolidation,0.033,0.038,0
53,57470.0,1.1,OWN,32.8,1,1,0.206,13483.0,36,8.21,debt_consolidation,0.078,0.088,0
47,29482.0,4.2,MORTGAGE,26.5,5,1,0.318,22974.0,36,6.84,credit_card,0.26,0.288,0
48,47735.0,2.6,OWN,27.6,5,0,0.353,5991.0,60,7.94,home_improvement,0.025,0.03,0
42,29680.0,1.9,OWN,22.0,5,1,0.242,4948.0,60,6.22,major_purchase,0.033,0.039,0
46,120027.0,21.8,RENT,19.3,3,1,0.445,7661.0,24,9.11,other,0.032,0.035,0
30,38942.0,4.2,RENT,11.2,2,0,0.29,20321.0,12,6.81,major_purchase,0.522,0.541,0
36,69303.0,11.6,MORTGAGE,17.7,6,3,0.305,6155.0,48,7.24,debt_consolidation,0.022,0.026,0
42,42816.0,1.3,MORTGAGE,16.0,6,1,0.301,6535.0,36,10.99,debt_consolidation,0.051,0.06,0
43,39827.0,16.8,OWN,24.3,7,1,0.248,9039.0,48,7.77,other,0.057,0.066,0
44,20845.0,9.5,RENT,21.9,8,0,0.379,14347.0,24,10.31,small_business,0.344,0.382,0
38,73064.0,9.9,MORTGAGE,19.3,5,0,0.197,19468.0,36,9.19,debt_consolidation,0.089,0.102,0
35,103735.0,3.0,MORTGAGE,7.3,2,0,0.255,7587.0,12,10.51,small_business,0.073,0.077,0
75,34270.0,4.0,MORTGAGE,52.3,3,0,0.556,28787.0,48,9.56,credit_card,0.21,0.254,0
51,25019.0,5.4,RENT,25.5,4,1,0.411,6263.0,36,5.87,other,0.083,0.091,0
45,80956.0,9.4,OWN,18.0,6,2,0.345,12591.0,36,6.5,other,0.052,0.057,0
37,23787.0,11.3,OWN,18.7,4,0,0.428,7807.0,36,9.27,credit_card,0.109,0.126,0
35,99685.0,0.5,MORTGAGE,15.3,11,0,0.221,15666.0,36,13.94,debt_consolidation,0.052,0.064,0
38,34469.0,14.1,RENT,16.9,0,0,0.196,34648.0,48,6.63,major_purchase,0.251,0.287,0
44,31206.0,16.6,MORTGAGE,21.1,5,0,0.161,6377.0,24,13.1,debt_consolidation,0.102,0.117,1
18,61343.0,5.4,RENT,0.0,6,0,0.221,9430.0,48,11.16,debt_consolidation,0.038,0.048,0
21,32239.0,1.2,RENT,0.0,4,0,0.43,14540.0,60,9.83,debt_consolidation,0.09,0.115,1
32,38042.0,10.2,MORTGAGE,13.3,3,0,0.351,8217.0,48,9.35,home_improvement,0.054,0.065,0
42,64666.0,4.8,MORTGAGE,18.0,4,1,0.116,12613.0,24,8.25,home_improvement,0.098,0.106,0
37,16082.0,10.2,RENT,16.8,1,1,0.356,18210.0,24,8.84,debt_consolidation,0.566,0.62,1
58,123156.0,10.1,MORTGAGE,37.8,6,0,0.126,12309.0,36,12.76,major_purchase,0.033,0.04,0
22,55371.0,0.5,MORTGAGE,2.6,2,0,0.195,4150.0,36,12.49,debt_consolidation,0.025,0.03,0
31,28382.0,5.6,MORTGAGE,12.7,4,2,0.169,7597.0,24,9.25,credit_card,0.134,0.147,0
58,32578.0,4.0,MORTGAGE,38.7,3,0,0.298,5553.0,60,5.85,medical,0.034,0.039,0
42,88949.0,17.5,MORTGAGE,22.3,7,1,0.492,4517.0,48,9.52,home_improvement,0.013,0.015,0
51,73169.0,2.1,MORTGAGE,31.0,4,0,0.271,22977.0,36,10.63,major_purchase,0.105,0.123,0
65,108379.0,1.4,MORTGAGE,43.0,4,0,0.36,9489.0,12,10.65,other,0.088,0.093,0
32,38508.0,13.6,MORTGAGE,12.7,6,1,0.155,5120.0,48,11.52,debt_consolidation,0.033,0.042,0
39,62837.0,1.0,MORTGAGE,19.4,3,0,0.157,22650.0,36,7.01,major_purchase,0.12,0.134,1
37,67056.0,7.0,RENT,11.9,6,1,0.553,16188.0,60,7.94,small_business,0.048,0.059,0
18,76698.0,2.1,MORTGAGE,0.0,2,1,0.243,3968.0,24,12.08,debt_consolidation,0.026,0.029,0
36,95191.0,5.0,MORTGAGE,17.9,4,1,0.737,13742.0,36,7.12,debt_consolidation,0.048,0.054,1
51,37849.0,5.7,OWN,28.0,4,0,0.269,16378.0,48,6.18,small_business,0.108,0.122,0
46,51170.0,3.2,RENT,14.2,5,0,0.36,6393.0,36,4.46,small_business,0.042,0.045,0
47,39932.0,22.1,RENT,20.6,7,0,0.084,7164.0,12,10.79,small_business,0.179,0.19,0
35,52770.0,0.8,MORTGAGE,11.6,4,1,0.545,13340.0,24,11.61,debt_consolidation,0.126,0.142,0
32,76820.0,3.0,OWN,11.0,6,1,0.126,17236.0,36,9.69,debt_consolidation,0.075,0.086,0
55,23694.0,3.4,RENT,36.0,5,0,0.21,12523.0,36,9.72,credit_card,0.176,0.204,0
34,94342.0,6.0,RENT,12.8,5,0,0.455,2442.0,12,8.61,credit_card,0.026,0.027,0
44,30651.0,3.1,MORTGAGE,22.4,3,0,0.061,5068.0,24,6.67,debt_consolidation,0.083,0.089,0
42,46459.0,0.6,RENT,23.0,4,0,0.119,11476.0,60,11.59,other,0.049,0.065,0
58,100909.0,17.7,MORTGAGE,39.1,4,0,0.37,3392.0,36,5.28,home_improvement,0.011,0.012,0
52,63832.0,3.2,OWN,32.5,5,0,0.437,12899.0,36,12.56,debt_consolidation,0.067,0.081,0
24,64200.0,2.5,MORTGAGE,2.9,6,0,0.139,6127.0,36,9.74,other,0.032,0.037,0
26,30022.0,3.6,RENT,7.0,4,0,0.049,15074.0,36,9.43,small_business,0.167,0.193,0
47,32143.0,1.5,OWN,26.6,5,0,0.098,18160.0,36,7.71,other,0.188,0.212,0
39,86736.0,0.6,RENT,14.1,8,0,0.362,18257.0,36,8.23,debt_consolidation,0.07,0.079,0
35,40353.0,1.0,RENT,16.0,4,0,0.018,2804.0,36,5.91,major_purchase,0.023,0.025,0
52,42300.0,1.1,RENT,23.9,7,1,0.531,7234.0,36,6.2,medical,0.057,0.063,0
42,87726.0,1.3,MORTGAGE,22.1,5,1,0.515,15275.0,48,9.11,other,0.044,0.052,0
41,32050.0,3.3,RENT,22.7,5,0,0.561,8084.0,36,9.05,major_purchase,0.084,0.096,0
49,61983.0,5.9,MORTGAGE,30.8,3,1,0.659,34758.0,36,12.09,credit_card,0.187,0.224,1
35,55351.0,5.9,MORTGAGE,15.8,3,1,0.361,19746.0,60,9.87,debt_consolidation,0.071,0.091,1
59,54104.0,0.0,OWN,40.1,5,0,0.238,15062.0,36,8.54,other,0.093,0.106,0
31,41805.0,15.2,RENT,7.4,8,0,0.085,4458.0,36,7.57,credit_card,0.036,0.04,0
48,40541.0,10.4,MORTGAGE,26.0,9,0,0.344,11106.0,24,7.46,debt_consolidation,0.137,0.148,0
57,31597.0,19.9,MORTGAGE,32.5,4,0,0.256,4736.0,36,8.78,debt_consolidation,0.05,0.057,0
23,68963.0,2.7,RENT,2.3,2,0,0.095,12820.0,36,9.44,credit_card,0.062,0.071,0
36,38790.0,6.6,OWN,16.3,3,0,0.264,10553.0,24,8.18,major_purchase,0.136,0.148,0
54,87937.0,1.1,OWN,35.1,3,0,0.164,17282.0,48,11.96,debt_consolidation,0.049,0.062,0
54,48423.0,10.2,MORTGAGE,33.4,4,0,0.351,15159.0,36,8.87,home_improvement,0.104,0.119,0
38,31913.0,1.1,OWN,17.1,6,1,0.167,4546.0,48,12.35,debt_consolidation,0.036,0.045,0
31,48103.0,2.4,RENT,11.5,6,0,0.255,14240.0,60,8.58,debt_consolidation,0.059,0.073,0
51,44116.0,4.0,RENT,24.7,8,1,0.259,9429.0,24,12.99,debt_consolidation,0.107,0.122,0
54,89729.0,5.4,MORTGAGE,32.9,6,0,0.119,5816.0,48,7.36,debt_consolidation,0.016,0.019,0
26,45049.0,4.9,RENT,2.5,7,1,0.363,9045.0,48,8.61,other,0.05,0.06,0
26,47188.0,0.6,RENT,5.1,2,2,0.333,9130.0,48,10.59,debt_consolidation,0.048,0.06,0
43,109729.0,3.3,MORTGAGE,23.9,5,0,0.06,18029.0,36,8.04,debt_consolidation,0.055,0.062,0
48,69852.0,15.4,RENT,26.0,4,0,0.466,19404.0,24,8.73,debt_consolidation,0.139,0.152,0
36,124412.0,12.4,MORTGAGE,17.2,3,1,0.259,13809.0,12,6.8,credit_card,0.111,0.115,0
48,101674.0,5.4,RENT,27.3,3,1,0.32,17609.0,24,5.54,small_business,0.087,0.092,0
31,34767.0,5.1,RENT,11.5,1,2,0.68,10979.0,12,8.08,other,0.316,0.33,0
18,88874.0,0.7,MORTGAGE,0.0,1,2,0.451,7334.0,24,11.72,debt_consolidation,0.041,0.046,1
35,116152.0,1.3,RENT,15.4,3,1,0.318,24878.0,60,9.8,home_improvement,0.043,0.054,1
41,116589.0,1.7,MORTGAGE,21.9,10,0,0.157,23325.0,60,5.49,home_improvement,0.04,0.046,0
37,88792.0,4.0,RENT,18.6,3,0,0.493,19900.0,36,8.46,medical,0.075,0.085,0
26,87883.0,7.9,RENT,2.8,7,1,0.35,37498.0,36,10.21,major_purchase,0.142,0.166,0
18,46568.0,3.7,MORTGAGE,0.0,9,0,0.152,8787.0,24,9.9,debt_consolidation,0.094,0.104,0
34,35643.0,0.8,MORTGAGE,14.7,5,0,0.561,13624.0,12,7.4,home_improvement,0.382,0.398,1
51,45428.0,3.5,MORTGAGE,30.9,6,0,0.346,6644.0,36,7.49,home_improvement,0.049,0.055,0
55,23567.0,1.1,MORTGAGE,32.8,3,0,0.136,13577.0,12,7.9,credit_card,0.576,0.601,0
54,106022.0,8.3,OWN,35.9,6,0,0.615,17985.0,48,8.6,credit_card,0.042,0.05,0
30,47021.0,1.1,MORTGAGE,9.6,3,0,0.427,5039.0,48,5.46,medical,0.027,0.03,0
26,103328.0,4.0,OWN,6.0,6,0,0.166,5899.0,48,8.92,debt_consolidation,0.014,0.017,0
46,29268.0,7.1,RENT,21.3,10,0,0.231,8816.0,12,11.55,credit_card,0.301,0.32,0
48,93089.0,1.6,RENT,27.6,7,0,0.28,24704.0,48,7.19,major_purchase,0.066,0.077,0
45,42301.0,0.5,MORTGAGE,26.6,6,0,0.347,23313.0,48,7.96,major_purchase,0.138,0.161,0
18,28504.0,5.0,RENT,0.0,7,1,0.162,12390.0,12,7.23,debt_consolidation,0.435,0.452,0
30,122218.0,0.3,MORTGAGE,9.1,4,0,0.392,10424.0,24,8.01,credit_card,0.043,0.046,1
40,94245.0,5.3,OWN,21.9,9,0,0.108,11217.0,36,9.53,medical,0.04,0.046,0
46,60228.0,8.4,RENT,21.5,9,0,0.081,15542.0,48,4.99,debt_consolidation,0.065,0.071,0
49,55104.0,2.4,MORTGAGE,30.8,4,2,0.088,30735.0,60,7.65,debt_consolidation,0.112,0.135,0
42,67491.0,4.0,MORTGAGE,23.9,3,0,0.396,12474.0,24,6.81,debt_consolidation,0.092,0.099,0
44,59714.0,15.9,MORTGAGE,26.0,3,0,0.331,5088.0,36,7.14,debt_consolidation,0.028,0.032,0
41,36456.0,3.8,OWN,19.5,1,2,0.161,6401.0,36,7.17,medical,0.059,0.065,0
48,44089.0,34.0,RENT,28.2,2,0,0.639,12183.0,36,9.68,debt_consolidation,0.092,0.107,0
44,144402.0,1.0,RENT,25.7,4,0,0.331,6715.0,60,7.64,credit_card,0.009,0.011,0
41,206092.0,7.4,RENT,17.2,3,1,0.213,11480.0,36,11.07,debt_consolidation,0.019,0.022,0
37,118342.0,6.3,RENT,18.3,6,1,0.287,12559.0,48,11.16,debt_consolidation,0.027,0.033,0
41,68811.0,12.3,RENT,21.8,7,1,0.273,7866.0,48,8.09,debt_consolidation,0.029,0.034,0
46,45758.0,0.6,MORTGAGE,27.4,4,0,0.494,9659.0,24,13.7,debt_consolidation,0.106,0.121,0
43,36348.0,2.0,MORTGAGE,17.2,2,0,0.323,22039.0,36,6.44,major_purchase,0.202,0.223,0
45,37566.0,0.9,OWN,22.7,4,0,0.171,5790.0,48,4.0,medical,0.039,0.042,0
56,41084.0,16.2,RENT,34.1,3,0,0.523,2679.0,12,9.14,debt_consolidation,0.065,0.068,0
43,158829.0,3.3,MORTGAGE,24.9,3,0,0.186,17801.0,36,7.98,debt_consolidation,0.037,0.042,0
32,133672.0,14.5,RENT,11.8,5,1,0.274,12021.0,60,9.35,debt_consolidation,0.018,0.023,0
51,78680.0,2.1,MORTGAGE,30.4,4,1,0.112,19249.0,60,10.59,debt_consolidation,0.049,0.063,0
24,33513.0,0.8,MORTGAGE,4.6,4,0,0.16,9761.0,48,11.29,home_improvement,0.073,0.091,0
27,84671.0,2.1,MORTGAGE,7.8,3,0,0.404,34819.0,12,7.17,small_business,0.411,0.427,0
44,48083.0,5.5,RENT,20.3,6,0,0.398,7429.0,36,7.18,home_improvement,0.052,0.057,0
46,18462.0,11.2,MORTGAGE,27.9,4,2,0.467,8556.0,60,10.57,debt_consolidation,0.093,0.12,0
25,62539.0,2.9,MORTGAGE,4.1,4,0,0.649,13797.0,48,7.1,major_purchase,0.055,0.064,0
35,35562.0,14.8,OWN,15.5,4,0,0.039,19496.0,36,11.88,small_business,0.183,0.218,1
33,36170.0,1.7,MORTGAGE,11.7,6,1,0.236,14115.0,24,13.29,debt_consolidation,0.195,0.223,0
34,47801.0,7.1,MORTGAGE,15.3,7,1,0.392,7545.0,60,12.7,medical,0.032,0.043,0
51,42228.0,8.0,RENT,32.2,7,1,0.159,10942.0,36,11.0,debt_consolidation,0.086,0.102,0
48,53256.0,1.9,OWN,27.3,9,0,0.653,15642.0,48,7.27,credit_card,0.073,0.085,0
40,51991.0,0.2,RENT,10.3,1,0,0.441,13177.0,36,9.43,debt_consolidation,0.084,0.097,1
33,21207.0,2.7,RENT,4.0,4,0,0.437,24905.0,36,5.59,major_purchase,0.391,0.426,0
24,115860.0,0.3,MORTGAGE,5.1,1,1,0.416,6004.0,60,5.14,small_business,0.01,0.012,0
57,33134.0,13.9,MORTGAGE,38.7,5,0,0.042,11436.0,24,9.57,credit_card,0.173,0.19,0
47,33651.0,18.4,MORTGAGE,26.3,4,0,0.146,7615.0,48,6.92,medical,0.057,0.065,0
32,45969.0,8.0,MORTGAGE,12.4,5,1,0.504,15029.0,24,9.25,debt_consolidation,0.163,0.18,0
49,51320.0,7.8,MORTGAGE,26.7,5,1,0.503,5135.0,12,6.73,debt_consolidation,0.1,0.104,0
39,112363.0,1.7,RENT,18.7,3,0,0.485,7556.0,12,9.14,credit_card,0.067,0.071,0
37,61989.0,0.5,MORTGAGE,16.9,5,0,0.323,6936.0,36,8.26,major_purchase,0.037,0.042,0
45,71914.0,9.7,MORTGAGE,23.9,3,1,0.321,13363.0,24,8.21,other,0.093,0.101,1
31,62148.0,4.9,MORTGAGE,12.6,8,0,0.301,4671.0,60,9.1,major_purchase,0.015,0.019,0
36,60823.0,6.9,RENT,14.6,6,0,0.232,28929.0,36,6.04,debt_consolidation,0.159,0.174,0
41,63251.0,9.1,RENT,21.0,6,0,0.144,36522.0,24,9.11,debt_consolidation,0.289,0.317,0
34,20612.0,3.2,RENT,10.9,5,0,0.252,10684.0,60,6.47,credit_card,0.104,0.122,0
48,47812.0,0.9,RENT,29.6,6,0,0.448,11348.0,36,9.38,other,0.079,0.091,0
62,96871.0,9.5,RENT,42.9,5,0,0.039,20040.0,48,7.11,small_business,0.052,0.06,0
31,388934.0,3.6,RENT,4.0,1,1,0.22,21782.0,24,9.25,debt_consolidation,0.028,0.031,0
20,29669.0,10.5,RENT,0.0,2,0,0.071,9126.0,24,8.52,medical,0.154,0.168,0
18,66939.0,3.5,RENT,0.0,5,0,0.351,10990.0,24,6.77,home_improvement,0.082,0.088,0
38,40720.0,1.5,OWN,16.5,8,0,0.081,9058.0,24,8.55,other,0.111,0.121,0
32,150818.0,1.1,RENT,6.2,7,1,0.55,10306.0,60,11.65,debt_consolidation,0.014,0.018,0
42,27532.0,8.2,RENT,22.9,3,0,0.07,11904.0,48,5.34,other,0.108,0.12,0
42,74048.0,5.1,OWN,23.7,12,0,0.374,8512.0,60,7.12,credit_card,0.023,0.027,0
21,26806.0,3.1,RENT,0.0,6,0,0.353,7502.0,36,11.4,other,0.093,0.111,0
18,46199.0,4.1,RENT,0.0,6,1,0.157,8591.0,24,8.68,home_improvement,0.093,0.102,0
44,53255.0,4.8,RENT,23.1,4,1,0.231,21027.0,24,12.42,debt_consolidation,0.197,0.224,0
42,92489.0,1.6,MORTGAGE,21.4,3,0,0.287,12791.0,12,11.8,other,0.138,0.147,0
35,31616.0,2.9,MORTGAGE,9.6,5,1,0.313,28932.0,60,8.85,debt_consolidation,0.183,0.227,0
20,75485.0,2.1,OWN,1.4,4,0,0.369,3631.0,48,7.88,small_business,0.012,0.014,0
46,54687.0,3.0,RENT,25.1,4,0,0.251,6587.0,36,6.81,credit_card,0.04,0.045,0
55,62094.0,4.2,MORTGAGE,36.8,4,0,0.263,13427.0,24,10.44,debt_consolidation,0.108,0.12,0
43,87480.0,1.1,MORTGAGE,24.5,8,0,0.088,15013.0,24,8.61,major_purchase,0.086,0.094,0
30,28530.0,3.0,RENT,10.3,5,0,0.289,27145.0,36,8.66,other,0.317,0.361,0
41,81251.0,2.9,RENT,17.8,5,1,0.326,9908.0,36,10.78,debt_consolidation,0.041,0.048,0
24,40764.0,2.0,RENT,2.0,4,1,0.279,14493.0,36,10.54,medical,0.119,0.139,1
53,93708.0,39.0,RENT,24.0,1,0,0.228,4884.0,36,13.38,medical,0.017,0.021,0
41,64041.0,0.5,MORTGAGE,22.9,3,0,0.339,10092.0,36,8.66,debt_consolidation,0.053,0.06,0
19,48788.0,6.2,RENT,0.0,4,0,0.153,39428.0,36,10.48,major_purchase,0.269,0.315,0
36,40335.0,1.2,MORTGAGE,17.5,12,0,0.353,11576.0,60,6.89,credit_card,0.057,0.068,0
46,81769.0,11.0,OWN,27.9,4,0,0.222,6712.0,60,7.3,major_purchase,0.016,0.02,0
36,101771.0,14.7,OWN,17.1,7,1,0.207,26179.0,12,11.11,debt_consolidation,0.257,0.273,0
37,41505.0,3.1,MORTGAGE,18.2,4,0,0.3,11841.0,36,8.47,credit_card,0.095,0.108,0
25,30745.0,10.4,MORTGAGE,5.4,5,1,0.413,5531.0,36,9.95,credit_card,0.06,0.07,0
47,76658.0,1.7,RENT,28.5,4,1,0.269,27251.0,60,7.58,home_improvement,0.071,0.086,0
32,26258.0,0.9,OWN,12.0,1,0,0.594,5125.0,24,10.09,credit_card,0.098,0.108,0
18,28205.0,2.3,MORTGAGE,0.0,3,1,0.347,27777.0,36,10.72,other,0.328,0.385,0
36,31845.0,2.5,MORTGAGE,13.9,4,1,0.424,5284.0,12,8.94,small_business,0.166,0.174,0
52,44015.0,3.0,MORTGAGE,28.5,8,0,0.164,12949.0,36,8.76,home_improvement,0.098,0.112,0
35,27773.0,2.8,MORTGAGE,12.1,4,1,0.222,17127.0,24,9.86,credit_card,0.308,0.341,0
61,20550.0,3.2,MORTGAGE,41.5,8,1,0.2,8086.0,36,7.54,debt_consolidation,0.131,0.147,0
45,30708.0,7.4,RENT,23.3,4,0,0.246,10279.0,24,9.68,credit_card,0.167,0.185,0
44,74700.0,1.7,RENT,21.8,8,0,0.224,7053.0,36,11.73,debt_consolidation,0.031,0.037,0
38,28688.0,0.1,MORTGAGE,19.3,5,0,0.077,5093.0,36,7.61,medical,0.059,0.066,0
39,45701.0,4.0,MORTGAGE,15.1,4,0,0.387,5701.0,48,12.58,debt_consolidation,0.031,0.04,0
37,143394.0,3.6,MORTGAGE,17.2,2,0,0.205,19881.0,36,7.0,major_purchase,0.046,0.051,0
36,52861.0,0.4,MORTGAGE,18.0,6,0,0.383,26547.0,24,8.11,credit_card,0.251,0.273,0
46,64297.0,0.9,RENT,24.9,9,0,0.206,12830.0,36,6.15,debt_consolidation,0.067,0.073,0
29,33758.0,4.3,MORTGAGE,7.6,3,1,0.192,29993.0,36,5.95,debt_consolidation,0.296,0.324,0
27,159809.0,1.6,MORTGAGE,6.6,10,0,0.371,28485.0,60,8.33,debt_consolidation,0.036,0.044,0
27,41330.0,12.6,OWN,8.3,5,1,0.345,35599.0,60,8.56,major_purchase,0.172,0.212,0
65,48337.0,1.1,RENT,45.0,7,0,0.476,21220.0,36,12.36,debt_consolidation,0.146,0.176,0
46,104666.0,0.1,MORTGAGE,26.5,8,1,0.283,36017.0,36,8.09,major_purchase,0.115,0.13,0
44,49471.0,3.6,RENT,15.0,5,2,0.027,5465.0,24,10.07,debt_consolidation,0.055,0.061,1
27,55489.0,25.7,MORTGAGE,3.8,2,1,0.113,21739.0,36,10.2,debt_consolidation,0.131,0.152,0
47,47059.0,6.0,RENT,24.7,4,1,0.263,6066.0,36,9.01,credit_card,0.043,0.049,0
39,47221.0,2.6,MORTGAGE,20.4,6,0,0.304,34765.0,36,9.63,debt_consolidation,0.245,0.284,0
43,65202.0,0.1,MORTGAGE,23.8,7,0,0.276,4459.0,12,6.97,other,0.068,0.071,0
28,71430.0,4.0,OWN,8.6,4,0,0.408,36905.0,36,11.03,credit_card,0.172,0.203,0
42,39276.0,1.4,MORTGAGE,22.0,7,1,0.456,11950.0,60,9.72,debt_consolidation,0.061,0.077,0
35,36937.0,6.3,OWN,16.9,6,0,0.108,26719.0,24,4.0,medical,0.362,0.377,0
31,39952.0,5.2,RENT,10.3,5,0,0.43,10985.0,36,6.84,home_improvement,0.092,0.102,0
49,26886.0,1.8,RENT,29.7,3,0,0.52,8417.0,48,9.59,debt_consolidation,0.078,0.095,0
22,24460.0,0.4,OWN,1.5,4,0,0.331,6559.0,48,8.72,debt_consolidation,0.067,0.08,0
47,62855.0,8.4,OWN,29.0,3,0,0.199,20573.0,24,10.41,medical,0.164,0.182,0
48,86621.0,5.3,MORTGAGE,28.8,8,0,0.12,17530.0,36,9.63,other,0.067,0.078,0
29,83744.0,11.1,MORTGAGE,6.6,8,0,0.667,7880.0,48,9.36,small_business,0.024,0.028,0
30,16465.0,1.8,RENT,9.9,6,0,0.574,20084.0,60,13.69,medical,0.244,0.338,0
37,47929.0,6.3,RENT,14.3,8,0,0.069,4190.0,36,7.46,major_purchase,0.029,0.033,0
43,31224.0,0.8,MORTGAGE,21.4,6,0,0.195,11695.0,60,7.06,debt_consolidation,0.075,0.089,0
38,58213.0,2.1,MORTGAGE,14.2,4,2,0.219,28408.0,12,10.07,home_improvement,0.488,0.515,0
45,43962.0,6.4,RENT,27.0,1,1,0.107,15502.0,12,6.9,credit_card,0.353,0.366,0
61,72835.0,10.5,MORTGAGE,42.1,5,1,0.172,3835.0,48,11.46,credit_card,0.013,0.016,0
34,53660.0,2.3,RENT,13.6,4,0,0.413,4033.0,48,11.95,credit_card,0.019,0.024,0
19,20994.0,9.6,MORTGAGE,0.0,2,0,0.45,3117.0,36,11.78,debt_consolidation,0.049,0.059,0
50,33405.0,6.8,MORTGAGE,28.6,7,0,0.446,22285.0,12,10.9,credit_card,0.667,0.707,0
60,54333.0,2.6,MORTGAGE,40.2,4,0,0.267,5568.0,48,8.05,credit_card,0.026,0.03,0
45,56673.0,12.5,RENT,26.6,7,0,0.306,21503.0,48,9.19,major_purchase,0.095,0.114,0
27,26827.0,4.3,RENT,7.0,1,0,0.295,15417.0,36,7.84,small_business,0.192,0.216,0
39,25129.0,6.3,RENT,19.3,4,0,0.345,7424.0,48,9.6,credit_card,0.074,0.089,0
27,55722.0,4.1,MORTGAGE,4.5,4,1,0.371,17403.0,36,10.61,credit_card,0.104,0.122,0
48,26854.0,3.6,RENT,28.4,2,0,0.296,5119.0,36,9.0,debt_consolidation,0.064,0.073,0
24,23522.0,11.3,MORTGAGE,4.8,3,0,0.167,7851.0,36,11.42,credit_card,0.111,0.132,0
36,43366.0,2.1,RENT,17.7,5,0,0.091,4728.0,24,6.7,debt_consolidation,0.055,0.058,0
28,42437.0,0.2,MORTGAGE,9.9,6,0,0.302,6948.0,24,7.46,credit_card,0.082,0.088,0
42,34919.0,12.7,OWN,22.3,5,0,0.185,13393.0,36,12.88,major_purchase,0.128,0.155,0
36,38106.0,10.5,RENT,16.7,4,1,0.271,8219.0,36,11.06,medical,0.072,0.085,0
42,54552.0,2.7,RENT,21.6,2,0,0.21,5053.0,36,8.71,other,0.031,0.035,0
40,37794.0,1.2,MORTGAGE,18.3,5,0,0.328,5739.0,24,7.76,debt_consolidation,0.076,0.082,1
28,56126.0,6.8,RENT,9.9,5,1,0.184,5362.0,36,7.56,debt_consolidation,0.032,0.036,0
48,44791.0,0.5,MORTGAGE,27.9,7,1,0.21,11165.0,48,8.77,debt_consolidation,0.062,0.074,0
39,58913.0,3.3,MORTGAGE,15.1,6,0,0.451,8430.0,36,8.43,other,0.048,0.054,0
28,84045.0,0.5,RENT,8.2,2,1,0.657,6898.0,48,7.04,home_improvement,0.021,0.024,0
67,82423.0,5.5,MORTGAGE,46.8,4,2,0.256,20446.0,48,9.18,home_improvement,0.062,0.074,1
46,103167.0,0.2,OWN,26.0,5,0,0.083,23829.0,60,9.95,other,0.046,0.059,0
38,82378.0,6.0,MORTGAGE,18.5,5,0,0.293,41511.0,48,7.41,debt_consolidation,0.126,0.146,0
57,61040.0,6.7,RENT,38.6,0,0,0.718,12169.0,60,9.56,debt_consolidation,0.04,0.05,0
62,43621.0,4.0,OWN,43.6,4,0,0.168,7328.0,60,11.99,debt_consolidation,0.034,0.045,0
38,44628.0,1.2,MORTGAGE,19.4,2,0,0.515,10294.0,36,7.97,debt_consolidation,0.077,0.087,0
44,34930.0,0.6,RENT,21.3,5,0,0.171,20573.0,24,8.18,debt_consolidation,0.294,0.32,0
28,54299.0,2.3,MORTGAGE,9.0,8,2,0.353,9984.0,24,6.59,small_business,0.092,0.098,0
38,76780.0,3.8,RENT,11.1,8,0,0.181,9715.0,12,10.03,small_business,0.127,0.134,0
38,37691.0,6.2,MORTGAGE,15.0,4,1,0.301,6980.0,36,8.58,credit_card,0.062,0.07,0
42,53178.0,0.0,MORTGAGE,20.5,6,0,0.074,20160.0,60,6.43,credit_card,0.076,0.089,0
44,38612.0,7.4,RENT,22.2,5,2,0.371,21158.0,48,6.45,home_improvement,0.137,0.156,0
47,60155.0,7.5,OWN,28.9,5,0,0.127,11095.0,48,7.29,debt_consolidation,0.046,0.053,0
43,41164.0,3.5,MORTGAGE,22.5,6,0,0.478,19696.0,12,12.24,debt_consolidation,0.478,0.511,0
25,37431.0,2.5,MORTGAGE,0.0,2,2,0.235,6559.0,36,10.09,small_business,0.058,0.068,0
29,38562.0,11.1,MORTGAGE,10.9,8,1,0.648,5754.0,36,7.28,other,0.05,0.056,0
33,69680.0,9.2,RENT,14.0,5,0,0.134,12661.0,60,7.94,debt_consolidation,0.036,0.044,0
37,51618.0,24.5,RENT,18.8,10,0,0.549,20565.0,48,9.18,debt_consolidation,0.1,0.119,0
53,43730.0,2.8,MORTGAGE,32.5,2,0,0.473,11781.0,36,6.39,medical,0.09,0.099,0
26,61741.0,14.2,MORTGAGE,7.6,3,0,0.158,6088.0,48,16.05,other,0.025,0.034,0
36,44035.0,0.5,RENT,16.0,1,0,0.348,4561.0,36,9.2,credit_card,0.035,0.04,0
51,95155.0,3.2,MORTGAGE,29.2,4,0,0.287,9314.0,36,11.22,credit_card,0.033,0.039,0
36,33292.0,3.8,MORTGAGE,17.5,4,0,0.123,8313.0,60,5.54,debt_consolidation,0.05,0.057,0
46,49341.0,3.5,OWN,23.8,4,0,0.44,30555.0,60,10.23,credit_card,0.124,0.159,0
38,26839.0,5.9,RENT,19.8,5,0,0.159,16811.0,60,9.73,debt_consolidation,0.125,0.159,0
43,45550.0,1.1,MORTGAGE,24.5,8,0,0.269,5743.0,36,7.35,debt_consolidation,0.042,0.047,0
37,23393.0,12.1,MORTGAGE,18.0,7,0,0.308,15444.0,36,9.15,home_improvement,0.22,0.252,0
48,78681.0,4.8,RENT,25.2,3,0,0.215,15437.0,36,8.72,home_improvement,0.065,0.075,0
21,79479.0,14.1,RENT,0.0,6,1,0.382,6600.0,48,9.87,small_business,0.021,0.025,0
36,80184.0,0.0,MORTGAGE,17.3,4,0,0.239,7617.0,12,8.37,home_improvement,0.095,0.099,0
44,54964.0,6.0,MORTGAGE,25.7,4,1,0.502,7259.0,36,9.91,credit_card,0.044,0.051,1
46,34894.0,3.2,MORTGAGE,22.3,7,0,0.134,19599.0,36,7.55,credit_card,0.187,0.21,0
58,36309.0,4.2,RENT,36.9,4,1,0.065,28042.0,48,10.66,debt_consolidation,0.193,0.238,0
35,116435.0,8.2,RENT,16.5,6,0,0.201,7040.0,36,5.55,small_business,0.02,0.022,0
58,111061.0,1.5,RENT,37.6,8,0,0.326,6177.0,48,9.72,debt_consolidation,0.014,0.017,0
32,57600.0,1.4,RENT,7.8,7,0,0.303,2422.0,60,7.11,small_business,0.008,0.01,0
56,41864.0,7.3,MORTGAGE,37.8,3,0,0.169,24994.0,24,11.11,debt_consolidation,0.299,0.334,0
50,107400.0,4.4,RENT,31.7,6,1,0.129,5880.0,36,8.03,debt_consolidation,0.018,0.021,0
29,38283.0,1.6,MORTGAGE,10.0,6,0,0.243,3602.0,12,10.33,debt_consolidation,0.094,0.099,0
44,60744.0,4.0,MORTGAGE,22.8,3,0,0.296,6175.0,36,10.01,debt_consolidation,0.034,0.039,0
39,106508.0,3.7,MORTGAGE,20.4,7,0,0.233,18713.0,48,8.6,other,0.044,0.052,0
48,35662.0,7.1,RENT,24.9,3,0,0.315,10178.0,60,4.17,debt_consolidation,0.057,0.063,0
37,82011.0,0.0,OWN,14.8,9,0,0.175,6982.0,36,9.84,credit_card,0.028,0.033,0
36,70283.0,5.3,RENT,15.5,6,0,0.736,12098.0,24,7.42,credit_card,0.086,0.093,1
56,53116.0,5.6,MORTGAGE,37.6,4,1,0.326,1839.0,60,7.38,credit_card,0.007,0.008,0
39,32968.0,8.2,RENT,7.7,4,1,0.466,11213.0,48,8.11,credit_card,0.085,0.1,0
50,37714.0,13.2,MORTGAGE,30.0,4,0,0.258,6658.0,36,10.17,small_business,0.059,0.069,0
37,62613.0,3.5,RENT,17.2,5,1,0.105,25164.0,60,8.97,home_improvement,0.08,0.1,0
60,26591.0,2.5,RENT,25.7,4,0,0.171,11598.0,24,9.39,home_improvement,0.218,0.24,0
32,57836.0,0.6,RENT,8.0,3,0,0.464,4234.0,60,10.97,credit_card,0.015,0.019,0
33,71006.0,2.5,RENT,13.2,11,0,0.113,11855.0,24,9.4,debt_consolidation,0.083,0.092,0
58,88664.0,0.4,RENT,38.4,7,0,0.102,22356.0,48,12.12,debt_consolidation,0.063,0.08,0
35,26925.0,9.7,MORTGAGE,16.7,5,0,0.151,4835.0,48,10.94,debt_consolidation,0.045,0.056,0
59,104624.0,9.9,OWN,33.2,6,0,0.499,10564.0,48,5.96,debt_consolidation,0.025,0.028,0
51,126460.0,3.2,MORTGAGE,27.4,5,0,0.47,11607.0,36,6.51,debt_consolidation,0.031,0.034,0
38,66508.0,1.8,MORTGAGE,18.9,5,0,0.34,6929.0,48,7.77,debt_consolidation,0.026,0.03,0
18,32240.0,0.8,RENT,0.0,6,0,0.27,7925.0,12,11.03,debt_consolidation,0.246,0.261,0
40,45979.0,11.4,RENT,17.7,7,0,0.077,6761.0,24,9.68,other,0.074,0.081,0
41,52902.0,12.6,RENT,22.2,1,0,0.426,9802.0,48,11.01,home_improvement,0.046,0.057,0
54,62021.0,1.9,RENT,33.1,6,1,0.325,9338.0,36,7.47,credit_card,0.05,0.056,0
59,54775.0,5.8,MORTGAGE,40.1,4,1,0.171,8561.0,24,7.88,debt_consolidation,0.078,0.085,0
32,62354.0,1.8,RENT,9.3,3,1,0.139,18227.0,36,5.78,other,0.097,0.106,0
50,51773.0,1.5,RENT,31.5,8,0,0.143,10660.0,24,9.74,debt_consolidation,0.103,0.114,0
49,61855.0,0.1,OWN,27.7,11,0,0.547,4498.0,48,11.66,small_business,0.018,0.023,0
53,43034.0,5.2,RENT,33.8,8,0,0.31,11498.0,60,8.81,medical,0.053,0.066,0
46,45748.0,1.0,MORTGAGE,27.9,5,1,0.508,3528.0,12,7.63,home_improvement,0.077,0.08,0
18,40619.0,0.1,MORTGAGE,0.0,5,2,0.356,10038.0,36,11.27,credit_card,0.082,0.097,0
38,141298.0,0.7,MORTGAGE,16.8,6,1,0.234,9446.0,36,11.18,credit_card,0.022,0.026,0
26,112640.0,2.3,OWN,7.2,4,2,0.174,19069.0,36,10.43,small_business,0.056,0.066,1
38,71514.0,6.6,RENT,17.0,4,1,0.576,11487.0,36,6.21,other,0.054,0.059,0
52,105099.0,1.4,MORTGAGE,32.4,6,0,0.249,8756.0,12,9.4,other,0.083,0.088,0
44,80759.0,13.1,RENT,22.5,6,0,0.159,5165.0,48,10.02,debt_consolidation,0.016,0.019,0
54,59316.0,2.0,MORTGAGE,34.0,7,1,0.035,12178.0,60,6.71,other,0.041,0.048,0
44,25520.0,2.4,MORTGAGE,24.9,6,1,0.382,21148.0,36,7.95,small_business,0.276,0.311,0
24,47521.0,1.5,MORTGAGE,5.5,7,0,0.024,10177.0,24,10.3,debt_consolidation,0.107,0.119,0
18,45820.0,1.8,RENT,0.0,5,0,0.563,2585.0,48,10.11,debt_consolidation,0.014,0.017,0
42,30744.0,0.5,MORTGAGE,21.0,5,1,0.34,9633.0,60,8.34,small_business,0.063,0.077,0
37,25769.0,2.1,MORTGAGE,15.0,6,0,0.11,11269.0,36,5.9,debt_consolidation,0.146,0.159,0
28,69311.0,11.8,MORTGAGE,9.5,3,0,0.209,12348.0,12,7.54,credit_card,0.178,0.186,0
20,63720.0,7.0,OWN,0.0,5,0,0.041,13980.0,24,5.63,debt_consolidation,0.11,0.116,1
31,30221.0,12.5,RENT,12.4,3,0,0.234,3480.0,36,9.49,debt_consolidation,0.038,0.044,0
38,37312.0,0.7,MORTGAGE,19.2,5,0,0.504,15920.0,48,10.44,home_improvement,0.107,0.131,0
48,96820.0,3.6,RENT,27.7,7,1,0.354,14077.0,36,9.13,credit_card,0.048,0.056,0
42,34932.0,1.6,MORTGAGE,23.0,6,0,0.405,8511.0,24,9.19,debt_consolidation,0.122,0.134,0
59,59006.0,7.7,RENT,37.7,7,1,0.52,13587.0,48,7.37,credit_card,0.058,0.067,1
28,49272.0,21.1,RENT,0.6,5,0,0.201,25448.0,60,7.11,medical,0.103,0.123,1
51,69786.0,10.1,MORTGAGE,32.5,10,0,0.114,48459.0,60,9.56,major_purchase,0.139,0.175,0
41,35311.0,0.2,RENT,20.5,8,0,0.654,9565.0,36,11.26,debt_consolidation,0.09,0.107,0
48,56672.0,2.3,MORTGAGE,22.3,9,1,0.239,8834.0,12,10.56,home_improvement,0.156,0.165,0
35,58945.0,0.2,MORTGAGE,16.4,5,0,0.203,11427.0,48,7.6,debt_consolidation,0.048,0.056,0
53,60785.0,0.2,MORTGAGE,33.6,5,1,0.351,9190.0,60,10.06,debt_consolidation,0.03,0.039,0
44,56361.0,0.5,RENT,25.6,6,0,0.336,5573.0,48,11.22,debt_consolidation,0.025,0.031,0
32,64364.0,1.9,RENT,10.9,2,0,0.103,5957.0,24,12.64,small_business,0.046,0.053,0
40,162086.0,2.2,MORTGAGE,18.7,3,0,0.677,11387.0,12,6.93,debt_consolidation,0.07,0.073,0
37,194979.0,3.1,OWN,15.7,3,2,0.153,9618.0,48,11.36,credit_card,0.012,0.015,0
46,39356.0,3.1,MORTGAGE,25.7,3,0,0.272,16681.0,12,13.84,debt_consolidation,0.424,0.456,0
26,16998.0,8.9,OWN,3.9,4,3,0.155,9595.0,36,7.46,major_purchase,0.188,0.211,1
40,72966.0,0.9,MORTGAGE,21.9,5,0,0.477,9399.0,24,9.06,medical,0.064,0.071,0
45,59464.0,1.0,RENT,17.5,6,1,0.456,12742.0,24,7.74,medical,0.107,0.116,0
40,92090.0,5.9,OWN,21.2,8,1,0.265,26540.0,60,5.04,debt_consolidation,0.058,0.065,0
56,62470.0,5.1,RENT,37.6,3,1,0.328,29439.0,48,6.9,debt_consolidation,0.118,0.135,0
49,55787.0,1.0,MORTGAGE,22.5,8,0,0.109,6465.0,36,5.69,other,0.039,0.042,0
40,95268.0,11.5,MORTGAGE,16.7,14,0,0.247,8665.0,36,10.17,major_purchase,0.03,0.035,0
43,102170.0,2.4,RENT,20.7,3,1,0.167,17502.0,36,10.2,debt_consolidation,0.057,0.067,0
44,27085.0,2.7,MORTGAGE,25.7,6,1,0.289,2290.0,24,7.87,credit_card,0.042,0.046,0
45,36015.0,3.3,OWN,22.1,5,1,0.177,6154.0,36,7.65,home_improvement,0.057,0.064,0
18,51390.0,2.3,RENT,0.0,4,0,0.8,12698.0,24,7.76,debt_consolidation,0.124,0.134,0
36,56910.0,4.9,RENT,14.1,5,0,0.615,15754.0,36,9.81,debt_consolidation,0.092,0.107,0
22,48388.0,3.0,MORTGAGE,0.0,4,1,0.232,11531.0,36,6.55,other,0.079,0.088,0
55,67313.0,1.8,MORTGAGE,36.4,6,1,0.075,11461.0,36,15.03,small_business,0.057,0.071,0
39,89148.0,14.1,RENT,18.9,4,0,0.094,4629.0,36,6.96,debt_consolidation,0.017,0.019,0
38,128201.0,2.2,MORTGAGE,15.8,5,0,0.262,6843.0,24,7.0,home_improvement,0.027,0.029,0
51,72363.0,7.2,RENT,31.3,5,0,0.121,9294.0,36,9.38,credit_card,0.043,0.049,0
45,35378.0,2.6,MORTGAGE,26.8,3,1,0.028,6961.0,12,13.01,home_improvement,0.197,0.211,0
26,50328.0,3.4,RENT,7.6,3,1,0.334,6655.0,36,7.81,small_business,0.044,0.05,0
39,52173.0,1.6,RENT,18.2,6,2,0.056,17959.0,12,7.94,debt_consolidation,0.344,0.359,0
36,70075.0,8.4,MORTGAGE,17.0,4,1,0.25,21788.0,24,7.33,major_purchase,0.155,0.168,0
19,65781.0,8.0,RENT,0.6,5,0,0.16,14198.0,60,11.19,major_purchase,0.043,0.057,0
32,151025.0,0.1,MORTGAGE,12.8,4,2,0.507,20299.0,36,6.96,home_improvement,0.045,0.05,0
38,43012.0,0.4,MORTGAGE,19.3,7,0,0.562,4050.0,36,6.63,debt_consolidation,0.031,0.035,1
39,65669.0,15.3,OWN,20.9,2,0,0.239,9542.0,60,10.78,credit_card,0.029,0.038,0
22,175845.0,13.2,OWN,3.5,9,1,0.295,13824.0,36,11.38,credit_card,0.026,0.031,0
54,40433.0,4.2,RENT,29.6,3,0,0.109,12336.0,12,10.96,debt_consolidation,0.305,0.324,0
39,58254.0,4.1,MORTGAGE,21.0,2,1,0.405,6410.0,36,6.41,credit_card,0.037,0.04,0
40,33778.0,10.0,RENT,17.5,5,1,0.211,6914.0,12,8.1,major_purchase,0.205,0.214,0
45,56446.0,0.9,OWN,22.8,3,0,0.229,8001.0,48,7.26,debt_consolidation,0.035,0.041,0
31,36676.0,6.4,MORTGAGE,10.5,5,1,0.723,7148.0,12,9.22,major_purchase,0.195,0.205,0
45,91437.0,3.9,MORTGAGE,26.3,6,0,0.466,4948.0,36,9.45,medical,0.018,0.021,0
36,58318.0,8.2,OWN,11.7,4,0,0.19,28695.0,24,5.56,home_improvement,0.246,0.261,0
29,33938.0,0.2,MORTGAGE,9.1,2,1,0.343,9683.0,60,12.7,home_improvement,0.057,0.077,0
47,82478.0,5.4,MORTGAGE,28.4,2,1,0.127,11170.0,48,7.9,major_purchase,0.034,0.04,0
58,59268.0,4.9,MORTGAGE,38.3,4,0,0.404,11703.0,36,9.21,credit_card,0.066,0.076,0
49,87239.0,11.0,RENT,30.3,4,2,0.047,12248.0,36,10.07,other,0.047,0.054,0
51,30521.0,6.8,RENT,31.6,4,0,0.304,8414.0,36,7.12,home_improvement,0.092,0.102,0
34,65148.0,12.7,RENT,13.9,4,1,0.259,27629.0,48,7.14,other,0.106,0.122,0
21,79752.0,13.1,RENT,1.7,4,1,0.268,9396.0,60,8.78,home_improvement,0.024,0.029,1
58,43840.0,3.1,RENT,36.8,3,0,0.197,18755.0,12,10.32,debt_consolidation,0.428,0.452,0
65,28868.0,0.9,MORTGAGE,38.8,10,0,0.337,17224.0,36,6.55,debt_consolidation,0.199,0.22,0
59,53061.0,6.0,MORTGAGE,39.7,5,0,0.667,26932.0,48,8.93,debt_consolidation,0.127,0.151,0
36,100113.0,12.4,MORTGAGE,16.7,1,0,0.385,5282.0,12,6.14,debt_consolidation,0.053,0.055,1
26,95127.0,0.5,OWN,4.0,2,0,0.397,24291.0,48,5.74,debt_consolidation,0.064,0.072,0
27,43730.0,4.9,MORTGAGE,6.7,4,0,0.179,4353.0,36,10.75,credit_card,0.033,0.039,0
20,28523.0,0.7,MORTGAGE,0.3,4,0,0.215,7812.0,48,6.89,medical,0.068,0.079,0
39,43670.0,0.2,RENT,16.0,4,0,0.263,9349.0,36,7.88,debt_consolidation,0.071,0.08,0
59,42863.0,6.8,OWN,34.3,7,0,0.394,10798.0,48,8.4,home_improvement,0.063,0.074,0
38,67726.0,6.9,RENT,17.3,4,0,0.399,8043.0,60,8.33,major_purchase,0.024,0.029,0
44,51405.0,5.5,RENT,25.4,5,0,0.329,5585.0,36,11.44,major_purchase,0.036,0.043,0
57,37174.0,11.8,MORTGAGE,37.1,5,0,0.085,9616.0,36,7.83,other,0.086,0.097,0
35,94102.0,0.5,OWN,14.9,6,0,0.196,5347.0,48,10.07,debt_consolidation,0.014,0.017,0
64,58117.0,0.7,MORTGAGE,44.3,5,0,0.383,27768.0,36,12.72,credit_card,0.159,0.192,0
64,67353.0,12.0,RENT,45.1,9,0,0.768,9313.0,60,10.5,debt_consolidation,0.028,0.036,0
38,22868.0,4.2,MORTGAGE,18.1,7,1,0.233,2253.0,24,4.74,small_business,0.049,0.052,0
33,16121.0,1.9,RENT,13.2,4,0,0.334,28587.0,60,8.36,debt_consolidation,0.355,0.435,0
48,26403.0,8.0,RENT,29.3,0,0,0.255,1872.0,24,6.53,debt_consolidation,0.035,0.038,0
36,42605.0,13.5,MORTGAGE,11.0,4,0,0.405,18297.0,24,9.45,medical,0.215,0.237,0
26,72271.0,7.0,OWN,1.5,2,0,0.377,11189.0,60,9.75,credit_card,0.031,0.039,0
55,16796.0,9.4,RENT,32.7,5,0,0.375,7756.0,48,8.05,debt_consolidation,0.115,0.135,0
55,120142.0,2.0,RENT,35.5,6,0,0.312,5412.0,24,8.14,credit_card,0.023,0.024,0
42,58999.0,2.0,MORTGAGE,22.6,3,0,0.58,45895.0,36,8.73,credit_card,0.259,0.296,0
25,106953.0,12.0,MORTGAGE,3.2,8,0,0.26,7436.0,48,9.32,debt_consolidation,0.017,0.021,0
25,34788.0,5.7,RENT,4.2,4,0,0.279,10008.0,60,9.71,credit_card,0.058,0.073,0
41,69698.0,1.6,MORTGAGE,20.2,7,0,0.153,14644.0,36,10.81,debt_consolidation,0.07,0.082,0
34,56534.0,4.5,RENT,15.6,3,0,0.591,6773.0,48,4.0,other,0.03,0.032,0
36,81540.0,6.9,MORTGAGE,15.1,3,1,0.324,10433.0,60,5.72,credit_card,0.026,0.029,0
52,48200.0,1.5,MORTGAGE,27.0,4,1,0.397,16112.0,36,7.51,medical,0.111,0.125,0
49,68638.0,6.4,MORTGAGE,30.7,4,0,0.339,6720.0,36,7.38,debt_consolidation,0.033,0.036,0
57,94004.0,0.3,MORTGAGE,37.8,6,0,0.035,8292.0,48,9.45,medical,0.022,0.027,0
28,39121.0,2.2,MORTGAGE,7.9,3,0,0.187,7002.0,24,8.03,debt_consolidation,0.089,0.097,1
36,61152.0,6.7,MORTGAGE,14.5,6,0,0.458,20133.0,60,8.32,debt_consolidation,0.066,0.081,0
49,21080.0,1.0,MORTGAGE,30.7,4,0,0.301,27259.0,60,11.33,credit_card,0.259,0.34,0
45,76976.0,1.5,OWN,20.8,4,0,0.263,10719.0,24,10.11,other,0.07,0.077,0
58,143966.0,12.7,MORTGAGE,39.9,5,1,0.2,9563.0,24,11.91,credit_card,0.033,0.037,0
45,29079.0,6.7,OWN,21.2,7,0,0.043,4782.0,12,7.56,major_purchase,0.164,0.171,0
62,51757.0,4.1,MORTGAGE,43.9,8,0,0.457,6662.0,60,9.39,credit_card,0.026,0.032,0
46,84140.0,1.4,RENT,27.5,3,0,0.181,8913.0,24,5.12,medical,0.053,0.056,0
53,55034.0,2.5,MORTGAGE,30.2,5,0,0.414,37435.0,60,13.49,debt_consolidation,0.136,0.188,0
36,58838.0,5.1,OWN,12.1,4,1,0.061,23615.0,12,9.2,medical,0.401,0.422,0
40,44556.0,1.0,MORTGAGE,9.9,4,0,0.34,13848.0,36,8.59,debt_consolidation,0.104,0.118,0
51,43736.0,3.9,RENT,32.6,5,1,0.305,10984.0,36,10.53,major_purchase,0.084,0.098,0
59,51878.0,3.2,OWN,38.8,6,0,0.199,4070.0,36,8.18,credit_card,0.026,0.03,0
49,55317.0,3.9,MORTGAGE,30.8,7,0,0.165,6505.0,36,9.57,major_purchase,0.039,0.045,0
39,30010.0,0.7,MORTGAGE,20.5,8,0,0.231,14494.0,24,7.51,medical,0.241,0.261,1
57,52417.0,0.7,OWN,38.4,5,1,0.14,10926.0,48,12.92,debt_consolidation,0.052,0.067,0
18,118690.0,20.0,OWN,0.0,9,0,0.214,7923.0,60,12.06,debt_consolidation,0.013,0.018,0
23,43934.0,23.3,RENT,0.0,6,1,0.198,7557.0,36,10.84,small_business,0.057,0.067,0
48,29184.0,3.3,MORTGAGE,29.6,5,0,0.599,16710.0,48,8.46,debt_consolidation,0.143,0.169,0
40,50226.0,9.3,MORTGAGE,19.0,5,0,0.121,14713.0,36,10.05,debt_consolidation,0.098,0.114,0
47,37900.0,6.4,RENT,26.1,3,1,0.239,10628.0,60,10.71,debt_consolidation,0.056,0.073,0
41,27746.0,0.7,RENT,22.3,8,0,0.265,9415.0,48,7.71,major_purchase,0.085,0.099,0
47,58080.0,2.1,MORTGAGE,9.7,5,1,0.047,14231.0,36,8.83,credit_card,0.082,0.093,0
30,37982.0,2.3,MORTGAGE,10.7,5,1,0.223,10791.0,48,9.44,medical,0.071,0.086,0
47,39642.0,5.4,MORTGAGE,21.9,2,0,0.25,6987.0,24,7.43,small_business,0.088,0.095,0
52,58496.0,5.2,OWN,25.1,6,0,0.368,15953.0,60,7.18,credit_card,0.055,0.065,0
55,25170.0,15.4,RENT,28.1,1,0,0.387,6677.0,36,11.43,debt_consolidation,0.088,0.105,0
64,22679.0,9.4,MORTGAGE,41.8,3,0,0.069,15755.0,60,9.08,debt_consolidation,0.139,0.173,0
43,75768.0,11.7,RENT,24.1,5,0,0.397,13115.0,24,9.46,debt_consolidation,0.087,0.095,0
43,20632.0,13.3,MORTGAGE,24.6,4,2,0.115,9093.0,36,11.38,other,0.147,0.174,0
22,33245.0,9.7,OWN,1.5,8,0,0.211,2943.0,60,9.68,other,0.018,0.022,0
34,22028.0,2.4,MORTGAGE,14.7,6,0,0.169,3903.0,36,10.06,other,0.059,0.069,0
38,42486.0,1.5,MORTGAGE,14.7,7,1,0.318,13160.0,60,10.01,debt_consolidation,0.062,0.079,1
53,67106.0,5.1,MORTGAGE,30.9,2,1,0.109,4210.0,36,10.02,home_improvement,0.021,0.024,0
33,57306.0,7.0,MORTGAGE,14.0,5,2,0.209,19634.0,36,7.67,small_business,0.114,0.128,0
50,179142.0,2.9,OWN,31.9,3,1,0.262,3678.0,60,10.09,debt_consolidation,0.004,0.005,0
40,93289.0,11.3,RENT,21.2,4,0,0.603,8755.0,48,12.74,debt_consolidation,0.023,0.03,0
38,34010.0,19.4,RENT,17.5,3,0,0.141,9752.0,48,9.99,home_improvement,0.072,0.087,0
43,29776.0,5.1,MORTGAGE,24.8,5,0,0.531,28349.0,60,12.19,debt_consolidation,0.19,0.255,0
35,209681.0,3.7,MORTGAGE,13.8,6,0,0.235,18390.0,60,10.73,home_improvement,0.018,0.023,0
35,92160.0,11.1,MORTGAGE,13.7,9,0,0.081,5760.0,36,8.15,debt_consolidation,0.021,0.024,0
20,72743.0,0.1,MORTGAGE,1.4,6,1,0.726,22127.0,24,9.06,debt_consolidation,0.152,0.167,0
37,56242.0,0.8,MORTGAGE,16.3,5,0,0.111,13881.0,48,11.48,small_business,0.062,0.077,0
34,62116.0,11.2,MORTGAGE,13.2,6,1,0.587,6306.0,60,11.3,credit_card,0.02,0.027,0
34,25822.0,7.9,RENT,14.0,3,1,0.173,23579.0,48,6.33,other,0.228,0.259,0
45,58602.0,3.2,MORTGAGE,17.8,6,2,0.102,7141.0,36,8.18,major_purchase,0.041,0.046,0
48,56141.0,13.2,MORTGAGE,29.7,3,0,0.273,1657.0,48,7.29,home_improvement,0.007,0.009,0
43,34473.0,2.6,MORTGAGE,23.4,7,0,0.177,7253.0,48,7.4,debt_consolidation,0.053,0.061,0
52,41388.0,6.0,OWN,27.6,10,0,0.05,11367.0,48,6.97,debt_consolidation,0.069,0.079,0
47,115565.0,6.0,MORTGAGE,27.5,6,0,0.054,26525.0,60,9.78,other,0.046,0.058,0
36,50890.0,1.2,MORTGAGE,16.3,3,0,0.586,8180.0,60,8.17,debt_consolidation,0.032,0.039,0
34,152602.0,2.0,RENT,12.7,4,1,0.186,4588.0,48,8.48,major_purchase,0.008,0.009,0
44,22690.0,14.9,MORTGAGE,22.7,5,0,0.394,12737.0,36,13.02,credit_card,0.187,0.227,0
47,41728.0,1.2,RENT,28.9,6,1,0.542,8030.0,48,12.12,other,0.048,0.061,0
57,24993.0,1.1,OWN,37.2,4,0,0.06,23952.0,36,9.21,credit_card,0.319,0.367,0
54,29593.0,3.9,MORTGAGE,34.8,3,0,0.475,33817.0,36,10.51,credit_card,0.381,0.446,0
34,35807.0,0.6,MORTGAGE,13.0,7,0,0.448,2971.0,36,7.15,major_purchase,0.028,0.031,0
39,63428.0,13.5,RENT,18.6,4,0,0.15,9771.0,36,6.9,credit_card,0.051,0.057,0
48,61909.0,0.6,RENT,26.8,3,0,0.043,7842.0,12,6.51,major_purchase,0.127,0.131,0
53,38575.0,5.8,RENT,31.8,3,2,0.189,5991.0,60,10.42,debt_consolidation,0.031,0.04,0
51,17785.0,2.5,RENT,32.1,7,0,0.577,15167.0,24,6.98,major_purchase,0.426,0.458,0
39,113419.0,9.8,RENT,20.2,5,1,0.3,30627.0,36,7.16,major_purchase,0.09,0.1,0
25,46963.0,5.3,OWN,5.6,4,0,0.159,13620.0,60,10.75,home_improvement,0.058,0.075,0
28,31003.0,2.9,RENT,9.2,6,1,0.358,14241.0,36,7.65,debt_consolidation,0.153,0.172,0
43,62160.0,24.8,OWN,21.6,3,0,0.075,4968.0,48,9.35,debt_consolidation,0.02,0.024,0
44,60007.0,0.4,MORTGAGE,23.2,5,0,0.209,8330.0,36,10.18,small_business,0.046,0.054,0
27,46104.0,5.2,RENT,8.3,4,1,0.31,15077.0,60,7.13,major_purchase,0.065,0.078,0
41,58353.0,27.4,MORTGAGE,16.5,9,1,0.154,32117.0,24,10.0,debt_consolidation,0.275,0.305,0
48,30409.0,7.0,OWN,28.1,10,0,0.516,27943.0,36,8.34,debt_consolidation,0.306,0.347,0
26,79218.0,8.1,MORTGAGE,7.6,7,0,0.508,15558.0,60,9.55,debt_consolidation,0.039,0.05,0
53,32911.0,0.2,MORTGAGE,34.3,3,0,0.485,5740.0,36,7.06,debt_consolidation,0.058,0.065,0
35,40023.0,0.1,RENT,14.7,6,2,0.123,10729.0,36,10.21,debt_consolidation,0.089,0.104,0
55,74937.0,0.2,MORTGAGE,35.8,6,0,0.277,7456.0,36,6.68,credit_card,0.033,0.037,0
34,98911.0,28.8,RENT,10.3,1,0,0.39,10576.0,36,10.86,debt_consolidation,0.036,0.042,0
28,119717.0,23.3,OWN,8.0,6,0,0.048,18228.0,24,8.16,debt_consolidation,0.076,0.083,0
35,91849.0,2.4,OWN,9.6,8,1,0.234,7071.0,48,5.44,credit_card,0.019,0.021,0
39,46072.0,2.1,RENT,20.7,4,0,0.426,11644.0,36,12.59,debt_consolidation,0.084,0.102,0
35,25071.0,0.9,RENT,13.7,7,0,0.643,7012.0,12,8.86,home_improvement,0.28,0.293,0
37,109374.0,2.4,MORTGAGE,12.5,4,2,0.164,17929.0,24,8.2,debt_consolidation,0.082,0.089,0
44,107511.0,2.8,MORTGAGE,25.0,2,0,0.134,12964.0,48,11.7,credit_card,0.03,0.038,0
38,38716.0,8.3,MORTGAGE,19.6,2,0,0.16,15147.0,60,8.27,major_purchase,0.078,0.096,1
39,85870.0,12.1,MORTGAGE,19.2,4,0,0.419,21755.0,60,8.33,major_purchase,0.051,0.062,0
19,45886.0,8.2,MORTGAGE,0.0,4,2,0.022,9966.0,36,9.43,debt_consolidation,0.072,0.083,0
45,114765.0,6.2,OWN,24.0,5,0,0.044,5496.0,12,9.52,home_improvement,0.048,0.05,0
39,41880.0,8.7,RENT,17.9,6,0,0.132,18181.0,36,10.49,home_improvement,0.145,0.169,0
59,145703.0,8.0,MORTGAGE,37.7,7,1,0.594,14314.0,48,10.42,medical,0.025,0.03,0
29,80263.0,3.9,MORTGAGE,10.9,3,3,0.405,9260.0,60,12.58,credit_card,0.023,0.031,1
18,133089.0,2.5,MORTGAGE,0.0,6,3,0.377,11430.0,48,8.77,credit_card,0.021,0.026,0
47,42963.0,2.0,MORTGAGE,28.8,9,2,0.157,7858.0,24,10.12,credit_card,0.091,0.101,0
44,66338.0,6.8,RENT,24.9,3,0,0.164,12758.0,24,10.0,debt_consolidation,0.096,0.106,0
28,33368.0,19.2,MORTGAGE,4.8,4,0,0.385,7600.0,48,8.64,other,0.057,0.068,0
22,82619.0,5.2,MORTGAGE,0.8,8,0,0.228,10950.0,36,7.71,credit_card,0.044,0.05,0
58,84925.0,14.6,RENT,23.7,5,0,0.03,7689.0,24,7.64,major_purchase,0.045,0.049,0
57,179604.0,0.1,OWN,38.4,5,1,0.093,17115.0,24,11.3,major_purchase,0.048,0.053,0
18,68942.0,9.5,MORTGAGE,0.0,1,1,0.362,12668.0,60,9.55,small_business,0.037,0.046,0
35,77812.0,11.5,RENT,12.0,5,1,0.159,8933.0,36,6.36,credit_card,0.038,0.042,0
60,42812.0,6.0,OWN,41.3,4,0,0.182,11655.0,24,9.59,major_purchase,0.136,0.15,0
34,71018.0,16.3,MORTGAGE,15.5,11,1,0.312,4605.0,48,7.5,credit_card,0.016,0.019,0
34,44804.0,5.3,RENT,14.3,7,0,0.207,4762.0,24,5.73,credit_card,0.053,0.056,0
37,57408.0,1.7,OWN,17.5,4,0,0.755,8081.0,36,9.82,credit_card,0.047,0.054,0
27,59116.0,1.5,MORTGAGE,0.0,4,0,0.28,6848.0,24,6.42,debt_consolidation,0.058,0.062,0
20,45426.0,4.9,RENT,0.2,1,1,0.318,6008.0,48,9.57,debt_consolidation,0.033,0.04,1
53,55909.0,14.2,RENT,29.1,11,0,0.153,4535.0,12,8.18,debt_consolidation,0.081,0.085,0
18,44907.0,0.5,MORTGAGE,0.0,1,1,0.384,9450.0,36,10.06,other,0.07,0.082,1
43,44808.0,5.6,MORTGAGE,24.5,8,1,0.492,8600.0,36,4.74,debt_consolidation,0.064,0.069,0
51,92812.0,8.8,OWN,29.2,0,0,0.143,6107.0,36,7.17,home_improvement,0.022,0.024,0
23,59143.0,0.7,RENT,4.0,4,1,0.358,10884.0,60,11.1,medical,0.037,0.048,0
29,64443.0,0.7,RENT,10.7,7,1,0.506,19049.0,12,8.99,major_purchase,0.296,0.31,0
55,26143.0,2.7,MORTGAGE,30.8,8,0,0.707,5326.0,36,10.09,credit_card,0.068,0.079,0
46,66952.0,1.9,MORTGAGE,27.0,5,1,0.402,22054.0,12,6.95,small_business,0.329,0.342,0
33,70630.0,1.3,RENT,13.7,5,1,0.565,3784.0,60,9.08,debt_consolidation,0.011,0.013,0
54,44393.0,1.3,MORTGAGE,34.8,4,1,0.271,11032.0,36,12.09,medical,0.083,0.099,0
54,153663.0,0.8,OWN,35.3,4,1,0.443,20979.0,48,12.52,other,0.034,0.044,0
43,17247.0,5.7,RENT,23.3,1,0,0.034,18187.0,12,11.57,small_business,1.055,1.122,0
29,80192.0,7.0,RENT,9.3,7,1,0.306,13197.0,36,9.58,debt_consolidation,0.055,0.063,0
35,77374.0,7.3,RENT,15.4,8,1,0.181,15026.0,60,7.93,credit_card,0.039,0.047,0
43,71025.0,4.6,MORTGAGE,17.6,4,0,0.069,11415.0,36,5.01,credit_card,0.054,0.058,0
38,59166.0,18.3,MORTGAGE,18.8,3,1,0.65,9998.0,48,7.52,home_improvement,0.042,0.049,0
51,71349.0,12.7,OWN,32.9,3,0,0.116,7424.0,48,10.75,credit_card,0.026,0.032,0
22,83624.0,19.0,RENT,3.4,3,0,0.639,7995.0,36,6.08,major_purchase,0.032,0.035,0
22,37686.0,3.0,RENT,0.2,4,1,0.207,14043.0,36,7.34,debt_consolidation,0.124,0.139,0
42,62919.0,12.6,MORTGAGE,21.3,5,0,0.232,7930.0,48,5.85,medical,0.032,0.035,0
34,49431.0,8.6,MORTGAGE,6.9,8,2,0.539,8993.0,36,8.78,major_purchase,0.061,0.069,0
32,31355.0,2.5,RENT,10.4,8,0,0.424,16606.0,24,7.56,debt_consolidation,0.265,0.286,0
19,77543.0,0.7,MORTGAGE,0.4,5,0,0.148,7785.0,36,7.65,small_business,0.033,0.038,0
40,40856.0,6.9,RENT,21.6,7,0,0.186,10338.0,36,11.47,credit_card,0.084,0.1,0
39,25619.0,0.9,RENT,18.8,2,0,0.694,9557.0,36,8.31,debt_consolidation,0.124,0.141,0
48,41376.0,2.1,RENT,26.7,2,0,0.24,11205.0,24,10.86,debt_consolidation,0.135,0.151,0
41,36336.0,4.2,MORTGAGE,22.5,6,0,0.101,4728.0,36,9.07,debt_consolidation,0.043,0.05,0
38,90603.0,6.8,RENT,17.2,8,0,0.511,10053.0,36,9.17,debt_consolidation,0.037,0.042,0
54,58489.0,15.6,MORTGAGE,30.0,4,1,0.216,13903.0,36,8.0,credit_card,0.079,0.089,0
24,108141.0,5.4,OWN,2.1,4,0,0.339,11063.0,36,9.4,home_improvement,0.034,0.039,0
46,38821.0,6.7,RENT,24.7,1,0,0.212,8819.0,12,9.17,credit_card,0.227,0.239,0
20,83875.0,2.2,RENT,0.0,5,0,0.225,10056.0,36,9.65,home_improvement,0.04,0.046,0
30,224092.0,7.0,RENT,11.7,5,0,0.584,6028.0,36,7.99,debt_consolidation,0.009,0.01,0
25,64732.0,3.5,MORTGAGE,6.3,5,0,0.621,28266.0,36,6.07,debt_consolidation,0.146,0.16,0
49,83352.0,11.7,RENT,30.9,5,1,0.345,38568.0,36,9.74,home_improvement,0.154,0.178,0
39,76631.0,3.0,RENT,20.5,5,1,0.278,12401.0,48,9.63,home_improvement,0.04,0.049,1
40,26608.0,3.8,MORTGAGE,14.7,6,0,0.081,14456.0,48,6.63,major_purchase,0.136,0.155,0
27,72614.0,3.4,MORTGAGE,8.2,2,0,0.189,7509.0,60,8.12,other,0.021,0.025,0
36,63147.0,10.0,MORTGAGE,14.7,5,0,0.304,32382.0,36,9.76,debt_consolidation,0.171,0.198,0
31,47578.0,18.4,RENT,9.5,3,0,0.231,5587.0,24,8.23,credit_card,0.059,0.064,0
45,34821.0,2.4,RENT,23.9,5,1,0.444,12677.0,36,9.34,major_purchase,0.121,0.14,0
28,76649.0,3.9,RENT,7.6,6,1,0.143,21130.0,48,12.02,medical,0.069,0.087,0
56,33316.0,7.3,RENT,36.0,5,2,0.105,28794.0,48,9.16,home_improvement,0.216,0.259,0
20,157444.0,13.5,MORTGAGE,0.4,5,0,0.189,7156.0,24,13.99,small_business,0.023,0.026,0
30,57359.0,4.1,MORTGAGE,4.5,4,4,0.162,13434.0,36,7.97,credit_card,0.078,0.088,0
60,29388.0,0.7,MORTGAGE,42.0,4,0,0.085,6608.0,60,11.25,other,0.045,0.059,0
35,41898.0,2.8,RENT,16.8,3,0,0.477,6783.0,36,7.87,credit_card,0.054,0.061,0
24,47143.0,4.8,MORTGAGE,4.0,7,0,0.428,7893.0,24,7.5,credit_card,0.084,0.09,0
43,180988.0,3.2,OWN,23.8,4,0,0.047,30019.0,36,4.87,debt_consolidation,0.055,0.06,0
34,34812.0,1.2,MORTGAGE,14.4,3,0,0.627,15168.0,12,9.65,small_business,0.436,0.459,1
30,51118.0,0.2,MORTGAGE,0.0,7,0,0.494,7297.0,12,11.7,credit_card,0.143,0.152,0
27,41402.0,7.0,RENT,4.5,3,0,0.416,16974.0,36,10.24,debt_consolidation,0.137,0.159,0
73,69538.0,29.5,MORTGAGE,48.7,4,1,0.545,7152.0,24,7.39,major_purchase,0.051,0.055,0
37,41733.0,15.1,MORTGAGE,17.6,9,1,0.324,8840.0,60,7.73,debt_consolidation,0.042,0.051,0
18,30653.0,6.9,MORTGAGE,0.0,7,1,0.198,32088.0,36,10.27,debt_consolidation,0.349,0.407,0
58,49136.0,11.1,MORTGAGE,35.6,2,2,0.285,43223.0,36,8.18,debt_consolidation,0.293,0.332,0
47,46644.0,1.8,RENT,24.1,9,0,0.421,6390.0,36,8.26,other,0.046,0.052,0
31,40291.0,5.8,MORTGAGE,10.6,5,1,0.373,20943.0,12,9.8,credit_card,0.52,0.548,0
29,41382.0,0.4,MORTGAGE,4.2,8,0,0.358,19062.0,60,5.89,credit_card,0.092,0.107,0
48,97963.0,7.4,MORTGAGE,19.7,3,1,0.262,17927.0,36,8.63,credit_card,0.061,0.069,0
37,46172.0,21.0,OWN,17.1,4,0,0.178,6938.0,60,9.64,home_improvement,0.03,0.038,0
18,30728.0,11.8,OWN,0.0,5,0,0.108,23701.0,48,8.23,debt_consolidation,0.193,0.227,0
61,42999.0,4.6,MORTGAGE,40.8,6,1,0.099,7849.0,60,7.65,major_purchase,0.037,0.044,1
35,55668.0,9.3,RENT,3.3,4,0,0.489,12661.0,48,5.66,debt_consolidation,0.057,0.064,0
58,27774.0,17.3,MORTGAGE,39.0,5,0,0.557,16184.0,24,7.69,debt_consolidation,0.291,0.315,0
55,122148.0,1.5,RENT,34.1,6,0,0.701,7541.0,36,6.59,other,0.021,0.023,0
28,83599.0,9.5,MORTGAGE,6.4,9,0,0.161,8831.0,24,10.06,home_improvement,0.053,0.059,0
52,110756.0,1.9,MORTGAGE,33.3,1,1,0.206,3124.0,60,8.51,home_improvement,0.006,0.007,0
32,65911.0,12.6,MORTGAGE,11.3,7,0,0.086,6393.0,36,4.55,credit_card,0.032,0.035,0
18,19018.0,0.6,MORTGAGE,0.0,6,1,0.096,13848.0,36,6.93,small_business,0.243,0.27,0
35,116736.0,1.2,RENT,11.2,3,0,0.318,13738.0,60,9.71,major_purchase,0.024,0.03,0
45,35179.0,7.7,RENT,23.2,6,0,0.225,9853.0,48,12.08,medical,0.07,0.089,0
34,36640.0,1.2,MORTGAGE,10.7,5,0,0.205,29864.0,36,10.46,debt_consolidation,0.272,0.318,0
36,58581.0,1.0,RENT,17.3,6,0,0.065,7450.0,48,8.51,other,0.032,0.038,0
54,107917.0,4.9,RENT,35.9,2,0,0.437,45515.0,60,8.07,debt_consolidation,0.084,0.103,0
41,91734.0,10.8,RENT,17.3,6,0,0.305,7545.0,24,7.03,credit_card,0.041,0.044,0
30,85233.0,1.9,RENT,10.5,6,0,0.248,7916.0,48,11.49,credit_card,0.023,0.029,0
48,46355.0,11.0,RENT,29.4,1,0,0.214,18846.0,12,11.41,medical,0.407,0.432,0
42,45991.0,9.9,RENT,23.7,8,4,0.297,1795.0,48,8.74,credit_card,0.01,0.012,0
18,64407.0,5.2,RENT,0.0,3,0,0.131,8872.0,60,10.28,debt_consolidation,0.028,0.035,1
45,50765.0,6.2,OWN,26.5,5,1,0.201,8673.0,36,6.97,debt_consolidation,0.057,0.063,0
45,84513.0,0.2,RENT,24.5,2,1,0.156,25562.0,36,8.81,small_business,0.101,0.115,0
40,82048.0,2.7,MORTGAGE,18.1,4,1,0.143,10438.0,24,8.85,credit_card,0.064,0.07,0
51,72815.0,1.8,MORTGAGE,30.7,11,0,0.259,20363.0,12,8.65,medical,0.28,0.293,0
32,15322.0,1.0,RENT,7.0,6,1,0.267,5530.0,12,9.07,debt_consolidation,0.361,0.379,0
44,57757.0,3.0,RENT,25.5,2,0,0.175,6513.0,48,5.47,debt_consolidation,0.028,0.031,0
21,51307.0,2.6,RENT,1.0,4,0,0.222,5868.0,36,9.64,debt_consolidation,0.038,0.044,0
45,58925.0,7.8,OWN,26.5,4,0,0.27,13287.0,48,6.08,other,0.056,0.064,1
63,37154.0,5.5,OWN,38.7,4,1,0.245,12958.0,36,9.24,debt_consolidation,0.116,0.134,0
28,27934.0,14.7,RENT,1.9,3,1,0.268,7371.0,24,5.65,credit_card,0.132,0.14,1
31,68293.0,0.9,OWN,11.5,3,0,0.361,9916.0,60,11.49,credit_card,0.029,0.038,0
31,45336.0,0.4,MORTGAGE,11.9,2,0,0.075,17118.0,24,13.25,major_purchase,0.189,0.216,0
42,72211.0,4.6,RENT,23.0,5,2,0.464,11748.0,12,12.42,other,0.163,0.174,0
27,38737.0,0.0,MORTGAGE,3.1,7,0,0.41,4415.0,24,10.49,other,0.057,0.063,0
45,109969.0,9.3,OWN,23.6,5,0,0.283,13132.0,60,8.0,debt_consolidation,0.024,0.029,0
50,89369.0,4.2,OWN,25.6,4,0,0.36,6112.0,60,7.56,other,0.014,0.016,0
46,62844.0,4.0,RENT,27.6,5,0,0.203,24530.0,48,11.4,credit_card,0.098,0.122,0
19,48696.0,2.7,OWN,0.0,6,1,0.15,8527.0,36,11.32,credit_card,0.058,0.069,0
52,82968.0,2.8,MORTGAGE,30.6,5,1,0.182,9345.0,36,9.61,credit_card,0.038,0.043,0
51,65925.0,3.4,RENT,26.2,8,0,0.356,8365.0,36,5.2,debt_consolidation,0.042,0.046,0
50,61040.0,0.1,RENT,30.6,6,1,0.537,13770.0,24,11.68,credit_card,0.113,0.127,1
44,91257.0,0.5,MORTGAGE,24.9,3,0,0.475,13130.0,48,7.82,small_business,0.036,0.042,0
43,110555.0,4.2,MORTGAGE,17.7,3,0,0.474,7949.0,48,5.46,medical,0.018,0.02,0
52,28964.0,1.0,OWN,33.9,1,0,0.195,17007.0,24,13.37,other,0.294,0.336,0
63,32042.0,9.1,MORTGAGE,43.0,5,0,0.144,7641.0,48,9.77,other,0.06,0.072,0
29,36676.0,1.9,RENT,9.2,2,1,0.227,5792.0,36,11.74,debt_consolidation,0.053,0.063,0
53,25560.0,0.6,RENT,34.5,7,0,0.14,13250.0,24,7.68,credit_card,0.259,0.28,0
39,52503.0,1.6,RENT,19.5,8,0,0.294,15060.0,48,7.88,debt_consolidation,0.072,0.084,0
38,73135.0,2.7,MORTGAGE,16.2,6,0,0.576,2902.0,24,5.69,home_improvement,0.02,0.021,0
22,53599.0,0.2,RENT,2.6,2,0,0.222,5791.0,48,7.74,other,0.027,0.031,1
37,41479.0,0.9,RENT,17.9,5,0,0.121,19207.0,60,10.19,debt_consolidation,0.093,0.119,0
28,95152.0,2.3,MORTGAGE,5.4,3,2,0.178,16248.0,36,6.24,credit_card,0.057,0.063,0
34,58121.0,2.2,MORTGAGE,2.5,5,0,0.118,33181.0,36,9.24,debt_consolidation,0.19,0.219,0
27,64311.0,9.7,RENT,4.5,6,0,0.223,4591.0,36,10.92,home_improvement,0.024,0.028,0
35,96483.0,11.1,OWN,11.4,8,0,0.242,5445.0,60,10.3,major_purchase,0.011,0.014,0
35,50939.0,1.3,RENT,8.6,1,0,0.379,24586.0,60,8.86,medical,0.097,0.12,0
41,151768.0,0.8,RENT,18.1,5,0,0.516,9277.0,36,9.69,credit_card,0.02,0.024,0
21,43308.0,6.0,MORTGAGE,0.0,6,1,0.061,17996.0,36,8.22,credit_card,0.139,0.157,0
23,147116.0,9.8,OWN,0.9,7,0,0.227,7736.0,24,8.62,small_business,0.026,0.029,0
44,33277.0,19.9,RENT,22.8,8,0,0.474,7036.0,48,6.31,other,0.053,0.06,0
30,70175.0,0.0,RENT,8.5,8,0,0.37,10999.0,48,7.48,home_improvement,0.039,0.045,0
53,39290.0,3.2,MORTGAGE,28.1,5,2,0.33,18470.0,24,10.67,other,0.235,0.262,0
43,94824.0,7.9,RENT,21.6,3,0,0.407,6553.0,36,9.66,small_business,0.023,0.027,0
47,42654.0,10.6,RENT,24.7,7,0,0.401,8554.0,24,13.19,other,0.1,0.115,0
57,62657.0,0.4,MORTGAGE,38.3,6,0,0.374,11994.0,48,5.6,medical,0.048,0.054,1
36,39133.0,6.8,RENT,10.7,2,0,0.205,6674.0,36,7.2,home_improvement,0.057,0.063,0
33,86562.0,2.0,OWN,13.2,7,0,0.264,40653.0,12,9.24,debt_consolidation,0.47,0.493,0
50,39032.0,0.5,RENT,31.5,4,0,0.242,15165.0,36,9.46,credit_card,0.13,0.149,1
46,125707.0,4.0,RENT,23.2,5,1,0.196,13789.0,36,8.19,major_purchase,0.037,0.041,0
38,32925.0,1.0,OWN,18.7,7,2,0.561,7331.0,36,6.25,debt_consolidation,0.074,0.082,0
57,27645.0,8.0,MORTGAGE,38.4,6,0,0.172,8869.0,60,5.94,credit_card,0.064,0.074,0
37,87184.0,8.1,OWN,18.1,5,0,0.353,6258.0,24,7.14,other,0.036,0.039,0
40,40303.0,11.1,RENT,21.9,10,0,0.174,16414.0,24,9.5,debt_consolidation,0.204,0.224,0
40,53981.0,2.8,OWN,21.7,4,0,0.414,9567.0,36,8.77,medical,0.059,0.067,0
29,46114.0,0.1,RENT,8.3,6,1,0.274,5786.0,36,9.55,small_business,0.042,0.048,0
41,28105.0,1.8,RENT,17.0,7,0,0.32,4336.0,36,10.4,medical,0.051,0.06,0
57,52130.0,3.8,RENT,37.2,5,0,0.41,3650.0,48,5.47,debt_consolidation,0.018,0.02,0
45,101972.0,7.1,RENT,24.0,5,0,0.259,3902.0,60,8.62,home_improvement,0.008,0.009,0
40,89462.0,2.9,MORTGAGE,17.0,2,0,0.036,9766.0,48,6.78,major_purchase,0.027,0.031,0
38,60834.0,4.6,RENT,18.7,5,0,0.05,24225.0,12,8.79,small_business,0.398,0.417,0
44,94479.0,4.5,MORTGAGE,22.8,4,0,0.206,9176.0,60,10.71,credit_card,0.019,0.025,0
49,31896.0,1.1,RENT,29.7,4,0,0.178,6975.0,48,7.66,major_purchase,0.055,0.064,0
47,46040.0,5.9,MORTGAGE,25.9,5,0,0.211,5644.0,48,11.38,other,0.031,0.038,0
36,66033.0,3.5,RENT,17.3,4,0,0.151,3228.0,36,11.79,medical,0.016,0.019,1
44,50756.0,9.9,MORTGAGE,14.6,9,0,0.314,7193.0,12,9.68,other,0.142,0.149,0
46,47886.0,7.0,RENT,27.8,2,0,0.366,11859.0,36,9.91,home_improvement,0.083,0.096,0
28,29723.0,0.7,MORTGAGE,7.9,4,1,0.412,9689.0,24,10.37,major_purchase,0.163,0.181,0
42,19136.0,4.0,RENT,23.0,1,2,0.31,21946.0,48,9.8,home_improvement,0.287,0.348,1
18,81547.0,7.3,RENT,0.0,6,0,0.087,8851.0,12,9.95,small_business,0.109,0.114,0
46,61182.0,0.5,RENT,26.3,6,0,0.223,19424.0,36,8.1,home_improvement,0.106,0.12,0
48,85050.0,9.4,RENT,28.9,6,0,0.147,6619.0,48,8.96,credit_card,0.019,0.023,0
49,43538.0,1.5,MORTGAGE,30.1,7,0,0.155,18136.0,60,6.03,debt_consolidation,0.083,0.097,0
35,37934.0,4.2,MORTGAGE,16.4,6,0,0.104,18681.0,60,8.51,credit_card,0.098,0.121,0
44,54354.0,16.9,RENT,21.4,6,0,0.427,7686.0,60,9.69,debt_consolidation,0.028,0.036,0
57,83042.0,5.1,RENT,38.2,3,0,0.682,12284.0,36,8.88,other,0.049,0.056,0
57,48256.0,3.3,MORTGAGE,34.5,7,0,0.51,11454.0,36,13.71,credit_card,0.079,0.097,0
40,80894.0,0.0,MORTGAGE,20.0,1,1,0.328,16131.0,12,11.54,debt_consolidation,0.199,0.212,0
42,32756.0,0.9,MORTGAGE,23.8,8,1,0.152,22739.0,36,10.94,other,0.231,0.272,0
53,49975.0,5.2,RENT,34.5,5,0,0.404,25493.0,48,8.64,debt_consolidation,0.128,0.151,0
22,52310.0,4.1,RENT,0.0,3,1,0.279,8593.0,12,4.0,medical,0.164,0.168,0
36,100027.0,2.7,OWN,15.2,10,0,0.475,10321.0,36,8.47,home_improvement,0.034,0.039,0
56,60103.0,15.4,MORTGAGE,37.4,8,0,0.512,5850.0,36,8.56,major_purchase,0.032,0.037,0
52,129708.0,2.4,RENT,30.4,5,1,0.269,8359.0,36,6.42,home_improvement,0.021,0.024,0
44,27616.0,4.6,MORTGAGE,20.8,7,1,0.618,18482.0,36,9.2,debt_consolidation,0.223,0.256,1
22,57812.0,5.0,OWN,2.8,5,0,0.024,19323.0,36,9.67,credit_card,0.111,0.129,0
39,59261.0,4.5,MORTGAGE,18.6,8,1,0.091,10279.0,48,12.59,debt_consolidation,0.043,0.055,0
33,73869.0,3.9,RENT,14.0,7,0,0.349,4802.0,60,7.25,credit_card,0.013,0.016,0
44,36074.0,2.5,RENT,25.7,7,1,0.086,12455.0,24,12.14,credit_card,0.173,0.195,0
30,125772.0,14.4,OWN,10.5,10,1,0.264,21538.0,36,14.21,debt_consolidation,0.057,0.07,0
28,54529.0,3.6,RENT,5.8,5,0,0.431,9652.0,48,8.91,major_purchase,0.044,0.053,0
18,31460.0,4.5,OWN,0.0,7,0,0.104,24933.0,24,6.23,debt_consolidation,0.396,0.423,0
55,53744.0,6.4,OWN,35.4,7,0,0.07,5216.0,36,7.72,home_improvement,0.032,0.036,0
35,46324.0,0.4,RENT,15.6,6,0,0.016,8298.0,36,8.59,medical,0.06,0.068,0
42,217862.0,9.1,RENT,22.2,6,0,0.119,31366.0,36,8.4,debt_consolidation,0.048,0.054,0
40,91580.0,4.3,MORTGAGE,20.9,8,1,0.237,22941.0,36,8.63,debt_consolidation,0.084,0.095,0
27,55538.0,6.4,RENT,6.2,1,2,0.227,26171.0,24,7.28,home_improvement,0.236,0.254,0
25,51228.0,8.9,RENT,6.8,1,0,0.129,6051.0,36,9.84,major_purchase,0.039,0.046,0
28,87162.0,12.4,RENT,5.1,6,0,0.642,25367.0,36,12.58,major_purchase,0.097,0.117,0
31,89271.0,3.0,MORTGAGE,12.4,1,0,0.11,2194.0,24,6.25,home_improvement,0.012,0.013,0
44,15000.0,10.0,MORTGAGE,23.0,3,0,0.23,10423.0,24,8.69,debt_consolidation,0.347,0.38,0
30,74720.0,1.8,MORTGAGE,10.2,6,1,0.274,10800.0,48,9.46,medical,0.036,0.044,0
61,54939.0,6.5,OWN,38.5,10,0,0.411,8837.0,36,11.11,medical,0.054,0.063,0
52,28125.0,0.7,MORTGAGE,28.8,3,0,0.398,5525.0,24,12.09,major_purchase,0.098,0.111,0
50,84129.0,0.1,RENT,31.3,4,1,0.245,3790.0,12,12.29,credit_card,0.045,0.048,0
39,166557.0,0.6,MORTGAGE,17.6,1,0,0.429,11866.0,60,7.0,credit_card,0.014,0.017,1
58,71568.0,2.3,MORTGAGE,39.4,8,1,0.11,9930.0,48,7.85,debt_consolidation,0.035,0.041,0
37,93921.0,0.2,MORTGAGE,18.6,3,0,0.514,10747.0,48,8.84,other,0.029,0.034,0
40,133527.0,6.0,RENT,14.0,3,0,0.07,17770.0,60,13.02,medical,0.027,0.036,0
42,35770.0,2.3,MORTGAGE,23.5,5,0,0.172,8582.0,24,11.89,medical,0.12,0.135,0
48,21401.0,8.0,OWN,29.2,6,2,0.313,4906.0,36,7.78,home_improvement,0.076,0.086,0
48,75240.0,0.3,MORTGAGE,29.6,4,1,0.104,15725.0,60,8.3,credit_card,0.042,0.051,0
34,47868.0,1.5,RENT,14.1,3,0,0.445,30787.0,36,7.38,home_improvement,0.214,0.24,0
34,27253.0,3.1,RENT,8.4,8,0,0.222,10986.0,24,8.97,debt_consolidation,0.202,0.221,0
48,52100.0,2.9,MORTGAGE,29.1,4,1,0.132,9393.0,60,9.42,credit_card,0.036,0.045,0
49,77946.0,0.8,OWN,28.7,3,0,0.647,9019.0,36,7.1,debt_consolidation,0.039,0.043,0
35,50288.0,30.8,MORTGAGE,15.4,5,0,0.122,9016.0,36,11.9,small_business,0.06,0.071,0
21,36555.0,2.0,RENT,1.8,7,0,0.229,14404.0,36,11.61,debt_consolidation,0.131,0.156,0
38,48448.0,7.7,MORTGAGE,17.5,3,0,0.387,33281.0,36,12.21,other,0.229,0.275,0
47,53651.0,1.5,MORTGAGE,26.5,5,1,0.27,9910.0,48,8.49,major_purchase,0.046,0.055,0
62,20646.0,12.6,RENT,42.7,3,0,0.156,6902.0,24,13.05,debt_consolidation,0.167,0.191,0
26,50444.0,2.9,OWN,2.3,5,0,0.349,13723.0,48,9.83,home_improvement,0.068,0.083,0
35,27662.0,13.9,MORTGAGE,16.8,4,0,0.396,14948.0,36,11.8,debt_consolidation,0.18,0.215,1
35,75321.0,2.5,OWN,16.7,3,0,0.213,5969.0,48,7.58,credit_card,0.02,0.023,0
56,24822.0,0.1,RENT,23.9,4,0,0.613,20824.0,12,8.46,debt_consolidation,0.839,0.878,1
40,89890.0,4.4,MORTGAGE,17.9,6,1,0.463,21881.0,60,8.12,other,0.049,0.059,0
29,44153.0,4.5,RENT,6.1,5,0,0.117,21084.0,48,6.08,credit_card,0.119,0.135,0
47,41296.0,0.8,RENT,26.2,3,0,0.471,10056.0,60,7.6,medical,0.049,0.059,0
35,62770.0,1.6,RENT,15.4,6,0,0.582,11372.0,12,8.07,debt_consolidation,0.181,0.189,0
25,35136.0,9.2,MORTGAGE,4.0,4,0,0.239,6525.0,12,8.67,debt_consolidation,0.186,0.195,0
29,62279.0,0.2,MORTGAGE,10.7,2,1,0.197,19927.0,36,7.9,credit_card,0.107,0.12,1
61,37569.0,4.0,MORTGAGE,38.7,6,0,0.397,7011.0,36,8.14,small_business,0.062,0.07,0
45,41013.0,4.5,MORTGAGE,24.7,4,1,0.221,8183.0,36,11.39,other,0.067,0.079,0
41,66349.0,7.0,MORTGAGE,13.6,4,1,0.425,15174.0,36,9.61,major_purchase,0.076,0.088,0
37,30660.0,0.2,MORTGAGE,16.0,8,2,0.254,17584.0,36,5.95,major_purchase,0.191,0.209,0
44,28791.0,5.3,RENT,25.5,3,1,0.438,8261.0,24,9.44,debt_consolidation,0.143,0.158,0
43,61335.0,0.0,MORTGAGE,23.1,1,0,0.769,3348.0,60,10.0,debt_consolidation,0.011,0.014,0
44,53453.0,1.8,OWN,25.8,6,0,0.387,23289.0,48,8.87,debt_consolidation,0.109,0.13,0
41,58944.0,4.2,MORTGAGE,18.9,5,1,0.133,11037.0,36,13.84,credit_card,0.062,0.077,0
50,63820.0,14.5,MORTGAGE,29.9,5,0,0.102,40854.0,36,8.25,credit_card,0.213,0.242,0
40,55753.0,0.8,OWN,20.6,7,0,0.302,11807.0,36,8.13,credit_card,0.071,0.08,0
28,73427.0,1.1,RENT,0.0,3,0,0.197,5382.0,36,10.04,debt_consolidation,0.024,0.028,0
33,56881.0,6.6,MORTGAGE,6.5,7,0,0.116,12742.0,24,6.72,debt_consolidation,0.112,0.12,0
18,19858.0,2.8,RENT,0.0,3,0,0.151,5645.0,36,8.2,other,0.095,0.107,0
64,22608.0,5.9,MORTGAGE,45.3,4,0,0.041,12484.0,48,7.49,debt_consolidation,0.138,0.16,0
50,142056.0,35.8,OWN,28.1,1,0,0.206,11702.0,36,9.63,major_purchase,0.027,0.032,0
30,54178.0,26.0,RENT,3.3,1,0,0.204,16660.0,12,8.44,other,0.308,0.322,0
37,87127.0,2.6,MORTGAGE,16.5,7,0,0.413,9079.0,12,11.29,home_improvement,0.104,0.111,0
32,45577.0,4.2,MORTGAGE,13.3,2,0,0.134,3847.0,48,7.83,small_business,0.021,0.025,0
59,52627.0,14.1,OWN,35.9,8,0,0.356,7238.0,36,9.77,debt_consolidation,0.046,0.053,0
23,43188.0,0.6,RENT,0.0,1,0,0.233,8015.0,48,7.15,debt_consolidation,0.046,0.053,1
41,185900.0,3.6,RENT,19.4,5,0,0.437,5712.0,48,7.25,debt_consolidation,0.008,0.009,0
39,61489.0,2.8,MORTGAGE,20.0,6,0,0.123,14302.0,48,9.82,major_purchase,0.058,0.071,0
50,41464.0,2.1,OWN,31.4,9,1,0.178,6984.0,24,8.57,small_business,0.084,0.092,0
39,23724.0,30.9,OWN,18.1,6,0,0.365,5236.0,36,8.71,other,0.074,0.084,0
19,145345.0,7.9,RENT,0.0,8,0,0.127,6174.0,60,11.76,home_improvement,0.008,0.011,0
37,49929.0,3.0,MORTGAGE,15.7,7,0,0.264,6799.0,36,8.51,home_improvement,0.045,0.052,0
28,78599.0,10.6,MORTGAGE,9.6,4,0,0.493,15197.0,36,8.94,major_purchase,0.064,0.074,0
41,83117.0,4.0,MORTGAGE,22.6,3,0,0.429,31198.0,60,8.47,other,0.075,0.092,0
57,42984.0,12.4,RENT,37.6,5,0,0.251,14036.0,36,7.75,small_business,0.109,0.122,0
19,75828.0,1.9,MORTGAGE,0.1,4,0,0.394,11550.0,36,7.7,credit_card,0.051,0.057,0
30,40052.0,1.5,RENT,9.1,6,1,0.292,10310.0,24,12.74,small_business,0.129,0.146,0
33,33017.0,1.7,MORTGAGE,13.6,2,0,0.031,20800.0,36,10.83,credit_card,0.21,0.247,0
35,96977.0,4.6,MORTGAGE,13.5,7,0,0.555,15725.0,60,10.55,debt_consolidation,0.032,0.042,0
49,50056.0,2.1,MORTGAGE,26.6,5,0,0.471,27434.0,24,9.12,major_purchase,0.274,0.301,0
38,70211.0,1.0,MORTGAGE,19.4,4,0,0.289,9867.0,36,12.63,major_purchase,0.047,0.057,0
45,66533.0,31.4,RENT,19.4,4,0,0.274,15716.0,60,11.28,home_improvement,0.047,0.062,0
32,74531.0,13.8,RENT,9.4,3,0,0.556,15820.0,60,7.53,major_purchase,0.042,0.051,0
43,24878.0,6.0,RENT,22.0,5,0,0.615,37010.0,36,12.46,small_business,0.496,0.597,0
49,40431.0,13.3,MORTGAGE,23.8,5,0,0.308,9129.0,12,12.02,home_improvement,0.226,0.241,0
31,46063.0,16.4,RENT,12.1,8,2,0.174,11762.0,60,8.23,debt_consolidation,0.051,0.062,0
49,35748.0,6.8,OWN,29.4,7,1,0.157,38099.0,24,11.27,major_purchase,0.533,0.598,0
41,67138.0,4.4,RENT,22.7,3,0,0.418,16813.0,36,11.61,small_business,0.083,0.099,0
53,98071.0,12.8,OWN,33.2,1,0,0.334,11607.0,36,7.05,credit_card,0.039,0.044,0
38,106148.0,5.0,MORTGAGE,17.9,2,1,0.414,11782.0,12,6.51,debt_consolidation,0.111,0.115,0
45,45725.0,0.8,RENT,24.1,6,0,0.301,21614.0,36,9.68,debt_consolidation,0.158,0.182,0
40,62692.0,2.7,RENT,21.8,8,1,0.026,15250.0,36,7.68,debt_consolidation,0.081,0.091,0
39,67699.0,3.5,RENT,20.9,7,0,0.45,31371.0,48,5.09,credit_card,0.116,0.128,0
43,73912.0,16.4,RENT,23.4,4,0,0.497,25995.0,60,7.27,debt_consolidation,0.07,0.084,0
46,34924.0,6.5,RENT,27.4,8,2,0.041,11735.0,24,7.71,major_purchase,0.168,0.182,0
25,134631.0,12.5,RENT,2.7,3,0,0.353,3037.0,24,7.98,small_business,0.011,0.012,0
57,86100.0,8.5,RENT,35.7,5,2,0.249,10932.0,36,9.15,other,0.042,0.049,0
18,87232.0,2.2,MORTGAGE,0.0,6,0,0.147,5613.0,36,12.74,medical,0.021,0.026,0
32,98887.0,7.6,OWN,13.9,3,1,0.056,4959.0,36,10.14,debt_consolidation,0.017,0.019,1
39,70761.0,1.3,OWN,20.4,2,0,0.286,6909.0,24,11.94,major_purchase,0.049,0.055,1
45,32414.0,3.1,OWN,23.5,6,0,0.451,7850.0,36,10.53,home_improvement,0.081,0.094,0
59,50540.0,9.8,OWN,27.1,3,0,0.08,25346.0,36,9.31,credit_card,0.167,0.192,0
18,23729.0,5.7,RENT,0.0,4,0,0.363,4072.0,24,10.28,debt_consolidation,0.086,0.095,0
34,66672.0,10.5,RENT,11.1,3,0,0.403,18275.0,12,9.37,small_business,0.274,0.288,0
18,49781.0,1.8,MORTGAGE,0.0,6,1,0.075,4625.0,36,9.88,small_business,0.031,0.036,0
40,53090.0,8.3,MORTGAGE,21.9,4,1,0.242,8726.0,24,9.73,debt_consolidation,0.082,0.091,0
43,98913.0,1.4,RENT,17.6,8,0,0.219,37616.0,36,8.37,debt_consolidation,0.127,0.144,0
59,43110.0,4.7,RENT,39.1,5,0,0.229,8210.0,24,6.49,major_purchase,0.095,0.102,0
41,47760.0,3.4,OWN,13.0,3,1,0.358,5697.0,24,6.26,medical,0.06,0.064,0
53,54775.0,4.9,RENT,32.7,3,1,0.049,2779.0,60,7.56,debt_consolidation,0.01,0.012,0
47,21590.0,0.9,OWN,28.2,6,0,0.405,26256.0,60,7.61,debt_consolidation,0.243,0.293,0
35,47428.0,2.7,MORTGAGE,6.0,4,0,0.265,3214.0,36,7.94,credit_card,0.023,0.025,0
23,15632.0,6.6,RENT,4.2,4,0,0.101,8254.0,36,12.38,other,0.176,0.212,1
43,40426.0,4.9,MORTGAGE,18.6,4,0,0.358,9993.0,48,11.07,debt_consolidation,0.062,0.077,0
22,83083.0,4.8,MORTGAGE,3.4,4,0,0.115,6834.0,48,12.9,credit_card,0.021,0.026,0
56,67754.0,4.3,MORTGAGE,34.6,8,0,0.7,18524.0,48,9.21,home_improvement,0.068,0.082,1
38,40239.0,17.3,MORTGAGE,18.4,4,0,0.328,20770.0,48,6.89,credit_card,0.129,0.148,0
54,55293.0,16.4,OWN,25.3,1,2,0.597,13422.0,12,9.06,debt_consolidation,0.243,0.255,0
34,31650.0,2.7,OWN,15.4,8,1,0.098,6028.0,48,8.18,small_business,0.048,0.056,0
43,54113.0,2.6,MORTGAGE,23.4,8,1,0.377,22007.0,48,11.34,home_improvement,0.102,0.127,0
43,234488.0,4.9,OWN,21.9,6,2,0.106,2232.0,24,11.95,home_improvement,0.005,0.005,0
39,136339.0,0.6,OWN,9.6,4,1,0.152,26768.0,24,6.43,other,0.098,0.105,0
35,55621.0,2.2,MORTGAGE,15.9,4,0,0.315,8530.0,36,10.95,home_improvement,0.051,0.06,0
45,58693.0,1.6,RENT,25.5,9,0,0.266,6544.0,24,11.11,debt_consolidation,0.056,0.062,0
29,33197.0,1.5,MORTGAGE,9.1,5,1,0.274,6314.0,24,11.83,credit_card,0.095,0.107,0
25,36283.0,6.1,RENT,6.1,7,0,0.412,9465.0,24,10.86,small_business,0.13,0.146,0
55,64932.0,2.9,OWN,31.9,5,0,0.175,11346.0,36,5.07,debt_consolidation,0.058,0.063,0
49,41671.0,1.1,OWN,30.7,4,0,0.374,5180.0,36,10.27,debt_consolidation,0.041,0.048,0
41,85142.0,13.1,OWN,19.3,2,0,0.195,13024.0,36,10.01,debt_consolidation,0.051,0.059,0
60,118758.0,12.4,MORTGAGE,39.7,5,0,0.219,16557.0,60,8.77,credit_card,0.028,0.035,0
37,63979.0,11.9,OWN,18.2,3,0,0.344,4665.0,48,10.98,debt_consolidation,0.018,0.023,0
56,57004.0,3.0,MORTGAGE,36.0,4,0,0.108,27320.0,36,7.98,credit_card,0.16,0.18,0
42,23379.0,0.4,RENT,18.7,4,0,0.528,4884.0,24,7.12,home_improvement,0.104,0.112,0
28,78732.0,0.7,RENT,8.2,4,0,0.162,9875.0,36,9.6,debt_consolidation,0.042,0.048,0
62,30582.0,1.9,MORTGAGE,43.6,3,0,0.341,13896.0,12,7.25,debt_consolidation,0.454,0.472,0
52,43958.0,1.5,RENT,33.9,4,1,0.183,11484.0,24,9.03,debt_consolidation,0.131,0.143,0
39,87534.0,12.4,MORTGAGE,16.5,4,0,0.198,19139.0,36,10.96,debt_consolidation,0.073,0.086,0
49,90661.0,25.8,RENT,29.8,4,0,0.345,11390.0,48,8.72,debt_consolidation,0.031,0.037,0
35,42905.0,10.2,RENT,9.0,8,0,0.392,4585.0,36,6.52,small_business,0.036,0.039,0
50,44159.0,7.9,RENT,29.1,2,1,0.19,6778.0,24,9.48,credit_card,0.077,0.085,0
18,38190.0,5.3,OWN,0.0,4,0,0.241,8065.0,24,8.71,debt_consolidation,0.106,0.115,0
28,29765.0,8.8,RENT,7.5,4,0,0.12,28488.0,36,8.88,debt_consolidation,0.319,0.365,0
52,39443.0,17.6,RENT,32.2,6,1,0.305,8705.0,36,10.02,credit_card,0.074,0.085,0
37,24184.0,5.5,RENT,11.9,7,0,0.358,5442.0,12,12.26,credit_card,0.225,0.24,1
42,76232.0,1.0,OWN,22.2,4,0,0.018,46492.0,36,8.91,credit_card,0.203,0.232,0
24,65990.0,1.1,OWN,5.7,5,1,0.573,7113.0,36,6.96,debt_consolidation,0.036,0.04,0
62,71701.0,5.3,RENT,41.3,6,0,0.178,9376.0,48,9.03,major_purchase,0.033,0.039,0
54,33617.0,2.4,RENT,33.1,8,1,0.424,4185.0,24,7.09,home_improvement,0.062,0.067,0
38,29806.0,14.5,RENT,15.7,6,0,0.517,10894.0,24,8.99,medical,0.183,0.2,0
35,55646.0,5.7,MORTGAGE,8.9,3,0,0.13,15544.0,36,11.86,debt_consolidation,0.093,0.111,0
52,55941.0,6.8,MORTGAGE,32.2,5,1,0.614,17848.0,48,8.61,credit_card,0.08,0.095,0
64,50330.0,0.0,RENT,44.7,3,1,0.149,12097.0,36,6.26,debt_consolidation,0.08,0.088,0
51,46876.0,4.1,OWN,31.0,1,0,0.53,12347.0,48,13.13,small_business,0.066,0.085,0
66,127438.0,3.4,MORTGAGE,41.1,6,0,0.375,7583.0,24,8.27,credit_card,0.03,0.032,0
29,67038.0,7.3,OWN,0.0,1,0,0.263,5900.0,36,11.89,medical,0.029,0.035,0
30,145123.0,2.9,RENT,1.4,8,0,0.405,10038.0,60,6.96,small_business,0.014,0.016,0
26,102179.0,22.5,RENT,7.2,3,0,0.055,5671.0,48,12.57,other,0.014,0.018,0
45,126961.0,6.7,MORTGAGE,24.9,3,0,0.349,10587.0,24,7.41,home_improvement,0.042,0.045,0
42,31659.0,6.5,RENT,23.1,5,0,0.476,10476.0,60,10.82,home_improvement,0.066,0.086,0
38,72881.0,15.1,RENT,18.6,5,0,0.196,10888.0,60,13.71,debt_consolidation,0.03,0.041,0
50,43657.0,32.0,OWN,31.9,4,0,0.19,11753.0,24,10.8,debt_consolidation,0.135,0.15,0
55,23584.0,1.3,MORTGAGE,36.5,2,2,0.237,20515.0,36,8.53,debt_consolidation,0.29,0.33,0
22,114462.0,10.0,RENT,2.5,9,0,0.154,10293.0,48,10.52,debt_consolidation,0.022,0.028,0
33,46777.0,1.1,OWN,13.6,8,0,0.289,15135.0,36,4.56,medical,0.108,0.116,0
50,31967.0,3.7,MORTGAGE,31.0,6,1,0.249,11453.0,24,9.81,credit_card,0.179,0.198,0
34,44034.0,0.6,RENT,15.2,6,0,0.36,17448.0,36,7.82,debt_consolidation,0.132,0.149,0
30,36384.0,5.9,RENT,7.9,6,0,0.258,11104.0,24,8.27,credit_card,0.153,0.166,0
52,38298.0,3.8,MORTGAGE,33.0,3,0,0.374,9590.0,48,9.82,credit_card,0.063,0.076,0
25,48494.0,5.9,MORTGAGE,3.3,5,0,0.248,16847.0,48,9.36,debt_consolidation,0.087,0.104,0
36,128722.0,6.8,RENT,16.6,7,0,0.42,9654.0,12,10.66,small_business,0.075,0.079,0
44,38826.0,5.8,MORTGAGE,21.1,3,0,0.166,13225.0,12,8.26,debt_consolidation,0.341,0.356,0
33,124198.0,2.1,RENT,14.5,9,0,0.463,18136.0,24,9.58,small_business,0.073,0.081,0
49,82819.0,10.9,OWN,30.5,7,1,0.215,18187.0,36,6.44,medical,0.073,0.081,0
33,66048.0,4.8,RENT,11.6,5,0,0.28,9759.0,48,8.55,debt_consolidation,0.037,0.044,0
57,78752.0,4.0,RENT,31.6,8,0,0.263,14661.0,24,11.47,debt_consolidation,0.093,0.105,0
38,54548.0,26.1,OWN,19.5,3,1,0.18,56845.0,36,7.61,home_improvement,0.347,0.39,0
48,103056.0,2.0,RENT,29.8,7,0,0.453,9880.0,48,10.88,credit_card,0.024,0.03,0
49,71933.0,4.5,MORTGAGE,22.8,9,0,0.24,12690.0,24,6.96,credit_card,0.088,0.095,0
32,23569.0,6.9,OWN,13.6,4,1,0.28,12577.0,48,13.09,credit_card,0.133,0.172,0
18,62826.0,0.8,RENT,0.0,3,0,0.267,7925.0,48,12.71,credit_card,0.032,0.04,0
44,80177.0,2.6,RENT,18.0,5,0,0.209,10020.0,24,8.6,debt_consolidation,0.062,0.068,0
41,46887.0,9.7,MORTGAGE,18.1,9,1,0.202,6677.0,24,10.79,credit_card,0.071,0.079,0
47,57707.0,1.6,MORTGAGE,27.7,2,0,0.314,13917.0,12,10.31,medical,0.241,0.255,0
37,39878.0,4.1,RENT,9.7,7,2,0.255,12703.0,60,6.92,debt_consolidation,0.064,0.076,0
35,27206.0,6.0,MORTGAGE,14.5,3,0,0.394,8442.0,48,9.75,small_business,0.078,0.094,0
64,24955.0,6.7,MORTGAGE,45.8,4,1,0.351,11856.0,60,9.95,debt_consolidation,0.095,0.121,0
22,25121.0,7.8,RENT,0.4,7,0,0.153,8398.0,36,7.57,credit_card,0.111,0.125,0
49,75699.0,12.1,RENT,28.7,1,1,0.387,9704.0,36,9.18,small_business,0.043,0.049,0
33,15597.0,3.0,OWN,12.4,7,0,0.376,13641.0,36,9.95,debt_consolidation,0.292,0.338,0
36,38823.0,7.4,MORTGAGE,2.6,2,0,0.523,6487.0,36,6.4,credit_card,0.056,0.061,1
36,36945.0,7.9,MORTGAGE,17.5,2,0,0.688,19381.0,48,9.5,major_purchase,0.131,0.158,1
30,47048.0,2.1,RENT,8.8,7,2,0.071,5840.0,48,9.23,debt_consolidation,0.031,0.037,0
47,21414.0,20.7,MORTGAGE,27.2,8,1,0.117,7670.0,60,9.45,home_improvement,0.072,0.09,0
57,66300.0,12.0,MORTGAGE,38.0,5,1,0.312,6590.0,48,12.11,credit_card,0.025,0.031,0
46,28665.0,2.1,RENT,24.5,7,0,0.274,8251.0,36,6.5,debt_consolidation,0.096,0.106,0
41,95435.0,6.7,MORTGAGE,19.7,6,0,0.287,37812.0,24,9.93,debt_consolidation,0.198,0.219,0
28,39700.0,7.6,MORTGAGE,4.2,3,1,0.166,21006.0,48,8.22,other,0.132,0.156,0
46,51647.0,3.4,MORTGAGE,21.7,4,1,0.194,33060.0,60,8.25,credit_card,0.128,0.157,1
66,54279.0,12.0,MORTGAGE,45.5,5,0,0.066,15928.0,36,8.38,small_business,0.098,0.111,0
35,61213.0,7.0,RENT,15.8,6,0,0.178,3210.0,24,11.38,major_purchase,0.026,0.029,0
35,55188.0,6.4,MORTGAGE,14.7,2,0,0.397,11937.0,48,11.87,home_improvement,0.054,0.068,0
33,43759.0,1.5,RENT,13.7,2,0,0.23,7177.0,60,9.35,other,0.033,0.041,0
34,64313.0,3.1,RENT,15.0,2,0,0.259,8399.0,24,7.77,debt_consolidation,0.065,0.071,0
18,68396.0,3.4,MORTGAGE,0.0,3,0,0.064,9558.0,48,7.83,other,0.035,0.041,0
45,36954.0,7.9,MORTGAGE,23.8,5,0,0.121,37475.0,24,10.95,home_improvement,0.507,0.567,0
30,67049.0,5.8,RENT,9.3,5,0,0.354,8833.0,24,8.97,other,0.066,0.072,0
21,98308.0,0.5,RENT,0.0,6,0,0.268,4904.0,48,8.41,credit_card,0.012,0.015,0
49,77107.0,2.2,MORTGAGE,29.9,7,0,0.368,19115.0,36,9.11,debt_consolidation,0.083,0.095,0
27,86352.0,3.8,MORTGAGE,7.6,5,2,0.25,19414.0,36,11.16,debt_consolidation,0.075,0.089,0
36,59039.0,8.0,MORTGAGE,14.7,3,1,0.243,8418.0,12,12.37,credit_card,0.143,0.152,0
58,33926.0,8.2,OWN,37.2,1,1,0.155,13197.0,36,6.08,small_business,0.13,0.142,0
23,36141.0,4.0,RENT,5.0,5,0,0.147,8836.0,48,6.3,debt_consolidation,0.061,0.069,0
22,63573.0,0.7,MORTGAGE,2.9,4,0,0.467,9202.0,48,9.03,other,0.036,0.043,0
43,86802.0,2.1,MORTGAGE,24.1,5,1,0.441,8601.0,24,8.12,credit_card,0.05,0.054,0
54,218154.0,1.8,RENT,30.5,3,0,0.015,18899.0,24,8.99,home_improvement,0.043,0.047,0
21,88514.0,9.1,OWN,0.0,4,1,0.35,5658.0,24,6.45,debt_consolidation,0.032,0.034,0
45,30175.0,1.2,MORTGAGE,26.0,7,2,0.251,4697.0,48,7.32,credit_card,0.039,0.045,0
47,36915.0,3.8,MORTGAGE,28.7,3,0,0.331,19362.0,36,9.06,major_purchase,0.175,0.2,0
18,169271.0,6.7,MORTGAGE,0.0,6,1,0.238,7661.0,24,10.82,home_improvement,0.023,0.025,0
50,48669.0,20.1,RENT,31.4,5,0,0.438,9403.0,24,9.12,home_improvement,0.097,0.106,0
51,55479.0,40.0,RENT,32.2,8,0,0.156,3231.0,24,9.05,home_improvement,0.029,0.032,0
36,33516.0,18.3,RENT,17.2,5,0,0.215,20654.0,48,8.43,other,0.154,0.182,0
55,118486.0,7.6,MORTGAGE,35.0,6,2,0.573,2618.0,48,9.91,credit_card,0.006,0.007,0
54,69575.0,8.2,RENT,34.8,8,0,0.54,9190.0,36,7.31,credit_card,0.044,0.049,0
41,36780.0,8.5,RENT,20.5,5,0,0.524,10503.0,36,9.65,credit_card,0.095,0.11,0
35,32961.0,11.9,RENT,15.7,5,0,0.173,7215.0,24,7.1,debt_consolidation,0.109,0.118,0
28,63171.0,18.2,MORTGAGE,4.9,6,1,0.171,7457.0,60,9.18,credit_card,0.024,0.03,0
40,55387.0,3.5,MORTGAGE,13.0,5,0,0.414,9731.0,48,10.28,credit_card,0.044,0.054,0
47,82130.0,3.2,RENT,27.4,4,0,0.194,9089.0,48,8.89,home_improvement,0.028,0.033,0
36,71217.0,3.7,RENT,17.8,5,0,0.07,10448.0,36,7.41,credit_card,0.049,0.055,0
18,47466.0,6.5,RENT,0.0,8,0,0.278,14467.0,36,4.43,credit_card,0.102,0.109,0
55,41279.0,9.0,RENT,36.7,6,3,0.309,12009.0,24,7.73,home_improvement,0.145,0.157,0
42,50013.0,12.3,RENT,22.7,6,0,0.31,11540.0,24,8.02,other,0.115,0.125,0
35,41137.0,3.7,OWN,13.9,4,2,0.525,4237.0,48,10.36,home_improvement,0.026,0.032,1
50,50762.0,2.7,RENT,29.8,4,0,0.166,4662.0,36,11.96,credit_card,0.031,0.037,0
58,54624.0,24.6,MORTGAGE,39.2,5,0,0.164,15406.0,36,11.79,credit_card,0.094,0.112,0
18,34580.0,1.6,MORTGAGE,0.0,6,1,0.609,5752.0,24,10.09,other,0.083,0.092,0
45,74261.0,1.5,MORTGAGE,26.6,7,1,0.258,6076.0,48,6.81,other,0.02,0.023,0
23,45017.0,7.5,MORTGAGE,4.2,6,0,0.145,21633.0,36,7.15,medical,0.16,0.178,0
46,35563.0,1.2,RENT,24.6,1,0,0.155,19146.0,60,8.81,debt_consolidation,0.108,0.134,0
42,45442.0,3.1,MORTGAGE,23.3,3,0,0.218,28558.0,48,6.2,debt_consolidation,0.157,0.178,0
48,61153.0,2.1,MORTGAGE,26.6,2,1,0.267,18672.0,24,8.5,home_improvement,0.153,0.167,0
34,56473.0,1.1,MORTGAGE,4.7,3,1,0.474,17501.0,48,8.65,major_purchase,0.077,0.092,0
18,66907.0,5.2,OWN,0.0,4,0,0.56,14616.0,60,5.43,medical,0.044,0.05,0
35,84895.0,2.8,OWN,16.5,6,0,0.238,15126.0,36,9.39,credit_card,0.059,0.068,0
45,104034.0,3.7,MORTGAGE,24.8,8,0,0.371,23232.0,24,10.91,medical,0.112,0.125,0
52,62489.0,1.3,MORTGAGE,32.4,8,0,0.061,4229.0,36,6.94,medical,0.023,0.025,0
26,31739.0,8.8,RENT,0.0,6,0,0.547,3536.0,24,8.01,debt_consolidation,0.056,0.06,0
52,47356.0,2.3,MORTGAGE,24.0,5,1,0.526,17667.0,48,11.59,other,0.093,0.117,0
32,32789.0,2.5,MORTGAGE,13.6,10,0,0.288,12868.0,36,8.69,other,0.131,0.149,0
44,126554.0,1.7,MORTGAGE,18.8,3,1,0.231,29836.0,36,8.0,credit_card,0.079,0.089,0
34,146342.0,3.4,MORTGAGE,15.4,6,0,0.487,16878.0,48,11.03,debt_consolidation,0.029,0.036,0
42,74993.0,3.7,MORTGAGE,22.8,5,0,0.388,30177.0,60,11.33,debt_consolidation,0.08,0.106,0
51,83219.0,4.5,RENT,31.7,7,0,0.619,16643.0,24,7.36,debt_consolidation,0.1,0.108,0
25,61419.0,20.6,RENT,6.0,5,1,0.581,26904.0,36,9.84,medical,0.146,0.169,0
32,65058.0,14.1,RENT,8.2,5,1,0.417,18231.0,48,8.85,home_improvement,0.07,0.083,0
42,24374.0,5.6,RENT,22.8,1,0,0.476,17162.0,36,5.86,credit_card,0.235,0.257,0
69,52210.0,0.2,OWN,45.9,9,0,0.306,18479.0,12,8.33,debt_consolidation,0.354,0.37,0
30,34871.0,5.7,MORTGAGE,0.0,7,1,0.14,19546.0,24,8.92,debt_consolidation,0.28,0.307,0
64,62360.0,0.6,MORTGAGE,40.5,3,0,0.329,9808.0,60,7.89,credit_card,0.031,0.038,0
64,52585.0,7.4,OWN,44.7,7,2,0.138,10330.0,60,11.49,debt_consolidation,0.039,0.052,0
39,143403.0,3.0,RENT,17.3,4,0,0.06,15989.0,36,8.28,debt_consolidation,0.037,0.042,1
36,85675.0,10.9,MORTGAGE,15.7,2,1,0.279,18937.0,36,13.22,debt_consolidation,0.074,0.09,0
32,62458.0,17.1,OWN,9.4,3,0,0.186,5532.0,60,11.84,debt_consolidation,0.018,0.024,0
39,47407.0,3.2,RENT,20.5,5,0,0.269,12813.0,48,9.78,home_improvement,0.068,0.082,0
23,125243.0,3.7,RENT,2.0,6,0,0.448,15249.0,48,11.73,credit_card,0.03,0.038,0
39,53371.0,5.4,OWN,16.5,5,0,0.346,10060.0,60,10.49,debt_consolidation,0.038,0.049,0
58,63949.0,1.3,MORTGAGE,35.7,6,0,0.236,19905.0,60,9.23,major_purchase,0.062,0.078,0
33,55333.0,15.7,MORTGAGE,5.1,6,0,0.493,5733.0,48,12.99,home_improvement,0.026,0.033,0
37,44264.0,3.4,MORTGAGE,18.8,8,0,0.042,25602.0,60,7.13,debt_consolidation,0.116,0.138,1
20,55174.0,1.1,MORTGAGE,0.7,6,0,0.12,35015.0,36,12.12,medical,0.212,0.253,0
44,20313.0,8.6,MORTGAGE,24.1,3,0,0.081,10327.0,60,6.6,home_improvement,0.102,0.12,1
43,24988.0,1.5,MORTGAGE,23.9,4,1,0.459,9566.0,24,9.78,medical,0.191,0.212,0
41,64525.0,0.9,MORTGAGE,21.9,6,0,0.077,6737.0,48,9.59,credit_card,0.026,0.032,0
37,118670.0,5.0,RENT,18.4,5,0,0.101,13477.0,12,5.31,debt_consolidation,0.114,0.117,0
36,64480.0,6.7,RENT,13.0,5,0,0.509,6527.0,48,9.0,debt_consolidation,0.025,0.03,0
46,37791.0,5.1,RENT,20.8,6,0,0.502,3481.0,36,9.43,major_purchase,0.031,0.035,0
40,26333.0,6.4,RENT,21.7,5,1,0.136,7025.0,36,9.28,other,0.089,0.102,0
44,80199.0,0.7,MORTGAGE,25.5,5,1,0.11,22549.0,24,10.71,debt_consolidation,0.141,0.157,0
43,40799.0,3.9,MORTGAGE,24.2,6,0,0.065,9723.0,36,10.12,debt_consolidation,0.079,0.092,0
53,74729.0,2.6,OWN,32.9,9,0,0.317,11804.0,24,12.3,debt_consolidation,0.079,0.089,0
48,65837.0,21.8,RENT,25.3,1,0,0.047,7510.0,48,5.26,debt_consolidation,0.029,0.032,0
42,68813.0,0.3,MORTGAGE,23.8,6,0,0.383,24989.0,48,9.79,home_improvement,0.091,0.11,1
58,55094.0,2.1,MORTGAGE,37.0,8,1,0.182,7530.0,48,13.79,credit_card,0.034,0.045,0
45,65632.0,17.1,OWN,26.5,2,0,0.195,8174.0,24,8.61,home_improvement,0.062,0.068,0
56,51035.0,24.6,RENT,27.3,5,1,0.11,20837.0,24,8.41,credit_card,0.204,0.222,0
47,39433.0,10.5,MORTGAGE,22.1,4,1,0.573,2705.0,24,9.43,credit_card,0.034,0.038,0
18,33465.0,0.5,MORTGAGE,0.0,7,0,0.123,5846.0,36,8.53,medical,0.058,0.066,0
56,16440.0,4.9,MORTGAGE,37.7,3,0,0.373,22688.0,36,6.12,debt_consolidation,0.46,0.505,1
42,49486.0,3.1,MORTGAGE,22.0,5,0,0.448,9646.0,24,7.27,medical,0.097,0.105,0
39,115808.0,9.9,OWN,20.5,6,1,0.255,6608.0,48,10.41,medical,0.014,0.018,0
43,78045.0,0.3,RENT,22.2,5,0,0.312,10772.0,24,7.03,debt_consolidation,0.069,0.074,0
36,60709.0,1.3,MORTGAGE,17.2,5,1,0.377,11750.0,12,14.05,home_improvement,0.194,0.209,0
43,37534.0,4.0,MORTGAGE,20.6,1,0,0.173,22577.0,24,10.1,home_improvement,0.301,0.333,0
33,89203.0,1.0,RENT,11.9,1,0,0.106,8743.0,36,11.12,medical,0.033,0.039,0
55,51039.0,7.1,RENT,34.5,3,2,0.213,7246.0,12,11.37,major_purchase,0.142,0.151,0
39,119070.0,10.3,MORTGAGE,15.8,2,2,0.248,27748.0,36,11.54,other,0.078,0.092,0
35,33172.0,7.3,OWN,14.9,6,0,0.484,20317.0,36,11.88,debt_consolidation,0.204,0.244,0
29,37235.0,3.5,OWN,10.1,4,0,0.282,11881.0,48,11.97,home_improvement,0.08,0.101,0
43,35467.0,12.6,MORTGAGE,22.1,4,0,0.236,12526.0,36,10.97,small_business,0.118,0.139,0
42,25821.0,0.9,RENT,14.6,5,0,0.367,25640.0,36,10.03,credit_card,0.331,0.385,0
45,33910.0,1.8,RENT,24.2,2,0,0.207,8409.0,12,10.53,debt_consolidation,0.248,0.262,0
28,57046.0,4.0,MORTGAGE,7.0,7,0,0.46,15610.0,48,6.29,small_business,0.068,0.078,0
21,37945.0,0.4,OWN,0.0,5,1,0.201,14278.0,36,9.95,home_improvement,0.125,0.146,0
48,15000.0,0.6,MORTGAGE,27.8,5,0,0.129,4427.0,36,7.47,home_improvement,0.098,0.11,0
58,92701.0,3.0,RENT,23.2,3,0,0.284,2487.0,36,10.63,small_business,0.009,0.01,0
28,23341.0,17.3,MORTGAGE,9.5,9,0,0.035,6829.0,36,7.38,debt_consolidation,0.098,0.109,0
59,72738.0,14.3,RENT,38.7,2,0,0.226,8535.0,48,9.8,other,0.029,0.036,0
43,55029.0,3.8,MORTGAGE,24.3,5,0,0.649,17080.0,60,13.59,small_business,0.062,0.086,0
40,156168.0,0.9,OWN,20.2,8,0,0.152,7238.0,60,9.35,credit_card,0.009,0.012,0
35,89186.0,1.2,MORTGAGE,16.4,8,2,0.43,8691.0,36,10.16,home_improvement,0.032,0.038,1
23,42096.0,2.8,OWN,4.2,4,0,0.352,4050.0,48,10.81,debt_consolidation,0.024,0.03,0
52,38138.0,1.4,MORTGAGE,33.3,10,1,0.517,10949.0,36,9.76,debt_consolidation,0.096,0.111,0
31,114848.0,0.5,RENT,11.8,3,0,0.128,7663.0,48,9.66,major_purchase,0.017,0.02,0
31,25902.0,6.7,MORTGAGE,12.6,2,1,0.026,5688.0,24,10.6,medical,0.11,0.122,0
52,59602.0,5.2,RENT,29.0,5,1,0.055,12825.0,12,7.77,home_improvement,0.215,0.224,1
18,50738.0,2.1,RENT,0.0,12,0,0.289,7475.0,60,9.29,credit_card,0.029,0.037,0
22,45633.0,9.1,RENT,2.4,5,1,0.108,8571.0,60,8.76,small_business,0.038,0.047,1
40,64651.0,9.0,MORTGAGE,22.0,3,2,0.371,12177.0,36,8.1,debt_consolidation,0.063,0.071,0
44,59562.0,4.1,RENT,25.7,9,1,0.152,36736.0,24,11.48,other,0.308,0.347,0
46,68098.0,0.6,RENT,21.2,8,0,0.27,19243.0,48,6.99,credit_card,0.071,0.081,0
36,58075.0,15.0,MORTGAGE,12.6,8,1,0.162,26357.0,48,7.29,small_business,0.113,0.131,0
70,66759.0,6.6,RENT,46.5,2,1,0.279,3945.0,60,10.04,medical,0.012,0.015,0
37,56765.0,1.7,OWN,17.4,4,0,0.089,9889.0,36,9.92,credit_card,0.058,0.067,0
37,38960.0,5.7,RENT,18.5,5,1,0.287,4248.0,60,9.63,small_business,0.022,0.028,0
30,54285.0,3.1,OWN,11.7,7,1,0.358,7038.0,36,12.27,credit_card,0.043,0.052,0
41,37904.0,6.1,OWN,20.2,2,0,0.659,3450.0,24,11.27,debt_consolidation,0.046,0.051,1
47,36674.0,3.9,RENT,23.7,1,0,0.302,3671.0,36,12.68,small_business,0.033,0.04,1
54,45795.0,4.0,OWN,29.1,2,0,0.371,17082.0,36,7.69,debt_consolidation,0.124,0.14,0
22,51036.0,8.0,RENT,3.0,5,0,0.174,17294.0,36,6.18,debt_consolidation,0.113,0.124,0
37,55139.0,5.7,RENT,17.8,8,0,0.245,28075.0,48,9.09,credit_card,0.127,0.152,0
45,85664.0,0.5,MORTGAGE,26.7,5,0,0.391,12284.0,48,8.77,credit_card,0.036,0.043,0
47,42225.0,0.4,MORTGAGE,24.5,5,0,0.285,20034.0,36,9.76,debt_consolidation,0.158,0.183,0
40,59780.0,2.2,RENT,21.0,3,0,0.201,19010.0,48,11.18,debt_consolidation,0.079,0.099,0
47,57470.0,3.4,RENT,27.0,4,2,0.146,5011.0,48,7.24,debt_consolidation,0.022,0.025,0
30,39962.0,1.9,RENT,4.1,6,1,0.498,14003.0,48,13.12,credit_card,0.088,0.113,1
59,56211.0,6.3,RENT,36.8,5,0,0.215,11589.0,36,10.08,debt_consolidation,0.069,0.08,0
52,89443.0,1.3,RENT,33.8,5,0,0.407,13132.0,60,7.11,debt_consolidation,0.029,0.035,0
24,59472.0,7.3,RENT,6.0,6,0,0.2,25779.0,36,10.27,home_improvement,0.144,0.168,0
27,60675.0,8.9,MORTGAGE,4.4,4,1,0.119,10858.0,24,8.81,credit_card,0.089,0.098,0
27,38076.0,0.8,MORTGAGE,6.6,6,0,0.03,3524.0,48,7.96,medical,0.023,0.027,0
48,144991.0,6.3,MORTGAGE,26.2,2,0,0.13,2586.0,48,10.11,debt_consolidation,0.004,0.005,0
25,39176.0,19.5,MORTGAGE,6.5,3,0,0.28,10683.0,60,11.1,debt_consolidation,0.055,0.071,0
36,23532.0,1.3,MORTGAGE,11.8,3,1,0.123,7364.0,24,6.44,credit_card,0.156,0.167,1
45,83291.0,14.4,RENT,22.5,7,0,0.308,4821.0,24,10.57,major_purchase,0.029,0.032,0
39,51154.0,5.6,OWN,14.4,3,1,0.128,6468.0,48,6.78,debt_consolidation,0.032,0.036,0
43,46559.0,5.4,MORTGAGE,23.7,3,0,0.045,18832.0,48,4.99,debt_consolidation,0.101,0.112,0
27,41242.0,0.3,OWN,8.0,6,0,0.193,13047.0,36,11.07,debt_consolidation,0.105,0.124,0
47,138117.0,8.3,RENT,28.5,6,1,0.305,11099.0,36,8.97,home_improvement,0.027,0.031,0
33,64686.0,3.9,MORTGAGE,7.0,4,1,0.283,11996.0,12,5.16,debt_consolidation,0.185,0.191,0
36,71316.0,7.7,RENT,17.4,1,2,0.384,12435.0,36,10.81,small_business,0.058,0.068,0
43,58765.0,9.9,OWN,24.6,3,0,0.264,19226.0,48,9.31,debt_consolidation,0.082,0.098,0
41,62008.0,4.5,OWN,22.4,7,0,0.28,10202.0,48,7.92,debt_consolidation,0.041,0.048,0
40,109023.0,1.8,RENT,17.6,4,0,0.446,4044.0,36,7.67,small_business,0.012,0.014,0
31,47790.0,0.9,RENT,6.4,5,0,0.585,12982.0,48,7.68,other,0.068,0.079,0
36,26148.0,1.0,MORTGAGE,13.0,7,0,0.29,13740.0,36,7.1,debt_consolidation,0.175,0.195,0
40,83619.0,12.1,OWN,19.5,9,0,0.054,13758.0,48,8.5,major_purchase,0.041,0.049,0
23,69449.0,0.8,RENT,0.0,11,0,0.624,18687.0,48,8.9,credit_card,0.067,0.08,0
34,57182.0,2.9,MORTGAGE,15.8,4,0,0.238,6988.0,36,9.4,home_improvement,0.041,0.047,0
45,68554.0,2.4,MORTGAGE,20.9,4,0,0.066,16201.0,36,7.94,home_improvement,0.079,0.089,0
25,45009.0,12.0,RENT,5.3,8,0,0.027,29278.0,36,10.93,other,0.217,0.255,0
54,54740.0,3.9,OWN,34.2,5,0,0.454,8579.0,36,9.52,major_purchase,0.052,0.06,0
55,50724.0,33.8,OWN,36.6,11,0,0.504,12292.0,24,11.92,credit_card,0.121,0.137,0
25,40306.0,8.0,MORTGAGE,6.9,5,1,0.08,10168.0,48,7.74,major_purchase,0.063,0.074,0
56,98183.0,11.4,RENT,36.9,4,0,0.298,5409.0,36,10.28,credit_card,0.018,0.021,0
38,26739.0,0.6,MORTGAGE,19.4,5,0,0.48,22301.0,24,9.23,debt_consolidation,0.417,0.458,0
45,176388.0,1.8,MORTGAGE,25.0,4,0,0.419,10234.0,12,6.93,debt_consolidation,0.058,0.06,0
34,84009.0,0.9,RENT,15.5,6,0,0.407,8135.0,36,9.95,debt_consolidation,0.032,0.037,0
51,22270.0,3.7,MORTGAGE,32.6,3,0,0.281,16939.0,48,9.88,credit_card,0.19,0.231,0
45,48432.0,7.6,MORTGAGE,20.7,5,1,0.189,22128.0,24,9.62,debt_consolidation,0.228,0.252,0
30,49798.0,1.1,MORTGAGE,4.4,6,0,0.335,8039.0,36,10.03,major_purchase,0.054,0.063,0
26,65903.0,0.8,RENT,0.0,4,0,0.255,10014.0,36,12.02,debt_consolidation,0.051,0.061,0
22,33035.0,5.7,OWN,0.6,3,0,0.105,6705.0,48,7.53,major_purchase,0.051,0.059,0
42,55051.0,1.6,RENT,19.6,5,1,0.338,8069.0,12,11.68,home_improvement,0.147,0.156,0
47,50993.0,3.9,RENT,23.6,5,0,0.082,6393.0,36,8.2,credit_card,0.042,0.047,0
48,37466.0,0.3,MORTGAGE,26.8,2,1,0.469,6644.0,48,7.22,medical,0.044,0.051,1
39,34948.0,6.8,RENT,19.8,4,0,0.182,9330.0,48,9.21,debt_consolidation,0.067,0.08,0
26,85768.0,4.7,RENT,7.5,7,2,0.135,14500.0,36,7.17,debt_consolidation,0.056,0.063,0
32,23195.0,6.3,RENT,13.2,5,1,0.363,17878.0,36,8.0,debt_consolidation,0.257,0.29,0
54,68799.0,1.9,MORTGAGE,30.5,0,0,0.407,6449.0,36,5.76,credit_card,0.031,0.034,0
34,80721.0,2.0,RENT,12.4,5,0,0.363,13892.0,60,7.64,major_purchase,0.034,0.042,0
42,48568.0,9.7,MORTGAGE,22.2,2,0,0.305,31889.0,60,9.14,other,0.131,0.164,1
27,55614.0,7.6,MORTGAGE,8.9,5,1,0.314,10733.0,60,7.86,debt_consolidation,0.039,0.047,0
44,96930.0,5.2,OWN,25.1,4,0,0.123,8823.0,60,10.03,small_business,0.018,0.023,0
35,38085.0,5.9,OWN,13.1,8,0,0.46,11142.0,48,11.13,debt_consolidation,0.073,0.091,0
53,40102.0,0.6,MORTGAGE,32.8,9,2,0.402,14416.0,36,8.72,small_business,0.12,0.137,0
49,42288.0,11.6,OWN,29.3,5,1,0.476,14494.0,36,7.05,debt_consolidation,0.114,0.127,0
34,97019.0,8.8,RENT,14.9,5,0,0.163,14939.0,36,10.56,other,0.051,0.06,0
38,103378.0,5.4,RENT,17.2,6,0,0.553,24743.0,48,7.3,credit_card,0.06,0.069,0
33,26959.0,15.0,MORTGAGE,4.8,2,0,0.532,9526.0,36,8.56,home_improvement,0.118,0.134,0
23,89601.0,1.1,OWN,0.0,8,0,0.104,17711.0,60,7.71,small_business,0.04,0.048,0
30,81589.0,7.0,MORTGAGE,11.9,4,2,0.035,12980.0,12,9.12,small_business,0.159,0.167,0
42,117806.0,19.8,RENT,22.0,7,0,0.246,14812.0,12,9.39,debt_consolidation,0.126,0.132,0
44,65680.0,2.2,MORTGAGE,24.8,3,1,0.427,11392.0,12,7.13,debt_consolidation,0.173,0.18,0
42,52991.0,0.1,MORTGAGE,21.9,5,0,0.168,11080.0,36,9.37,medical,0.07,0.08,0
36,96048.0,8.0,RENT,15.2,4,0,0.046,14949.0,24,8.15,credit_card,0.078,0.085,0
51,76838.0,0.0,MORTGAGE,32.3,4,0,0.052,4038.0,36,10.2,debt_consolidation,0.018,0.02,0
41,166450.0,12.4,MORTGAGE,18.4,5,0,0.108,19419.0,24,9.5,credit_card,0.058,0.064,0
48,87496.0,0.3,RENT,28.1,6,1,0.24,6568.0,12,9.44,home_improvement,0.075,0.079,0
19,58500.0,6.3,RENT,0.0,6,0,0.132,5667.0,12,8.97,debt_consolidation,0.097,0.102,0
18,30120.0,2.8,MORTGAGE,0.0,3,0,0.233,4748.0,48,8.75,small_business,0.039,0.047,0
43,40520.0,1.4,OWN,24.4,1,0,0.098,15053.0,36,10.56,debt_consolidation,0.124,0.145,0
23,26424.0,13.7,MORTGAGE,1.5,8,0,0.154,10874.0,48,8.76,debt_consolidation,0.103,0.122,0
37,48653.0,8.2,RENT,15.4,8,0,0.12,16819.0,24,5.02,debt_consolidation,0.173,0.182,0
36,86080.0,2.5,RENT,15.4,12,0,0.009,58218.0,48,6.53,medical,0.169,0.193,1
59,54077.0,2.0,RENT,30.3,5,0,0.408,5455.0,48,8.79,major_purchase,0.025,0.03,0
45,90297.0,8.0,MORTGAGE,25.4,1,0,0.086,16667.0,12,9.4,major_purchase,0.185,0.194,0
42,64138.0,10.9,RENT,22.4,2,0,0.143,13417.0,60,7.06,home_improvement,0.042,0.05,0
50,44287.0,7.5,RENT,24.8,5,0,0.292,25563.0,36,9.81,small_business,0.192,0.223,0
44,56603.0,6.1,MORTGAGE,23.7,6,1,0.243,4597.0,48,8.43,other,0.02,0.024,0
35,68600.0,1.6,RENT,15.7,3,0,0.509,3406.0,48,10.24,major_purchase,0.012,0.015,1
53,58082.0,11.5,MORTGAGE,31.2,3,0,0.146,8595.0,36,4.47,home_improvement,0.049,0.053,0
27,58416.0,8.3,RENT,6.1,8,0,0.159,9894.0,12,9.63,home_improvement,0.169,0.178,0
44,36882.0,4.4,RENT,24.9,8,0,0.221,6233.0,24,4.11,debt_consolidation,0.084,0.088,0
21,43631.0,4.3,MORTGAGE,1.9,5,3,0.246,7725.0,36,12.23,small_business,0.059,0.071,1
42,167582.0,5.1,MORTGAGE,22.5,7,1,0.356,12790.0,36,9.18,small_business,0.025,0.029,0
42,100131.0,10.6,MORTGAGE,23.8,6,1,0.215,14716.0,24,7.83,other,0.073,0.08,0
60,25928.0,8.1,MORTGAGE,33.4,9,0,0.496,8775.0,36,9.45,major_purchase,0.113,0.13,0
21,16589.0,11.6,MORTGAGE,2.4,3,0,0.104,11458.0,36,8.0,major_purchase,0.23,0.26,0
33,56280.0,4.2,OWN,14.4,3,0,0.489,8282.0,48,8.51,debt_consolidation,0.037,0.044,0
50,84689.0,5.9,RENT,28.9,4,0,0.161,17080.0,24,7.76,debt_consolidation,0.101,0.109,0
44,41774.0,11.6,MORTGAGE,22.1,3,0,0.216,6330.0,48,4.0,small_business,0.038,0.041,0
42,90294.0,1.6,RENT,20.0,3,2,0.407,7826.0,48,6.84,major_purchase,0.022,0.025,0
29,55817.0,3.5,RENT,9.6,7,0,0.395,21552.0,12,8.03,medical,0.386,0.403,0
33,49935.0,5.8,RENT,8.8,8,0,0.165,5207.0,12,11.89,debt_consolidation,0.104,0.111,0
55,79068.0,14.8,MORTGAGE,34.6,5,0,0.254,11012.0,36,7.0,debt_consolidation,0.046,0.052,0
39,41525.0,0.1,MORTGAGE,19.3,7,1,0.279,14741.0,24,9.14,small_business,0.177,0.195,0
45,46941.0,1.4,RENT,22.0,4,0,0.175,28394.0,36,6.89,debt_consolidation,0.202,0.224,0
39,75742.0,1.6,MORTGAGE,20.2,6,0,0.23,8728.0,36,7.05,debt_consolidation,0.038,0.043,0
26,53333.0,2.4,RENT,2.1,2,2,0.485,3872.0,12,10.31,debt_consolidation,0.073,0.077,0
51,140700.0,2.0,RENT,30.7,4,0,0.331,10120.0,36,11.02,major_purchase,0.024,0.028,0
46,76643.0,5.4,RENT,21.1,4,1,0.638,11724.0,48,9.03,debt_consolidation,0.038,0.046,0
68,74192.0,13.0,OWN,49.3,8,0,0.147,12516.0,24,5.12,major_purchase,0.084,0.089,0
28,52852.0,6.1,MORTGAGE,1.8,4,0,0.567,10307.0,48,10.95,other,0.049,0.06,0
50,83900.0,1.7,RENT,28.5,3,0,0.072,5755.0,48,8.12,major_purchase,0.017,0.02,0
24,46106.0,12.0,MORTGAGE,3.1,6,0,0.039,2834.0,24,8.91,medical,0.031,0.034,0
42,62392.0,6.0,MORTGAGE,22.4,3,0,0.396,2763.0,60,10.88,credit_card,0.009,0.012,0
52,34264.0,1.5,RENT,24.6,5,3,0.455,5057.0,36,9.01,other,0.049,0.056,0
18,91101.0,2.7,RENT,0.0,6,1,0.252,8977.0,12,7.12,major_purchase,0.099,0.102,0
38,62649.0,9.4,RENT,17.9,4,1,0.154,6820.0,36,8.96,debt_consolidation,0.036,0.042,0
33,145985.0,8.1,MORTGAGE,10.4,6,1,0.563,27020.0,36,6.71,debt_consolidation,0.062,0.068,0
32,179181.0,5.2,RENT,13.0,8,0,0.475,23065.0,24,13.57,credit_card,0.064,0.074,0
45,79353.0,0.9,MORTGAGE,26.0,4,1,0.177,5626.0,36,9.14,credit_card,0.024,0.027,0
53,56062.0,9.8,MORTGAGE,30.5,2,0,0.491,6192.0,48,13.1,home_improvement,0.028,0.036,1
38,33758.0,2.2,MORTGAGE,19.6,5,0,0.336,8411.0,24,5.04,major_purchase,0.125,0.131,0
42,85167.0,8.9,MORTGAGE,18.8,10,0,0.333,3613.0,36,7.32,debt_consolidation,0.014,0.016,0
41,60183.0,6.3,MORTGAGE,20.1,7,0,0.367,23411.0,36,9.37,debt_consolidation,0.13,0.149,0
40,70899.0,1.8,RENT,19.7,2,2,0.193,11330.0,12,8.15,debt_consolidation,0.16,0.167,1
27,128656.0,1.4,OWN,8.2,1,0,0.456,8880.0,60,9.86,credit_card,0.014,0.018,0
53,35875.0,0.8,MORTGAGE,30.4,5,0,0.147,11538.0,36,8.12,other,0.107,0.121,0
44,34127.0,1.7,RENT,21.1,3,2,0.508,24027.0,36,11.36,debt_consolidation,0.235,0.278,0
45,48136.0,1.0,RENT,25.0,8,0,0.3,4832.0,24,6.72,debt_consolidation,0.05,0.054,0
30,81683.0,5.8,MORTGAGE,10.5,7,0,0.191,9018.0,12,8.92,debt_consolidation,0.11,0.116,0
34,71499.0,5.5,RENT,15.2,2,0,0.494,16015.0,36,9.74,credit_card,0.075,0.086,0
38,34619.0,5.3,MORTGAGE,15.8,6,0,0.611,10485.0,48,10.39,other,0.076,0.093,0
22,79085.0,6.2,RENT,0.9,4,0,0.156,6655.0,36,10.3,debt_consolidation,0.028,0.033,1
20,29715.0,10.1,MORTGAGE,1.3,1,1,0.487,4931.0,36,9.08,debt_consolidation,0.055,0.063,0
33,35637.0,14.7,RENT,10.3,7,0,0.451,9901.0,48,7.97,credit_card,0.069,0.081,0
46,51137.0,1.6,RENT,21.6,6,1,0.461,19464.0,36,7.84,medical,0.127,0.143,0
32,41080.0,5.3,OWN,13.8,5,1,0.121,13771.0,24,5.17,debt_consolidation,0.168,0.177,0
28,84536.0,0.5,RENT,5.6,3,0,0.219,18098.0,12,9.77,debt_consolidation,0.214,0.226,0
30,62517.0,0.8,RENT,6.3,6,1,0.597,27479.0,48,5.29,debt_consolidation,0.11,0.122,0
35,130977.0,6.4,RENT,2.7,4,0,0.285,6152.0,60,9.55,debt_consolidation,0.009,0.012,1
36,47878.0,4.0,RENT,17.2,8,0,0.387,12121.0,36,8.6,debt_consolidation,0.084,0.096,0
66,50965.0,8.5,RENT,46.6,11,0,0.385,6820.0,36,8.61,other,0.045,0.051,0
53,99230.0,3.3,MORTGAGE,24.8,7,0,0.125,10563.0,60,7.72,small_business,0.021,0.026,0
52,51769.0,0.8,MORTGAGE,33.7,7,0,0.308,18228.0,24,7.58,major_purchase,0.176,0.19,0
54,114348.0,12.3,MORTGAGE,33.8,7,0,0.182,7145.0,48,7.91,major_purchase,0.016,0.018,0
28,70999.0,0.5,OWN,7.9,5,1,0.217,12060.0,12,10.15,medical,0.17,0.179,0
25,16707.0,1.3,RENT,4.2,9,2,0.522,4522.0,24,5.79,debt_consolidation,0.135,0.144,1
27,97615.0,1.9,RENT,7.8,2,1,0.008,6541.0,24,8.84,debt_consolidation,0.034,0.037,0
56,85508.0,32.1,MORTGAGE,30.2,8,1,0.066,19198.0,36,9.88,major_purchase,0.075,0.087,0
33,87174.0,3.2,RENT,14.1,4,0,0.058,13047.0,36,4.71,small_business,0.05,0.054,0
25,20838.0,4.2,RENT,3.9,8,0,0.53,4100.0,36,6.72,small_business,0.066,0.073,0
35,38890.0,8.8,RENT,14.9,6,0,0.3,12833.0,36,6.44,other,0.11,0.121,0
37,40362.0,6.1,RENT,18.1,6,0,0.039,7665.0,24,7.21,home_improvement,0.095,0.102,1
43,35576.0,11.0,MORTGAGE,24.4,4,1,0.319,4046.0,36,7.45,debt_consolidation,0.038,0.042,0
43,129439.0,4.0,MORTGAGE,15.6,5,0,0.052,6043.0,24,7.56,debt_consolidation,0.023,0.025,0
30,53859.0,21.5,MORTGAGE,9.5,2,0,0.285,7404.0,60,6.62,home_improvement,0.027,0.032,0
48,53195.0,9.6,MORTGAGE,27.2,4,0,0.457,18184.0,36,7.4,major_purchase,0.114,0.127,0
32,71397.0,3.1,RENT,9.4,7,1,0.374,11078.0,48,8.86,home_improvement,0.039,0.046,0
38,72017.0,2.9,RENT,19.7,1,1,0.584,6632.0,36,8.75,major_purchase,0.031,0.035,0
48,15000.0,15.9,MORTGAGE,26.2,4,0,0.691,3996.0,24,7.24,debt_consolidation,0.133,0.143,0
32,39215.0,6.9,MORTGAGE,13.5,5,0,0.152,41745.0,60,10.22,credit_card,0.213,0.273,0
33,26732.0,5.8,MORTGAGE,11.0,3,2,0.037,8378.0,12,11.35,credit_card,0.313,0.333,0
47,66181.0,8.5,RENT,28.5,7,0,0.598,14810.0,36,9.52,credit_card,0.075,0.086,0
30,46890.0,4.9,RENT,6.6,4,1,0.089,3795.0,24,9.16,home_improvement,0.04,0.044,0
35,54595.0,1.0,MORTGAGE,13.6,4,0,0.563,5473.0,24,7.02,major_purchase,0.05,0.054,0
47,19163.0,2.3,MORTGAGE,27.5,3,0,0.396,6976.0,24,7.33,debt_consolidation,0.182,0.196,0
65,46401.0,4.9,MORTGAGE,45.7,11,0,0.859,10737.0,36,5.75,major_purchase,0.077,0.084,0
47,94614.0,0.1,MORTGAGE,28.5,5,0,0.109,7120.0,60,6.29,medical,0.015,0.018,0
46,109614.0,3.5,RENT,21.0,6,0,0.102,25815.0,36,14.52,medical,0.079,0.097,0
46,77608.0,8.5,RENT,27.6,1,0,0.447,21465.0,36,9.13,home_improvement,0.092,0.106,0
27,27785.0,1.1,MORTGAGE,7.1,9,0,0.644,13571.0,48,10.66,home_improvement,0.122,0.151,1
41,101692.0,0.4,MORTGAGE,22.2,5,1,0.043,8525.0,12,10.18,home_improvement,0.084,0.089,0
40,77808.0,10.8,MORTGAGE,5.2,5,0,0.077,7095.0,48,12.76,credit_card,0.023,0.029,0
44,51093.0,5.8,OWN,23.4,6,1,0.21,27737.0,36,6.36,debt_consolidation,0.181,0.199,0
41,19682.0,1.2,OWN,22.5,6,0,0.189,5776.0,48,8.14,debt_consolidation,0.073,0.086,0
45,87273.0,9.8,OWN,23.7,5,0,0.749,9162.0,48,9.48,debt_consolidation,0.026,0.032,0
36,40292.0,6.4,RENT,3.7,7,0,0.622,3769.0,12,7.87,debt_consolidation,0.094,0.098,1
41,64414.0,2.4,MORTGAGE,20.2,3,0,0.153,9305.0,48,8.19,major_purchase,0.036,0.042,1
25,56061.0,2.8,RENT,5.2,7,1,0.053,23590.0,12,9.18,credit_card,0.421,0.442,0
36,116914.0,1.0,RENT,17.0,7,0,0.305,6740.0,48,9.18,debt_consolidation,0.014,0.017,0
57,50885.0,10.8,RENT,38.7,4,0,0.17,46747.0,48,12.2,home_improvement,0.23,0.291,0
44,53769.0,4.3,MORTGAGE,25.2,3,2,0.093,26193.0,48,8.11,debt_consolidation,0.122,0.143,0
40,119289.0,4.9,MORTGAGE,19.6,3,1,0.166,6305.0,36,11.83,home_improvement,0.018,0.021,0
63,38983.0,12.9,MORTGAGE,40.8,6,0,0.444,5070.0,24,10.58,debt_consolidation,0.065,0.072,0
24,81403.0,0.1,RENT,0.0,11,0,0.879,6780.0,48,10.31,debt_consolidation,0.021,0.026,0
27,49055.0,0.4,RENT,4.3,2,0,0.602,8672.0,60,9.97,other,0.035,0.045,1
61,32818.0,1.1,RENT,42.6,3,0,0.488,5433.0,60,9.1,debt_consolidation,0.033,0.041,0
41,54208.0,0.2,MORTGAGE,18.5,8,0,0.555,33838.0,24,9.62,debt_consolidation,0.312,0.344,1
37,76562.0,6.4,MORTGAGE,16.4,5,0,0.267,13758.0,36,8.73,medical,0.06,0.068,0
26,106602.0,6.0,OWN,6.1,4,0,0.045,11892.0,48,5.1,small_business,0.028,0.031,0
45,113249.0,1.4,RENT,24.4,5,1,0.305,14675.0,24,10.5,debt_consolidation,0.065,0.072,1
47,46752.0,1.0,OWN,29.0,7,1,0.439,5138.0,36,9.44,debt_consolidation,0.037,0.042,0
27,33070.0,0.9,MORTGAGE,8.8,4,0,0.211,8441.0,36,8.01,other,0.085,0.096,0
38,46195.0,18.4,OWN,17.8,4,0,0.211,16345.0,12,11.36,small_business,0.354,0.376,0
36,30008.0,7.1,RENT,17.4,6,0,0.167,6469.0,36,10.83,other,0.072,0.084,0
43,48597.0,5.3,MORTGAGE,22.6,9,1,0.4,16274.0,60,7.93,medical,0.067,0.081,0
27,45669.0,2.3,MORTGAGE,7.7,9,0,0.699,15613.0,48,9.68,debt_consolidation,0.085,0.103,0
55,77944.0,3.4,MORTGAGE,29.9,2,0,0.142,16263.0,36,11.75,home_improvement,0.07,0.083,0
51,17980.0,0.6,RENT,24.0,5,0,0.093,14055.0,48,9.61,other,0.195,0.236,0
36,37541.0,37.8,RENT,6.3,6,0,0.137,11372.0,60,6.96,debt_consolidation,0.061,0.072,0
37,37693.0,8.4,RENT,12.1,7,0,0.188,10903.0,36,6.9,debt_consolidation,0.096,0.107,0
38,98082.0,5.8,MORTGAGE,7.2,7,1,0.248,15082.0,12,9.17,home_improvement,0.154,0.162,0
31,31041.0,5.3,MORTGAGE,9.3,1,1,0.479,20517.0,36,12.71,other,0.22,0.266,1
35,60678.0,4.2,MORTGAGE,7.3,5,1,0.066,4445.0,60,10.15,home_improvement,0.015,0.019,0
37,50814.0,1.8,RENT,15.9,5,1,0.117,20296.0,12,8.73,credit_card,0.399,0.419,0
59,91265.0,1.5,MORTGAGE,36.0,9,0,0.196,4891.0,36,11.39,credit_card,0.018,0.021,0
51,72978.0,4.8,RENT,32.6,3,0,0.196,15687.0,36,9.53,medical,0.072,0.083,0
51,57562.0,0.4,MORTGAGE,29.6,3,0,0.055,13827.0,24,9.01,credit_card,0.12,0.132,0
44,41055.0,0.5,MORTGAGE,18.0,5,0,0.335,11932.0,24,10.07,debt_consolidation,0.145,0.161,0
27,21457.0,4.9,RENT,6.7,2,1,0.434,5778.0,24,8.99,credit_card,0.135,0.148,1
40,61300.0,15.1,MORTGAGE,21.4,4,1,0.36,9279.0,48,9.08,credit_card,0.038,0.045,0
52,70632.0,14.7,OWN,31.8,6,0,0.444,19816.0,24,10.47,credit_card,0.14,0.156,0
25,24651.0,0.1,MORTGAGE,3.3,4,0,0.437,11869.0,36,10.17,debt_consolidation,0.16,0.187,1
48,29236.0,0.7,MORTGAGE,25.6,7,1,0.362,9540.0,36,7.32,home_improvement,0.109,0.121,0
68,61461.0,5.2,RENT,47.8,1,0,0.165,18327.0,12,8.39,credit_card,0.298,0.312,0
53,64188.0,11.3,OWN,34.3,1,0,0.524,12443.0,36,10.81,small_business,0.065,0.076,0
57,33014.0,18.5,MORTGAGE,31.2,1,0,0.238,10470.0,60,11.81,debt_consolidation,0.063,0.084,0
43,40659.0,11.8,MORTGAGE,20.5,4,0,0.339,9680.0,36,9.14,debt_consolidation,0.079,0.091,0
52,21628.0,6.8,RENT,33.1,4,1,0.588,6745.0,24,7.67,major_purchase,0.156,0.169,0
31,107865.0,1.3,OWN,8.0,2,0,0.092,8436.0,48,8.03,credit_card,0.02,0.023,0
50,28284.0,0.5,MORTGAGE,30.7,6,0,0.639,10504.0,24,8.36,debt_consolidation,0.186,0.202,0
48,71049.0,0.3,RENT,28.9,5,0,0.088,18676.0,36,7.96,major_purchase,0.088,0.099,0
43,53238.0,5.7,MORTGAGE,19.0,6,1,0.194,20330.0,60,7.86,medical,0.076,0.093,0
56,103238.0,0.2,RENT,31.8,5,0,0.157,5719.0,36,8.27,credit_card,0.018,0.021,0
34,36456.0,8.1,MORTGAGE,14.5,5,2,0.484,13407.0,12,8.22,credit_card,0.368,0.384,0
38,55861.0,7.5,MORTGAGE,20.0,4,0,0.227,13173.0,60,7.8,debt_consolidation,0.047,0.057,0
41,23174.0,0.5,OWN,22.4,5,1,0.537,5124.0,24,9.1,debt_consolidation,0.111,0.121,0
28,20552.0,14.2,MORTGAGE,2.8,4,0,0.362,9020.0,24,7.73,home_improvement,0.219,0.238,0
43,72997.0,4.4,MORTGAGE,18.1,6,1,0.288,31813.0,36,8.35,debt_consolidation,0.145,0.165,0
19,22192.0,14.1,MORTGAGE,0.0,6,2,0.078,9192.0,24,10.05,medical,0.207,0.229,0
53,48334.0,13.9,RENT,33.9,3,0,0.313,7087.0,36,9.29,debt_consolidation,0.049,0.056,0
41,89828.0,1.3,MORTGAGE,21.9,8,0,0.446,7899.0,36,9.52,debt_consolidation,0.029,0.034,0
34,78696.0,2.9,MORTGAGE,9.2,7,0,0.08,9095.0,24,12.11,other,0.058,0.065,0
30,38859.0,0.9,MORTGAGE,10.8,3,0,0.237,8658.0,24,8.67,other,0.111,0.122,0
37,24483.0,8.9,RENT,16.9,4,0,0.217,22011.0,36,9.54,debt_consolidation,0.3,0.346,0
48,69895.0,4.2,RENT,26.1,3,2,0.308,4070.0,36,9.21,medical,0.019,0.022,0
47,105993.0,15.9,MORTGAGE,28.3,5,1,0.284,9531.0,12,11.24,medical,0.09,0.095,0
32,38905.0,1.4,MORTGAGE,13.1,4,0,0.21,33041.0,48,6.4,other,0.212,0.241,1
30,36255.0,7.0,RENT,10.7,6,0,0.545,11044.0,36,7.2,debt_consolidation,0.102,0.113,1
48,41671.0,27.2,RENT,26.8,5,1,0.281,27072.0,36,10.29,debt_consolidation,0.217,0.253,0
31,72100.0,6.6,MORTGAGE,7.9,8,1,0.236,5798.0,12,11.25,debt_consolidation,0.08,0.085,0
41,100133.0,0.4,MORTGAGE,20.6,3,1,0.117,4280.0,48,9.71,medical,0.011,0.013,0
41,29150.0,5.3,MORTGAGE,22.6,2,1,0.236,33965.0,36,11.16,small_business,0.388,0.459,0
44,25613.0,1.2,RENT,24.2,5,1,0.42,14968.0,36,6.33,credit_card,0.195,0.214,0
50,174556.0,0.2,RENT,31.6,10,0,0.168,20723.0,48,6.25,medical,0.03,0.034,0
25,49580.0,2.4,MORTGAGE,6.7,8,0,0.218,7425.0,36,9.51,medical,0.05,0.058,0
18,61479.0,1.9,OWN,0.0,10,0,0.227,10381.0,48,10.27,credit_card,0.042,0.052,0
33,38332.0,9.3,MORTGAGE,5.6,7,1,0.136,23140.0,24,9.94,debt_consolidation,0.302,0.334,0
62,69216.0,2.8,MORTGAGE,38.5,7,1,0.482,5087.0,24,10.22,other,0.037,0.041,0
64,87556.0,7.9,RENT,41.5,6,0,0.413,13423.0,36,8.57,debt_consolidation,0.051,0.058,0
62,62938.0,0.1,MORTGAGE,40.1,7,1,0.081,24482.0,36,6.17,major_purchase,0.13,0.142,0
38,129370.0,0.1,MORTGAGE,13.2,9,0,0.304,8833.0,24,10.68,major_purchase,0.034,0.038,0
19,46011.0,0.2,RENT,0.0,8,1,0.175,21544.0,48,9.24,debt_consolidation,0.117,0.14,0
18,47504.0,1.5,MORTGAGE,0.0,3,0,0.601,7343.0,36,8.65,home_improvement,0.052,0.059,0
33,60822.0,2.8,RENT,13.6,5,0,0.11,16598.0,36,12.17,small_business,0.091,0.109,0
38,68356.0,5.6,MORTGAGE,19.7,6,0,0.493,7329.0,60,9.65,debt_consolidation,0.021,0.027,0
56,60717.0,25.6,RENT,36.1,6,0,0.578,3522.0,36,8.64,home_improvement,0.019,0.022,0
50,28504.0,2.6,MORTGAGE,24.2,6,0,0.104,24320.0,12,8.0,debt_consolidation,0.853,0.891,1
43,63339.0,0.3,RENT,22.4,5,0,0.115,15939.0,36,9.88,major_purchase,0.084,0.097,0
29,44932.0,1.3,MORTGAGE,10.4,3,0,0.499,16477.0,36,9.08,other,0.122,0.14,0
28,40518.0,13.7,MORTGAGE,6.9,7,0,0.239,17404.0,36,10.27,major_purchase,0.143,0.167,0
43,55063.0,7.2,MORTGAGE,23.1,7,0,0.193,17318.0,12,12.93,debt_consolidation,0.315,0.337,1
48,33498.0,9.4,RENT,22.0,3,0,0.253,12294.0,36,10.11,home_improvement,0.122,0.142,0
45,30709.0,0.8,MORTGAGE,26.5,5,0,0.619,9810.0,36,5.28,credit_card,0.106,0.115,0
28,15000.0,0.9,MORTGAGE,6.3,4,0,0.243,7326.0,60,6.73,debt_consolidation,0.098,0.115,0
48,129783.0,0.7,OWN,26.6,5,0,0.15,41427.0,48,8.88,home_improvement,0.08,0.095,0
45,71530.0,11.7,OWN,14.7,3,0,0.089,6808.0,36,12.24,home_improvement,0.032,0.038,0
27,51104.0,1.4,OWN,6.5,4,0,0.359,5912.0,36,5.28,debt_consolidation,0.039,0.042,0
31,38808.0,6.2,OWN,6.8,3,1,0.595,11406.0,12,11.03,debt_consolidation,0.294,0.312,0
48,15000.0,4.4,RENT,29.9,7,0,0.215,11619.0,36,12.46,small_business,0.258,0.311,0
37,37637.0,4.7,MORTGAGE,18.6,3,1,0.418,18397.0,36,11.0,small_business,0.163,0.192,0
59,77492.0,1.3,MORTGAGE,39.7,8,0,0.287,6340.0,48,9.47,debt_consolidation,0.02,0.025,0
46,86776.0,6.1,MORTGAGE,25.1,6,0,0.349,21577.0,48,8.72,credit_card,0.062,0.074,0
34,74693.0,0.3,MORTGAGE,14.2,4,0,0.166,6552.0,48,4.37,other,0.022,0.024,0
40,58641.0,30.2,OWN,21.3,10,1,0.6,2759.0,60,9.39,major_purchase,0.009,0.012,0
41,103978.0,0.2,RENT,20.3,3,1,0.272,26860.0,36,9.71,debt_consolidation,0.086,0.1,0
31,45969.0,0.3,MORTGAGE,10.5,6,2,0.189,7686.0,48,9.32,medical,0.042,0.05,0
29,93209.0,2.4,RENT,8.8,11,0,0.214,11506.0,36,5.03,debt_consolidation,0.041,0.044,0
48,44699.0,10.7,RENT,29.7,5,1,0.057,18716.0,12,10.05,credit_card,0.419,0.442,0
50,34872.0,1.8,RENT,24.1,8,0,0.38,16034.0,60,10.18,small_business,0.092,0.118,0
47,32766.0,3.8,RENT,26.3,3,1,0.061,4404.0,24,9.46,credit_card,0.067,0.074,0
58,31817.0,0.1,MORTGAGE,39.1,6,1,0.153,2939.0,24,9.28,credit_card,0.046,0.051,0
33,75322.0,0.5,OWN,11.5,4,2,0.117,9781.0,24,6.36,major_purchase,0.065,0.069,0
60,37370.0,5.6,RENT,40.9,4,1,0.112,42847.0,36,9.36,debt_consolidation,0.382,0.44,0
29,32321.0,1.3,MORTGAGE,8.9,3,0,0.23,6662.0,48,5.98,small_business,0.052,0.058,0
28,77410.0,7.1,OWN,8.7,2,0,0.268,8189.0,60,10.31,credit_card,0.021,0.027,0
19,63830.0,9.2,MORTGAGE,0.0,9,1,0.421,27977.0,36,10.2,credit_card,0.146,0.17,0
35,87667.0,11.4,RENT,1.7,6,0,0.208,11858.0,24,7.69,debt_consolidation,0.068,0.073,0
34,70003.0,0.9,MORTGAGE,15.5,4,0,0.351,27184.0,12,7.16,credit_card,0.388,0.404,0
46,37177.0,3.6,RENT,27.9,5,0,0.141,23745.0,12,7.47,other,0.639,0.665,1
43,56278.0,17.6,MORTGAGE,24.3,5,0,0.308,17436.0,36,8.87,credit_card,0.103,0.118,0
26,57674.0,8.9,MORTGAGE,5.3,5,1,0.363,8194.0,36,12.49,home_improvement,0.047,0.057,0
35,34215.0,0.7,RENT,16.4,3,0,0.412,6548.0,24,8.87,home_improvement,0.096,0.105,0
36,31185.0,4.2,MORTGAGE,13.0,5,0,0.138,8644.0,24,13.38,home_improvement,0.139,0.159,0
19,38547.0,15.3,RENT,0.0,4,2,0.079,4959.0,12,8.91,debt_consolidation,0.129,0.135,0
28,149985.0,3.5,RENT,7.2,2,2,0.544,7336.0,24,9.42,debt_consolidation,0.024,0.027,0
31,44074.0,10.9,RENT,11.2,6,0,0.388,5456.0,24,9.42,major_purchase,0.062,0.068,0
57,100351.0,4.1,OWN,32.0,6,0,0.177,12591.0,48,6.91,home_improvement,0.031,0.036,1
42,42859.0,0.7,RENT,23.9,3,0,0.116,12945.0,36,6.24,debt_consolidation,0.101,0.111,0
48,84493.0,1.0,RENT,26.1,8,1,0.147,8628.0,60,10.49,debt_consolidation,0.02,0.026,0
22,85071.0,0.3,MORTGAGE,0.8,4,1,0.519,13120.0,24,8.1,credit_card,0.077,0.084,0
54,87229.0,1.3,MORTGAGE,32.9,6,0,0.335,7300.0,60,9.25,home_improvement,0.017,0.021,0
56,65770.0,13.4,MORTGAGE,36.4,9,0,0.03,26676.0,36,7.73,debt_consolidation,0.135,0.152,0
18,107870.0,6.3,RENT,0.0,2,0,0.468,12293.0,36,9.46,debt_consolidation,0.038,0.044,0
32,65459.0,8.1,OWN,10.5,6,0,0.492,7278.0,36,7.74,medical,0.037,0.042,0
46,127614.0,5.8,RENT,22.7,5,0,0.166,5325.0,36,10.61,debt_consolidation,0.014,0.016,0
48,24102.0,2.9,OWN,29.7,6,1,0.301,15977.0,36,7.55,debt_consolidation,0.221,0.248,0
